timestamp,util_pct,mem_used_mib,power_w,temp_c
1786941790,0,433,114.24,34
1786941791,0,433,114.31,34
1786941793,0,433,114.33,34
1786941794,0,433,114.28,34
1786941795,0,433,114.41,34
1786941796,0,433,114.24,34
1786941797,0,822,114.21,34
1786941798,0,822,114.34,34
1786941799,0,822,114.31,34
1786941801,1,986,117.03,35
1786941805,51,988,136.80,35
1786941808,51,988,135.53,35
1786941810,51,1019,136.16,35
1786941812,54,1428,136.56,35
1786941814,54,2188,137.20,35
1786941815,51,2546,135.68,35
1786941816,50,2546,137.00,35
1786941818,86,3346,143.42,36
1786941819,100,3346,213.30,37
1786941820,100,3346,213.98,37
1786941821,100,3346,213.79,37
1786941822,100,3346,214.56,38
1786941823,100,3346,213.88,38
1786941824,100,3346,213.75,38
1786941825,100,3346,215.04,38
1786941826,100,3346,213.28,38
1786941827,100,3346,213.85,38
1786941828,100,3346,215.91,39
1786941829,100,3346,216.62,39
1786941831,100,3346,217.84,39
1786941832,100,3346,216.08,39
1786941833,100,3346,216.75,39
1786941834,100,3346,217.23,39
1786941835,100,3346,218.03,39
1786941836,100,3346,216.98,40
1786941837,100,3346,216.75,40
1786941838,100,3346,216.54,40
1786941839,100,3346,217.26,40
1786941840,100,3346,216.37,40
1786941841,100,3346,216.90,40
1786941843,100,3346,218.17,40
1786941844,100,3346,216.19,40
1786941845,100,3346,218.40,40
1786941846,100,3346,217.72,41
1786941847,100,3346,216.71,41
1786941848,100,3346,217.72,41
1786941849,100,3346,218.13,41
1786941850,100,3346,217.13,41
1786941851,100,3346,216.76,41
1786941852,100,3346,217.20,41
1786941853,100,3346,218.01,41
1786941855,100,3346,216.86,41
1786941856,100,3346,218.44,41
1786941857,100,3346,217.96,41
1786941858,100,3346,217.29,42
1786941859,100,3346,218.68,42
1786941860,100,3346,217.71,42
1786941861,100,3346,216.95,42
1786941862,100,3346,217.49,42
1786941863,100,3346,218.65,42
1786941864,100,3346,217.62,42
1786941865,100,3346,218.23,42
1786941866,100,3346,218.91,42
1786941868,100,3346,217.93,42
1786941869,100,3346,217.46,42
1786941870,100,3346,218.40,42
1786941871,100,3346,218.28,43
1786941872,100,3346,218.96,43
1786941873,100,3346,218.97,43
1786941874,100,3346,218.44,43
1786941875,100,3346,217.35,43
1786941876,100,3346,218.75,43
1786941877,100,3346,219.86,43
1786941878,100,3346,219.07,43
1786941879,100,3346,219.25,43
1786941881,100,3346,219.83,43
1786941882,100,3346,219.68,43
1786941883,100,3346,220.15,43
1786941884,100,3346,218.85,43
1786941885,100,3346,218.45,43
1786941886,100,3346,219.33,44
1786941887,100,3346,217.76,44
1786941888,100,3346,220.40,44
1786941889,100,3346,218.42,44
1786941890,100,3346,220.06,44
1786941891,100,3346,219.16,44
1786941892,100,3346,220.22,44
1786941894,100,3346,219.16,44
1786941895,100,3346,220.34,44
1786941896,100,3346,219.69,44
1786941897,100,3346,220.04,44
1786941898,100,3346,221.17,44
1786941899,100,3346,219.14,44
1786941900,100,3346,220.84,44
1786941901,100,3346,219.18,44
1786941902,100,3346,219.19,44
1786941903,100,3346,220.35,44
1786941904,100,3346,219.79,45
1786941906,100,3346,219.83,45
1786941907,100,3346,220.19,45
1786941908,100,3346,220.61,45
1786941909,100,3346,221.19,45
1786941910,100,3346,219.73,45
1786941911,100,3346,219.85,45
1786941912,100,3346,219.46,45
1786941913,100,3346,219.93,45
1786941914,100,3346,220.40,45
1786941915,100,3346,221.95,45
1786941916,100,3346,219.56,45
1786941917,100,3346,220.20,45
1786941919,100,3346,220.01,45
1786941920,100,3346,220.42,45
1786941921,100,3346,220.50,45
1786941922,100,3346,220.71,45
1786941923,100,3346,220.81,45
1786941924,100,3346,219.26,45
1786941925,100,3346,220.80,45
1786941926,100,3346,220.82,45
1786941927,100,3346,219.89,45
1786941928,100,3346,222.29,45
1786941929,100,3346,220.49,46
1786941931,100,3346,221.07,46
1786941932,100,3346,219.28,46
1786941933,100,3346,220.80,46
1786941934,100,3346,220.14,46
1786941935,100,3346,220.94,46
1786941936,100,3346,220.86,46
1786941937,100,3346,221.24,46
1786941938,100,3346,221.18,46
1786941939,100,3346,222.07,46
1786941940,100,3346,221.76,46
1786941941,100,3346,221.19,46
1786941942,100,3346,220.69,46
1786941944,100,3346,221.89,46
1786941945,100,3346,220.88,46
1786941946,100,3346,219.50,46
1786941947,100,3346,221.91,46
1786941948,100,3346,221.02,46
1786941949,100,3346,222.22,46
1786941950,100,3346,221.27,46
1786941951,100,3346,221.72,46
1786941952,100,3346,221.67,46
1786941953,100,3346,221.63,46
1786941954,100,3346,222.05,46
1786941956,100,3346,221.53,46
1786941957,100,3346,219.79,46
1786941958,100,3346,222.86,46
1786941959,100,3346,220.33,46
1786941960,100,3346,222.44,46
1786941961,100,3346,221.10,46
1786941962,100,3346,222.34,47
1786941963,100,3346,221.49,47
1786941964,100,3346,221.57,47
1786941965,100,3346,220.88,47
1786941966,100,3346,221.65,47
1786941968,100,3346,222.62,47
1786941969,100,3346,221.65,47
1786941970,100,3346,222.28,47
1786941971,100,3346,223.50,47
1786941972,100,3346,222.37,47
1786941973,100,3346,221.39,47
1786941974,100,3346,221.28,47
1786941975,100,3346,221.37,47
1786941976,100,3346,221.95,47
1786941977,100,3346,221.72,47
1786941978,100,3346,221.17,47
1786941979,100,3346,222.10,47
1786941981,100,3346,221.49,47
1786941982,100,3346,221.22,47
1786941983,100,3346,222.04,47
1786941984,100,3346,222.43,47
1786941985,100,3346,221.42,47
1786941986,100,3346,222.53,47
1786941987,100,3346,221.25,47
1786941988,100,3346,221.75,47
1786941989,100,3346,221.87,47
1786941990,100,3346,222.23,47
1786941991,100,3346,221.99,47
1786941992,100,3346,221.03,47
1786941993,100,3346,222.06,47
1786941995,100,3346,222.33,47
1786941996,100,3346,222.58,47
1786941997,100,3346,220.96,47
1786941998,100,3346,220.81,47
1786941999,100,3346,222.11,47
1786942000,100,3346,220.99,47
1786942001,100,3346,222.59,47
1786942002,100,3346,222.14,47
1786942003,100,3346,221.96,47
1786942004,100,3346,222.04,47
1786942005,100,3346,222.15,47
1786942007,100,3346,222.80,47
1786942008,100,3346,221.11,48
1786942009,100,3346,221.85,48
1786942010,100,3346,222.92,48
1786942011,100,3346,221.98,48
1786942012,100,3346,222.01,48
1786942013,100,3346,222.92,48
1786942014,100,3346,223.43,48
1786942015,100,3346,222.82,48
1786942016,100,3346,222.76,48
1786942017,100,3346,222.51,48
1786942018,100,3346,221.75,48
1786942020,100,3346,220.52,48
1786942021,100,3346,222.49,48
1786942022,100,3346,224.10,48
1786942023,100,3346,222.28,48
1786942024,100,3346,222.95,48
1786942025,100,3346,222.84,48
1786942026,100,3346,223.41,48
1786942027,100,3346,223.71,48
1786942028,100,3346,222.08,48
1786942029,100,3346,223.38,48
1786942030,100,3346,222.09,48
1786942032,100,3346,222.27,48
1786942033,100,3346,222.40,48
1786942034,100,3346,223.38,48
1786942035,100,3346,222.68,48
1786942036,100,3346,223.40,48
1786942037,100,3346,221.62,48
1786942038,100,3346,222.89,48
1786942039,100,3346,222.58,48
1786942040,100,3346,222.99,48
1786942041,100,3346,222.84,48
1786942042,100,3346,222.49,48
1786942043,100,3346,222.63,48
1786942045,100,3346,223.90,48
1786942046,100,3346,223.77,48
1786942047,100,3346,223.42,48
1786942048,100,3346,223.42,48
1786942049,100,3346,223.21,48
1786942050,100,3346,221.94,48
1786942051,100,3346,221.99,48
1786942052,100,3346,222.50,48
1786942053,100,3346,222.49,48
1786942054,100,3346,222.05,48
1786942055,100,3346,223.40,48
1786942057,100,3346,221.81,48
1786942058,100,3346,222.59,48
1786942059,100,3346,223.14,48
1786942060,100,3346,222.28,48
1786942061,100,3346,222.90,48
1786942062,100,3346,223.90,48
1786942063,100,3346,222.24,48
1786942064,100,3346,222.90,48
1786942065,100,3346,222.63,48
1786942066,100,3346,222.94,48
1786942067,100,3346,223.53,48
1786942068,100,3346,222.46,48
1786942070,100,3346,222.25,48
1786942071,100,3346,223.70,48
1786942072,100,3346,222.54,48
1786942073,100,3346,222.99,48
1786942074,100,3346,222.54,48
1786942075,100,3346,223.99,48
1786942076,100,3346,223.05,48
1786942077,100,3346,222.59,48
1786942078,100,3346,223.77,48
1786942079,100,3346,223.92,48
1786942080,100,3346,222.66,48
1786942082,100,3346,222.73,48
1786942083,100,3346,222.57,48
1786942084,100,3346,222.97,49
1786942085,100,3346,221.91,49
1786942086,100,3346,222.74,48
1786942087,100,3346,222.64,49
1786942088,100,3346,224.03,49
1786942089,100,3346,222.63,49
1786942090,100,3346,223.74,49
1786942091,100,3346,222.00,49
1786942092,100,3346,223.83,49
1786942093,100,3346,222.67,49
1786942095,100,3346,223.18,49
1786942096,100,3346,221.96,49
1786942097,100,3346,222.93,49
1786942098,100,3346,222.32,49
1786942099,100,3346,223.35,49
1786942100,100,3346,223.39,49
1786942101,100,3346,224.15,49
1786942102,100,3346,222.60,49
1786942103,100,3346,223.09,49
1786942104,100,3346,222.67,49
1786942105,100,3346,222.47,49
1786942106,100,3346,222.27,49
1786942108,100,3346,223.25,49
1786942109,100,3346,222.93,49
1786942110,100,3346,223.28,49
1786942111,100,3346,223.27,49
1786942112,100,3346,222.66,49
1786942113,100,3346,221.81,49
1786942114,100,3346,223.91,49
1786942115,100,3346,222.19,49
1786942116,100,3346,223.18,49
1786942117,100,3346,223.72,49
1786942118,100,3346,221.39,49
1786942120,100,3346,223.50,49
1786942121,100,3346,222.43,49
1786942122,100,3346,223.93,49
1786942123,100,3346,223.42,49
1786942124,100,3346,223.01,49
1786942125,100,3346,223.48,49
1786942126,100,3346,223.38,49
1786942127,100,3346,222.38,49
1786942128,100,3346,223.42,49
1786942129,100,3346,222.15,49
1786942130,100,3346,222.97,49
1786942132,100,3346,222.34,49
1786942133,100,3346,222.76,49
1786942134,100,3346,223.07,49
1786942135,100,3346,222.74,49
1786942136,100,3346,223.79,49
1786942137,100,3346,221.87,49
1786942138,100,3346,223.29,49
1786942139,100,3346,222.75,49
1786942140,100,3346,223.16,49
1786942141,100,3346,224.24,49
1786942142,100,3346,222.45,49
1786942144,100,3346,223.15,49
1786942145,100,3346,222.74,49
1786942146,100,3346,223.47,49
1786942147,100,3346,223.04,49
1786942148,100,3346,222.95,49
1786942149,100,3346,224.13,49
1786942150,100,3346,222.56,49
1786942151,100,3346,223.39,49
1786942152,100,3346,223.38,49
1786942153,100,3346,224.06,49
1786942154,100,3346,223.30,49
1786942156,100,3346,223.17,49
1786942157,100,3346,223.29,49
1786942158,100,3346,222.13,49
1786942159,100,3346,223.50,49
1786942160,100,3346,222.51,49
1786942161,100,3346,222.14,49
1786942162,100,3346,223.44,49
1786942163,100,3346,222.85,49
1786942164,100,3346,223.38,49
1786942165,100,3346,223.65,49
1786942166,100,3346,224.09,49
1786942168,100,3346,222.85,49
1786942169,100,3346,222.52,49
1786942170,100,3346,222.93,49
1786942171,100,3346,223.75,49
1786942172,100,3346,222.45,49
1786942173,100,3346,222.99,49
1786942174,100,3346,222.64,49
1786942175,100,3346,222.83,49
1786942176,100,3346,223.82,49
1786942177,100,3346,221.89,49
1786942178,100,3346,224.40,49
1786942180,100,3346,223.01,49
1786942181,100,3346,223.75,49
1786942182,100,3346,225.16,49
1786942183,100,3346,227.00,49
1786942184,100,3346,227.13,49
1786942185,100,3346,227.21,49
1786942186,100,3346,227.57,49
1786942187,100,3346,226.12,49
1786942188,100,3346,226.96,49
1786942189,100,3346,226.60,49
1786942190,100,3346,226.89,49
1786942191,100,3346,227.11,49
1786942193,100,3346,227.31,49
1786942194,100,3346,226.93,49
1786942195,100,3346,226.82,49
1786942196,100,3346,227.96,49
1786942197,100,3346,226.35,49
1786942198,100,3346,226.54,49
1786942199,100,3346,225.49,49
1786942200,100,3346,227.56,49
1786942201,100,3346,226.48,49
1786942202,100,3346,226.72,49
1786942204,100,3346,230.51,49
1786942205,100,3346,230.22,49
1786942206,100,3346,231.85,49
1786942207,100,3346,228.79,49
1786942208,100,3346,231.35,49
1786942209,100,3346,231.54,49
1786942210,100,3346,230.34,49
1786942211,100,3346,230.81,49
1786942212,100,3346,230.96,49
1786942213,100,3346,231.75,49
1786942214,100,3346,229.48,49
1786942215,100,3346,229.53,49
1786942217,100,3346,230.24,49
1786942218,100,3346,231.03,49
1786942219,100,3346,229.85,49
1786942220,100,3346,231.78,49
1786942221,100,3346,230.37,49
1786942222,100,3346,232.85,49
1786942223,100,3346,231.39,49
1786942224,100,3346,231.71,49
1786942225,100,3346,233.17,49
1786942226,100,3346,233.19,49
1786942227,100,3346,231.23,49
1786942229,100,3346,231.03,49
1786942230,100,3346,234.46,50
1786942231,100,3346,238.06,50
1786942232,100,3346,236.18,50
1786942233,100,3346,234.97,50
1786942234,100,3346,236.46,50
1786942235,100,3346,235.94,50
1786942236,100,3346,237.61,50
1786942237,100,3346,238.03,50
1786942238,100,3346,235.68,50
1786942239,100,3346,231.83,50
1786942240,100,3346,231.48,50
1786942242,100,3346,228.78,50
1786942243,100,3346,230.09,50
1786942244,100,3346,230.31,50
1786942245,100,3346,231.42,50
1786942246,100,3346,230.88,50
1786942247,100,3346,230.17,50
1786942248,100,3346,232.80,50
1786942249,100,3346,232.71,50
1786942250,100,3346,231.09,50
1786942251,100,3346,230.74,50
1786942252,100,3346,232.90,50
1786942253,100,3346,231.00,50
1786942255,100,3346,231.65,50
1786942256,100,3346,232.42,50
1786942257,100,3346,230.94,50
1786942258,100,3346,231.20,50
1786942259,100,3346,230.67,50
1786942260,100,3346,232.27,50
1786942261,100,3346,230.47,50
1786942262,100,3346,232.43,50
1786942263,100,3346,232.02,50
1786942264,100,3346,230.66,50
1786942265,100,3346,232.91,50
1786942267,100,3346,237.04,50
1786942268,100,3346,236.95,50
1786942269,100,3346,236.83,50
1786942270,100,3346,237.14,50
1786942271,100,3346,234.92,50
1786942272,100,3346,236.05,50
1786942273,100,3346,236.25,50
1786942274,100,3346,237.72,50
1786942275,100,3346,234.39,50
1786942276,100,3346,235.63,50
1786942277,100,3346,235.10,50
1786942278,100,3346,236.19,50
1786942280,100,3346,237.60,50
1786942281,100,3346,235.88,50
1786942282,100,3346,235.19,50
1786942283,100,3346,237.40,50
1786942284,100,3346,237.04,50
1786942285,100,3346,235.04,50
1786942286,100,3346,233.89,50
1786942287,100,3346,235.87,50
1786942288,100,3346,236.30,50
1786942289,100,3346,235.93,50
1786942290,100,3346,236.48,50
1786942292,100,3346,234.20,50
1786942293,100,3346,235.32,50
1786942294,100,3346,235.17,50
1786942295,100,3346,236.92,50
1786942296,100,3346,235.24,50
1786942297,100,3346,236.55,50
1786942298,100,3346,233.89,50
1786942299,100,3346,235.00,50
1786942300,100,3346,235.28,50
1786942301,100,3346,237.09,50
1786942303,100,3346,236.91,50
1786942304,100,3346,236.84,50
1786942305,99,3346,237.01,50
1786942306,100,3346,235.44,50
1786942307,100,3346,236.45,50
1786942308,100,3346,239.18,50
1786942309,100,3346,234.69,50
1786942310,100,3346,236.46,50
1786942311,100,3346,236.11,50
1786942312,100,3346,235.00,50
1786942313,100,3346,237.27,50
1786942315,100,3346,237.04,50
1786942316,100,3346,236.79,50
1786942317,100,3346,237.00,50
1786942318,100,3346,236.79,50
1786942319,100,3346,235.80,50
1786942320,100,3346,237.56,50
1786942321,100,3346,234.16,50
1786942322,100,3346,235.08,50
1786942323,100,3346,236.55,50
1786942324,100,3346,236.95,50
1786942325,100,3346,237.30,50
1786942326,100,3346,236.44,50
1786942328,100,3346,237.57,50
1786942329,100,3346,236.55,50
1786942330,100,3346,234.88,50
1786942331,100,3346,236.43,50
1786942332,100,3346,235.70,50
1786942333,100,3346,234.81,50
1786942334,100,3346,236.72,50
1786942335,100,3346,236.02,50
1786942336,100,3346,236.32,50
1786942337,100,3346,234.30,50
1786942338,100,3346,235.15,50
1786942340,100,3346,236.86,50
1786942341,100,3346,237.42,50
1786942342,100,3346,236.39,50
1786942343,100,3346,235.98,50
1786942344,100,3346,236.79,50
1786942345,100,3346,236.14,50
1786942346,100,3346,236.05,50
1786942347,100,3346,237.60,50
1786942348,100,3346,236.43,50
1786942349,100,3346,236.33,50
1786942350,100,3346,236.54,50
1786942352,100,3346,234.74,50
1786942353,100,3346,237.82,50
1786942354,100,3346,236.65,50
1786942355,100,3346,237.04,50
1786942356,100,3346,236.57,50
1786942357,100,3346,237.86,50
1786942358,100,3346,234.70,50
1786942359,100,3346,236.38,50
1786942360,100,3346,235.81,50
1786942361,100,3346,237.05,50
1786942362,100,3346,235.35,50
1786942363,100,3346,236.98,50
1786942365,100,3346,239.77,50
1786942366,100,3346,237.37,50
1786942367,100,3346,237.59,50
1786942368,100,3346,241.51,51
1786942369,100,3346,242.36,51
1786942370,100,3346,241.93,51
1786942371,100,3346,242.78,51
1786942372,100,3346,241.86,51
1786942373,100,3346,241.07,51
1786942374,100,3346,241.40,51
1786942375,100,3346,242.70,51
1786942376,100,3346,242.05,51
1786942378,100,3346,241.37,51
1786942379,100,3346,241.43,51
1786942380,100,3346,240.56,51
1786942381,100,3346,240.58,51
1786942382,100,3346,241.68,51
1786942383,100,3346,241.22,51
1786942384,100,3346,240.11,51
1786942385,100,3346,237.53,51
1786942386,100,3346,239.73,51
1786942387,100,3346,237.90,51
1786942388,100,3346,240.72,51
1786942390,100,3346,238.56,51
1786942391,100,3346,243.58,51
1786942392,100,3346,240.42,51
1786942393,100,3346,238.21,51
1786942394,100,3346,239.61,51
1786942395,100,3346,239.85,51
1786942396,100,3346,241.80,51
1786942397,100,3346,238.35,51
1786942398,100,3346,241.71,51
1786942399,100,3346,243.74,51
1786942400,100,3346,238.75,51
1786942402,100,3346,240.46,51
1786942403,100,3346,238.46,51
1786942404,100,3346,241.43,51
1786942405,100,3346,239.19,51
1786942406,100,3346,242.17,51
1786942407,100,3346,240.40,51
1786942408,100,3346,240.52,51
1786942409,100,3346,239.81,51
1786942410,100,3346,240.33,51
1786942411,100,3346,239.85,51
1786942412,100,3346,239.91,51
1786942413,100,3346,240.52,51
1786942415,100,3346,239.82,51
1786942416,100,3346,242.20,51
1786942417,100,3346,241.56,51
1786942418,100,3346,238.11,51
1786942419,100,3346,240.80,51
1786942420,100,3346,241.56,51
1786942421,100,3346,239.04,51
1786942422,100,3346,241.53,51
1786942423,100,3346,238.87,51
1786942424,100,3346,240.82,51
1786942425,100,3346,237.79,51
1786942426,100,3346,237.58,51
1786942428,100,3346,237.92,51
1786942429,100,3346,238.76,51
1786942430,100,3346,237.55,51
1786942431,100,3346,238.84,51
1786942432,100,3346,237.80,51
1786942433,100,3346,238.73,51
1786942434,100,3346,239.12,51
1786942435,100,3346,239.02,51
1786942436,100,3346,239.68,51
1786942437,100,3346,239.05,51
1786942438,100,3346,237.68,51
1786942440,100,3346,240.16,51
1786942441,100,3346,238.87,51
1786942442,100,3346,238.40,51
1786942443,100,3346,238.03,51
1786942444,100,3346,238.08,51
1786942445,100,3346,238.53,51
1786942446,100,3346,238.73,51
1786942447,100,3346,240.12,51
1786942448,100,3346,238.19,51
1786942449,100,3346,239.75,51
1786942451,100,3346,238.84,51
1786942452,100,3346,239.68,51
1786942453,100,3346,238.09,51
1786942454,100,3346,239.45,51
1786942455,100,3346,239.18,51
1786942456,100,3346,238.16,51
1786942457,100,3346,240.65,51
1786942458,100,3346,241.37,51
1786942459,100,3346,236.09,51
1786942460,100,3346,237.58,51
1786942461,100,3346,239.30,51
1786942463,100,3346,236.75,51
1786942464,100,3346,238.76,51
1786942465,100,3346,237.71,51
1786942466,100,3346,238.03,51
1786942467,100,3346,234.89,51
1786942468,100,3346,235.01,51
1786942469,100,3346,235.22,51
1786942470,100,3346,233.61,51
1786942471,100,3346,235.03,51
1786942472,100,3346,236.85,51
1786942474,100,3346,236.25,51
1786942475,100,3346,236.99,51
1786942476,100,3346,237.32,51
1786942477,100,3346,237.41,51
1786942478,100,3346,236.09,51
1786942479,100,3346,237.56,51
1786942480,100,3346,236.99,51
1786942481,100,3346,238.01,51
1786942482,100,3346,237.08,51
1786942483,100,3346,237.76,51
1786942484,100,3346,236.21,51
1786942486,100,3346,238.67,51
1786942487,100,3346,236.89,51
1786942488,100,3346,235.51,51
1786942489,100,3346,237.24,51
1786942490,100,3346,237.65,51
1786942491,100,3346,235.74,51
1786942492,100,3346,235.83,51
1786942493,100,3346,238.70,51
1786942494,100,3346,237.33,51
1786942495,100,3346,237.43,51
1786942496,100,3346,236.22,51
1786942498,100,3346,235.06,51
1786942499,100,3346,234.72,51
1786942500,100,3346,235.86,51
1786942501,100,3346,234.22,51
1786942502,100,3346,235.72,51
1786942503,100,3346,229.17,51
1786942504,100,3346,233.10,51
1786942505,100,3346,235.13,51
1786942506,100,3346,236.35,51
1786942507,100,3346,233.03,51
1786942508,100,3346,235.56,51
1786942510,100,3346,234.72,51
1786942511,100,3346,234.06,51
1786942512,100,3346,235.15,51
1786942513,100,3346,231.35,51
1786942514,100,3346,233.83,51
1786942515,100,3346,232.52,51
1786942516,100,3346,231.83,51
1786942517,100,3346,233.52,51
1786942518,100,3346,230.11,51
1786942519,100,3346,233.06,51
1786942520,100,3346,230.29,51
1786942521,100,3346,231.05,51
1786942523,100,3346,231.86,51
1786942524,100,3346,231.96,51
1786942525,100,3346,231.38,51
1786942526,100,3346,231.53,51
1786942527,100,3346,231.88,51
1786942528,100,3346,230.80,51
1786942529,100,3346,230.92,51
1786942530,100,3346,231.42,51
1786942531,100,3346,232.41,51
1786942532,100,3346,230.73,51
1786942533,100,3346,231.52,51
1786942535,100,3346,229.75,51
1786942536,100,3346,231.55,51
1786942537,100,3346,231.56,51
1786942538,100,3346,231.57,51
1786942539,100,3346,231.63,51
1786942540,100,3346,230.85,51
1786942541,100,3346,227.79,51
1786942542,100,3346,228.73,51
1786942543,100,3346,229.38,51
1786942544,100,3346,230.30,51
1786942545,100,3346,228.98,51
1786942546,100,3346,228.00,51
1786942548,100,3346,227.30,51
1786942549,100,3346,230.91,51
1786942550,100,3346,227.49,51
1786942551,100,3346,228.83,51
1786942552,100,3346,228.61,51
1786942553,100,3346,228.18,51
1786942554,100,3346,230.29,51
1786942555,100,3346,228.29,51
1786942556,100,3346,228.96,50
1786942557,100,3346,227.54,51
1786942558,100,3346,231.87,50
1786942559,100,3346,232.10,50
1786942561,99,3346,226.78,50
1786942562,100,3346,228.52,50
1786942563,100,3346,228.68,50
1786942564,100,3346,227.98,50
1786942565,100,3346,228.54,50
1786942566,100,3346,226.23,50
1786942567,100,3346,225.53,50
1786942568,100,3346,225.87,50
1786942569,100,3346,226.14,50
1786942570,100,3346,225.45,50
1786942571,100,3346,224.97,50
1786942573,100,3346,225.50,50
1786942574,100,3346,225.57,50
1786942575,100,3346,225.04,50
1786942576,100,3346,226.28,50
1786942577,100,3346,225.96,50
1786942578,100,3346,226.55,50
1786942579,100,3346,225.91,50
1786942580,100,3346,225.31,50
1786942581,100,3346,225.72,50
1786942582,100,3346,224.09,50
1786942583,100,3346,228.10,50
1786942585,100,3346,226.85,50
1786942586,100,3346,224.74,50
1786942587,100,3346,225.48,50
1786942588,100,3346,223.61,50
1786942589,100,3346,225.40,50
1786942590,100,3346,223.85,50
1786942591,100,3346,223.99,50
1786942592,100,3346,226.64,50
1786942593,100,3346,224.90,50
1786942594,100,3346,224.80,50
1786942595,100,3346,226.62,50
1786942596,100,3346,225.52,50
1786942598,100,3346,224.75,50
1786942599,100,3346,224.45,50
1786942600,100,3346,224.33,50
1786942601,100,3346,223.41,50
1786942602,100,3346,221.78,50
1786942603,100,3346,223.38,50
1786942604,100,3346,222.70,50
1786942605,100,3346,222.48,50
1786942606,100,3348,222.59,50
1786942607,100,3348,222.69,50
1786942608,100,3348,225.00,50
1786942609,100,3348,224.91,50
1786942611,100,3348,224.32,50
1786942612,100,3348,225.94,50
1786942613,100,3348,224.81,50
1786942614,100,3348,223.34,50
1786942615,100,3348,220.99,50
1786942616,100,3348,225.20,50
1786942617,100,3348,222.97,50
1786942618,100,3350,222.30,50
1786942619,100,3350,223.14,50
1786942620,100,3350,221.42,50
1786942621,100,3350,223.72,50
1786942622,100,3350,222.85,50
1786942624,100,3350,223.99,50
1786942625,100,3350,222.18,50
1786942626,100,3350,220.56,50
1786942627,100,3350,222.77,50
1786942628,100,3350,223.90,50
1786942629,100,3350,223.20,50
1786942630,100,3350,223.00,50
1786942631,100,3350,223.93,50
1786942632,100,3350,220.61,50
1786942633,100,3350,220.86,50
1786942634,100,3350,221.55,50
1786942636,100,3350,220.62,50
1786942637,100,3350,219.96,50
1786942638,100,3350,220.48,50
1786942639,100,3350,219.69,50
1786942640,100,3350,219.03,50
1786942641,100,3350,219.18,50
1786942642,100,3350,219.05,50
1786942643,100,3350,217.68,50
1786942644,100,3350,219.09,50
1786942645,100,3350,220.63,50
1786942646,100,3350,216.21,50
1786942647,100,3350,218.87,50
1786942649,100,3350,219.38,50
1786942650,100,3350,218.25,50
1786942651,100,3350,216.95,50
1786942652,100,3350,217.10,50
1786942653,100,3350,216.99,49
1786942654,100,3350,216.97,49
1786942655,100,3350,216.60,49
1786942656,100,3350,215.79,49
1786942657,100,3350,216.55,49
1786942658,100,3350,217.04,49
1786942659,100,3350,216.92,49
1786942661,100,3350,217.94,49
1786942662,100,3352,218.07,49
1786942663,100,3352,217.01,49
1786942664,100,3352,216.25,49
1786942665,100,3352,216.92,49
1786942666,100,3352,216.74,49
1786942667,100,3352,218.02,49
1786942668,100,3354,215.86,49
1786942669,100,3356,214.87,49
1786942670,100,3356,212.62,49
1786942671,100,3356,213.20,49
1786942673,100,3356,213.54,49
1786942674,100,3356,213.01,49
1786942675,100,3356,214.11,49
1786942676,100,3356,213.24,49
1786942677,100,3356,212.85,49
1786942678,100,3356,213.30,49
1786942679,100,3356,213.24,49
1786942680,99,3356,213.73,49
1786942681,100,3356,215.31,49
1786942682,100,3356,212.49,49
1786942683,100,3356,213.01,49
1786942684,100,3358,214.03,49
1786942686,100,3358,214.34,49
1786942687,100,3358,210.32,49
1786942688,100,3358,214.61,49
1786942689,100,3358,213.39,49
1786942690,100,3358,213.81,49
1786942691,100,3358,213.32,49
1786942692,100,3358,211.90,49
1786942693,100,3358,209.92,49
1786942694,100,3358,212.03,49
1786942695,100,3358,210.43,49
1786942696,100,3358,211.36,49
1786942697,100,3358,210.86,49
1786942699,100,3358,211.36,49
1786942700,100,3358,216.07,49
1786942701,100,3358,214.20,49
1786942702,100,3358,214.89,49
1786942703,100,3358,217.26,49
1786942704,100,3358,217.51,49
1786942705,100,3358,215.20,49
1786942706,100,3358,215.90,49
1786942707,100,3358,216.59,49
1786942708,100,3358,214.48,49
1786942709,100,3358,214.91,49
1786942710,100,3358,213.10,49
1786942712,100,3358,213.47,49
1786942713,100,3358,215.58,49
1786942714,100,3358,213.32,49
1786942715,100,3358,213.02,49
1786942716,100,3358,215.80,49
1786942717,100,3358,216.32,49
1786942718,100,3358,215.22,49
1786942719,100,3358,213.49,49
1786942720,100,3358,213.54,49
1786942721,100,3358,212.46,49
1786942722,100,3358,214.06,49
1786942724,100,3358,213.09,49
1786942725,100,3358,220.15,49
1786942726,100,3358,219.38,49
1786942727,100,3358,218.93,49
1786942728,100,3358,219.48,49
1786942729,100,3358,219.22,49
1786942730,100,3358,219.60,49
1786942731,100,3358,219.82,49
1786942732,100,3358,219.51,49
1786942733,100,3358,217.76,49
1786942735,100,3358,216.97,49
1786942736,100,3358,217.82,49
1786942737,100,3358,217.85,49
1786942738,100,3358,217.52,49
1786942739,100,3358,219.83,49
1786942740,100,3358,217.24,49
1786942741,100,3358,216.22,49
1786942742,100,3358,217.89,49
1786942743,100,3358,218.54,49
1786942744,100,3358,221.98,49
1786942745,100,3358,222.74,49
1786942746,100,3358,221.11,49
1786942747,100,3358,219.78,49
1786942749,100,3358,221.86,49
1786942750,100,3358,220.82,49
1786942751,100,3358,219.96,49
1786942752,100,3358,220.82,49
1786942753,100,3358,218.31,49
1786942754,100,3358,218.51,49
1786942755,100,3358,220.57,49
1786942756,100,3358,219.87,49
1786942757,100,3358,220.31,49
1786942758,100,3358,219.34,49
1786942759,100,3358,218.94,49
1786942761,100,3358,218.96,49
1786942762,100,3358,219.37,49
1786942763,100,3358,217.34,49
1786942764,100,3358,217.87,49
1786942765,100,3358,218.98,49
1786942766,100,3358,218.61,49
1786942767,100,3358,217.86,49
1786942768,100,3358,218.70,49
1786942769,100,3358,217.81,49
1786942770,100,3358,218.71,49
1786942771,100,3358,217.66,49
1786942772,100,3358,218.80,49
1786942774,100,3358,219.15,49
1786942775,100,3358,218.10,49
1786942776,100,3358,218.54,49
1786942777,100,3358,218.25,49
1786942778,100,3358,217.76,49
1786942779,100,3358,217.73,49
1786942780,100,3358,218.27,49
1786942781,100,3358,218.47,49
1786942782,100,3358,218.79,49
1786942783,100,3358,218.02,49
1786942784,100,3358,217.20,49
1786942785,100,3358,217.27,49
1786942787,100,3358,217.82,49
1786942788,100,3358,218.66,49
1786942789,100,3358,217.28,49
1786942790,100,3358,218.87,49
1786942791,100,3358,220.71,49
1786942792,100,3358,220.28,49
1786942793,100,3358,222.76,49
1786942794,100,3358,222.60,49
1786942795,100,3358,220.94,49
1786942796,100,3358,219.92,49
1786942797,100,3358,220.76,49
1786942799,100,3358,220.24,49
1786942800,100,3358,220.44,49
1786942801,100,3358,218.47,49
1786942802,100,3358,219.59,49
1786942803,100,3358,219.12,49
1786942804,100,3358,219.22,49
1786942805,100,3358,218.56,49
1786942806,100,3358,217.70,49
1786942807,100,3358,216.61,49
1786942808,100,3358,215.77,49
1786942809,100,3358,215.90,49
1786942810,100,3358,213.98,49
1786942812,100,3358,214.84,49
1786942813,100,3358,213.40,49
1786942814,100,3358,213.67,49
1786942815,100,3358,214.50,49
1786942816,100,3358,213.60,49
1786942817,100,3358,213.16,49
1786942818,100,3358,213.89,49
1786942819,100,3358,213.95,49
1786942820,100,3358,213.55,49
1786942821,100,3358,213.26,49
1786942822,100,3358,213.50,49
1786942823,100,3358,213.33,49
1786942825,100,3358,212.58,49
1786942826,100,3358,212.28,49
1786942827,100,3358,211.50,49
1786942828,100,3358,211.24,49
1786942829,100,3358,210.73,49
1786942830,100,3358,210.57,49
1786942831,100,3358,210.96,49
1786942832,100,3358,210.32,49
1786942833,100,3358,208.91,49
1786942834,100,3358,209.78,49
1786942835,100,3358,207.59,49
1786942836,100,3358,207.45,49
1786942838,100,3358,206.91,48
1786942839,100,3358,205.07,48
1786942840,100,3358,205.01,48
1786942841,100,3358,204.03,48
1786942842,100,3358,205.29,48
1786942843,100,3358,204.07,48
1786942844,100,3358,204.97,48
1786942845,100,3358,204.55,48
1786942846,100,3358,204.89,48
1786942847,100,3358,205.43,48
1786942848,100,3358,204.32,48
1786942849,100,3358,203.96,48
1786942851,100,3358,201.66,48
1786942852,100,3358,202.32,48
1786942853,100,3358,201.33,48
1786942854,100,3358,201.58,48
1786942855,100,3358,202.34,48
1786942856,100,3358,202.11,48
1786942857,100,3358,201.58,48
1786942858,100,3358,202.26,48
1786942859,100,3358,201.38,48
1786942860,100,3358,200.45,48
1786942861,100,3358,200.32,48
1786942862,100,3358,199.17,48
1786942864,100,3358,198.63,48
1786942865,100,3358,197.21,48
1786942866,100,3358,198.06,48
1786942867,100,3358,197.53,48
1786942868,100,3358,196.68,48
1786942869,100,3358,198.27,48
1786942870,100,3358,196.79,48
1786942871,100,3358,196.48,48
1786942872,100,3358,196.38,48
1786942873,100,3358,196.17,48
1786942874,100,3358,195.24,48
1786942875,100,3358,196.01,48
1786942876,100,3358,195.92,48
1786942878,100,3358,195.58,48
1786942879,100,3358,196.62,47
1786942880,100,3358,194.85,47
1786942881,100,3358,195.81,47
1786942882,100,3358,195.76,47
1786942883,100,3358,194.75,47
1786942884,100,3358,193.53,47
1786942885,100,3358,193.65,47
1786942886,100,3358,194.08,47
1786942887,100,3358,193.13,47
1786942888,100,3358,192.77,47
1786942890,100,3358,193.40,47
1786942891,100,3358,192.58,47
1786942892,100,3358,191.82,47
1786942893,100,3358,191.62,47
1786942894,100,3358,191.80,47
1786942895,100,3358,191.09,47
1786942896,100,3358,192.09,47
1786942897,100,3358,191.07,47
1786942898,100,3358,191.24,47
1786942899,100,3358,190.89,47
1786942900,100,3358,191.17,47
1786942902,100,3358,191.29,47
1786942903,100,3358,191.06,47
1786942904,100,3358,193.05,47
1786942905,100,3358,194.06,47
1786942906,100,3358,193.61,47
1786942907,100,3358,193.17,47
1786942908,100,3358,193.71,47
1786942909,100,3358,191.96,47
1786942910,100,3358,192.71,47
1786942911,100,3358,192.12,47
1786942912,100,3358,192.44,47
1786942913,100,3358,191.77,47
1786942915,100,3358,191.42,47
1786942916,100,3358,191.36,47
1786942917,100,3358,191.50,47
1786942918,100,3358,191.51,47
1786942919,100,3358,190.24,47
1786942920,100,3358,189.81,47
1786942921,100,3358,189.63,47
1786942922,100,3358,190.06,47
1786942923,100,3358,189.09,47
1786942924,100,3358,186.03,46
1786942925,100,3358,186.21,46
1786942927,100,3358,186.88,46
1786942928,100,3358,187.25,46
1786942929,100,3358,186.45,46
1786942930,100,3358,184.49,46
1786942931,100,3358,186.15,46
1786942932,100,3358,185.59,46
1786942933,100,3358,186.10,46
1786942934,100,3358,186.41,46
1786942935,100,3358,187.09,46
1786942936,100,3358,185.65,46
1786942937,100,3358,184.36,46
1786942938,100,3358,185.46,46
1786942940,100,3358,185.33,46
1786942941,100,3358,184.10,46
1786942942,100,3358,184.25,46
1786942943,100,3358,183.93,46
1786942944,100,3358,184.35,46
1786942945,100,3358,184.12,46
1786942946,100,3358,185.53,46
1786942947,100,3358,188.02,46
1786942948,100,3358,187.18,46
1786942949,100,3358,186.36,46
1786942950,100,3358,187.11,46
1786942951,100,3358,189.15,46
1786942953,100,3358,190.76,46
1786942954,100,3358,190.19,46
1786942955,100,3358,189.03,46
1786942956,100,3358,189.46,46
1786942957,100,3358,190.08,46
1786942958,100,3358,188.68,46
1786942959,100,3358,189.07,46
1786942960,100,3358,189.84,46
1786942961,100,3358,187.86,46
1786942962,100,3362,187.69,46
1786942963,100,3362,181.53,46
1786942965,100,3362,179.17,46
1786942966,100,3362,179.30,46
1786942967,100,3362,178.80,46
1786942968,100,3362,180.67,45
1786942969,100,3362,180.24,45
1786942970,100,3362,179.78,45
1786942971,100,3362,178.38,45
1786942972,100,3362,180.79,45
1786942973,100,3362,182.67,45
1786942974,100,3362,181.19,45
1786942975,100,3362,182.05,45
1786942977,100,3362,180.58,45
1786942978,100,3362,182.87,45
1786942979,100,3362,180.20,45
1786942980,100,3362,181.01,45
1786942981,100,3362,179.60,45
1786942982,100,3362,181.89,45
1786942983,100,3362,179.57,45
1786942984,100,3362,180.70,45
1786942985,100,3362,180.62,45
1786942986,100,3362,179.63,45
1786942987,100,3362,178.99,45
1786942988,100,3362,178.93,45
1786942990,100,3362,178.61,45
1786942991,100,3362,179.60,45
1786942992,100,3362,178.59,45
1786942993,100,3362,176.87,45
1786942994,100,3362,177.68,45
1786942995,100,3362,177.85,45
1786942996,100,3362,176.12,45
1786942997,100,3362,177.91,45
1786942998,100,3362,182.80,45
1786942999,100,3362,179.74,45
1786943000,100,3362,179.87,45
1786943002,100,3362,179.77,45
1786943003,100,3362,180.27,45
1786943004,100,3362,179.13,45
1786943005,100,3362,178.49,45
1786943006,100,3362,179.12,45
1786943007,100,3362,178.25,45
1786943008,100,3362,178.32,45
1786943009,100,3362,177.81,45
1786943010,100,3362,178.73,45
1786943011,100,3362,178.74,45
1786943012,100,3362,179.24,45
1786943013,100,3362,178.61,45
1786943015,100,3362,177.92,45
1786943016,100,3362,178.49,45
1786943017,100,3362,178.03,45
1786943018,100,3362,178.73,45
1786943019,100,3362,178.74,45
1786943020,100,3362,176.74,45
1786943021,100,3362,176.78,45
1786943022,100,3362,178.26,45
1786943023,100,3362,178.32,45
1786943024,100,3364,182.37,45
1786943025,100,3364,182.56,45
1786943026,100,3364,182.99,45
1786943027,100,3364,180.99,45
1786943029,100,3364,182.13,45
1786943030,100,3364,182.24,45
1786943031,100,3364,172.91,45
1786943032,100,3364,173.03,45
1786943033,100,3364,173.72,45
1786943034,100,3364,172.60,45
1786943035,100,3364,185.14,45
1786943036,100,3364,192.39,45
1786943037,100,3364,192.29,45
1786943038,100,3364,191.69,45
1786943039,100,3364,193.55,45
1786943040,100,3364,192.33,45
1786943042,100,3364,193.43,45
1786943043,100,3364,192.81,45
1786943044,100,3364,193.21,45
1786943045,100,3364,188.08,45
1786943046,100,3364,189.02,45
1786943047,100,3368,188.04,45
1786943048,100,3368,185.95,45
1786943049,100,3368,184.39,45
1786943050,100,3368,183.20,45
1786943051,100,3368,181.93,45
1786943052,100,3368,180.27,45
1786943053,100,3368,181.10,45
1786943055,100,3368,179.92,45
1786943056,100,3368,179.90,45
1786943057,100,3368,179.97,45
1786943058,100,3368,181.49,45
1786943059,100,3368,183.68,45
1786943060,100,3368,183.51,45
1786943061,100,3368,183.97,45
1786943062,100,3368,183.78,45
1786943063,100,3368,182.78,45
1786943064,100,3368,180.04,45
1786943065,100,3368,179.30,45
1786943066,100,3368,180.11,45
1786943068,100,3368,180.76,45
1786943069,100,3368,178.85,45
1786943070,100,3368,175.86,44
1786943071,100,3368,172.34,44
1786943072,100,3370,173.24,44
1786943073,100,3370,173.13,44
1786943074,100,3370,174.34,44
1786943075,100,3370,173.17,44
1786943076,100,3370,173.65,44
1786943077,100,3370,172.43,44
1786943078,100,3370,172.96,44
1786943079,100,3370,170.68,44
1786943081,100,3370,170.58,44
1786943082,100,3370,170.14,44
1786943083,100,3370,170.20,44
1786943084,100,3370,168.80,44
1786943085,100,3370,160.14,44
1786943086,100,3370,163.36,44
1786943087,100,3370,174.04,44
1786943088,100,3370,174.05,44
1786943089,100,3370,179.04,44
1786943090,100,3370,189.57,44
1786943091,100,3370,190.98,44
1786943092,100,3370,188.99,45
1786943093,100,3370,192.98,45
1786943095,100,3370,196.16,45
1786943096,99,3370,195.67,45
1786943097,100,3370,195.49,45
1786943098,100,3370,195.17,45
1786943099,97,3370,189.84,45
1786943100,100,3370,180.24,44
1786943101,100,3370,179.03,44
1786943102,100,3370,177.62,44
1786943103,100,3370,179.06,44
1786943104,100,3370,179.44,44
1786943105,62,3370,168.97,44
1786943106,62,3370,165.79,44
1786943107,48,3370,147.09,43
1786943109,49,3370,140.24,43
1786943110,48,3370,139.83,43
1786943111,49,3370,139.43,43
1786943112,0,3370,122.71,42
1786943113,0,3370,118.50,42
1786943114,0,3370,118.71,42
1786943115,0,3370,118.47,42
1786943116,0,3370,118.32,42
1786943117,0,3370,118.43,42
1786943118,0,3370,118.25,42
1786943119,0,3370,118.48,42
1786943120,0,3370,118.14,42
1786943121,0,3370,118.14,42
1786943123,0,3370,118.04,42
1786943124,0,3370,118.04,42
1786943125,0,3370,118.22,41
1786943126,0,3370,117.90,41
1786943127,0,3370,118.13,41
1786943128,0,3370,117.92,41
1786943129,0,3370,118.04,41
1786943130,0,3370,117.95,41
1786943131,0,3370,117.92,41
1786943132,0,3370,117.94,41
1786943133,0,3370,117.83,41
1786943134,0,3370,118.32,41
1786943135,0,3370,118.04,41
1786943137,0,3370,118.35,41
1786943138,0,3370,117.97,41
1786943139,0,3370,118.29,41
1786943140,0,3370,118.00,41
1786943141,0,3370,118.01,41
1786943142,0,3370,117.95,41
1786943143,0,3370,118.17,41
1786943144,99,8384,183.49,43
1786943145,99,8384,279.82,44
1786943146,99,8384,277.29,45
1786943147,99,8384,277.29,45
1786943148,99,8384,280.03,45
1786943149,99,8384,278.86,46
1786943151,99,8384,280.69,46
1786943152,98,8384,277.70,46
1786943153,98,8384,277.25,46
1786943154,99,8384,279.68,46
1786943155,99,8384,281.47,46
1786943156,99,8384,280.97,47
1786943157,99,8384,281.81,47
1786943158,99,8384,279.02,47
1786943159,98,8384,280.86,47
1786943160,99,8384,281.83,47
1786943161,99,8384,278.29,47
1786943162,99,8384,278.96,47
1786943163,99,8384,279.91,47
1786943165,99,8384,281.34,47
1786943166,98,8384,280.66,47
1786943167,99,8384,281.12,47
1786943168,99,8384,279.99,48
1786943169,99,8384,281.80,47
1786943170,99,8384,278.18,48
1786943171,99,8384,275.76,48
1786943172,98,8384,279.22,48
1786943173,98,8384,277.80,48
1786943174,99,8384,280.83,48
1786943175,99,8384,281.26,48
1786943176,99,8384,277.87,48
1786943177,99,8384,281.63,48
1786943179,99,8384,280.49,48
1786943180,99,8384,280.89,48
1786943181,99,8384,280.29,48
1786943182,99,8384,280.33,48
1786943183,99,8384,281.04,48
1786943184,99,8384,279.38,48
1786943185,98,8384,283.04,48
1786943186,98,8384,285.79,48
1786943187,98,8384,284.53,49
1786943188,99,8384,275.66,49
1786943189,99,8384,286.88,49
1786943190,99,8384,284.27,49
1786943191,99,8384,278.43,49
1786943193,99,8384,282.75,49
1786943194,98,8384,289.18,49
1786943195,98,8384,281.98,49
1786943196,98,8384,280.42,49
1786943197,99,8384,281.40,49
1786943198,99,8384,282.62,49
1786943199,99,8384,285.11,49
1786943200,99,8384,285.38,49
1786943201,99,8384,283.18,49
1786943202,98,8384,282.57,49
1786943203,98,8384,287.67,49
1786943204,99,8384,286.29,49
1786943205,99,8384,284.17,50
1786943207,99,8384,279.92,49
1786943208,99,8384,282.83,50
1786943209,99,8384,282.25,49
1786943210,99,8384,282.08,50
1786943211,98,8384,289.47,49
1786943212,98,8384,283.84,50
1786943213,99,8384,283.83,49
1786943214,99,8384,287.23,50
1786943215,99,8384,287.76,49
1786943216,99,8384,286.71,50
1786943217,99,8384,285.32,50
1786943218,99,8384,287.76,50
1786943219,98,8384,283.36,50
1786943221,98,8384,288.56,50
1786943222,98,8384,287.85,50
1786943223,99,8384,287.70,50
1786943224,99,8384,284.48,50
1786943225,99,8384,286.56,50
1786943226,99,8384,288.69,50
1786943227,99,8384,289.14,50
1786943228,99,8384,287.97,50
1786943229,99,8384,288.77,50
1786943230,99,8384,285.48,50
1786943231,99,8384,291.94,50
1786943232,99,8384,285.60,50
1786943233,99,8384,285.58,50
1786943235,99,8384,286.02,50
1786943236,99,8384,288.65,50
1786943237,99,8384,292.14,50
1786943238,99,8384,285.72,50
1786943239,98,8384,289.12,50
1786943240,99,8384,287.91,50
1786943241,99,8384,289.65,50
1786943242,99,8384,288.32,50
1786943243,99,8384,288.77,50
1786943244,99,8384,286.37,50
1786943245,99,8384,286.66,50
1786943246,99,8384,292.55,50
1786943247,98,8384,290.05,50
1786943249,98,8384,287.45,50
1786943250,99,8384,287.73,51
1786943251,99,8384,289.23,50
1786943252,99,8384,288.66,51
1786943253,99,8384,286.64,50
1786943254,99,8384,286.85,51
1786943255,98,8384,287.62,50
1786943256,98,8384,290.89,51
1786943257,98,8384,293.18,50
1786943258,99,8384,287.24,51
1786943259,69,8384,258.82,48
1786943260,100,8384,205.83,49
1786943262,100,8384,216.79,48
1786943263,100,8384,216.50,48
1786943264,100,8384,216.97,48
1786943265,100,8384,216.85,48
1786943266,100,8384,215.94,48
1786943267,100,8384,216.23,48
1786943268,100,8384,215.87,48
1786943269,100,8384,216.45,48
1786943270,100,8384,217.03,48
1786943271,100,8384,217.24,48
1786943272,100,8384,216.42,48
1786943274,100,8384,216.55,48
1786943275,100,8384,217.29,48
1786943276,100,8384,218.43,48
1786943277,100,8384,219.24,48
1786943278,100,8384,218.97,48
1786943279,100,8384,218.48,48
1786943280,100,8384,219.95,48
1786943281,70,8384,212.96,47
1786943282,100,8384,219.57,48
1786943283,100,8384,218.71,48
1786943285,100,8384,219.33,48
1786943286,100,8384,218.73,48
1786943287,100,8384,219.19,48
1786943288,100,8384,215.90,47
1786943289,100,8384,217.61,47
1786943290,100,8384,215.64,47
1786943291,100,8384,217.29,47
1786943292,100,8384,217.07,47
1786943294,100,8384,217.10,47
1786943295,100,8384,217.58,47
1786943296,100,8384,216.80,47
1786943297,100,8384,217.31,47
1786943298,100,8384,216.49,47
1786943299,100,8384,216.46,47
1786943300,100,8384,216.58,47
1786943301,100,8384,217.56,47
1786943302,100,8384,218.27,47
1786943303,100,8384,209.23,47
1786943304,100,8384,217.01,47
1786943305,100,8384,217.90,47
1786943307,100,8384,216.07,47
1786943308,100,8384,216.33,47
1786943309,100,8384,215.14,47
1786943310,100,8384,214.89,47
1786943311,100,8384,216.68,47
1786943312,100,8384,216.98,47
1786943313,100,8384,218.00,47
1786943314,100,8384,219.34,47
1786943315,100,8384,218.19,47
1786943316,100,8384,219.49,47
1786943317,100,8384,219.41,47
1786943319,100,8384,218.35,48
1786943320,100,8384,221.50,48
1786943321,100,8384,220.35,48
1786943322,100,8384,218.95,48
1786943323,100,8384,218.69,48
1786943324,77,8384,211.65,47
1786943325,100,8384,218.82,47
1786943326,100,8384,219.50,48
1786943327,100,8384,218.86,48
1786943328,100,8384,218.92,48
1786943329,100,8384,219.68,48
1786943330,100,8384,217.18,48
1786943332,100,8384,217.06,48
1786943333,100,8384,217.06,48
1786943334,100,8384,216.24,48
1786943335,100,8384,217.13,48
1786943336,100,8384,217.41,48
1786943337,100,8384,217.45,48
1786943338,100,8384,217.59,48
1786943339,100,8384,217.72,48
1786943340,100,8384,217.42,48
1786943341,100,8384,217.64,48
1786943342,100,8384,218.08,48
1786943343,100,8384,218.63,48
1786943345,100,8384,218.63,48
1786943346,100,8384,216.26,48
1786943347,100,8384,217.44,48
1786943348,100,8384,216.97,48
1786943349,100,8384,217.02,48
1786943350,100,8384,217.46,48
1786943351,100,8384,217.10,48
1786943352,100,8384,217.45,48
1786943353,100,8384,218.47,48
1786943354,100,8384,217.54,48
1786943355,100,8384,219.04,48
1786943356,100,8384,217.86,48
1786943358,100,8384,218.62,48
1786943359,100,8384,218.57,48
1786943360,100,8384,219.00,48
1786943361,100,8384,220.52,48
1786943362,100,8384,218.62,48
1786943363,100,8384,218.96,48
1786943364,100,8384,219.38,48
1786943365,100,8384,220.21,48
1786943366,100,8384,220.62,48
1786943367,100,8384,220.31,48
1786943368,100,8384,219.96,48
1786943369,100,8384,220.41,48
1786943371,100,8384,218.09,48
1786943372,100,8384,220.41,48
1786943373,100,8384,218.03,48
1786943374,100,8384,217.91,48
1786943375,100,8384,217.61,48
1786943376,100,8384,217.49,48
1786943377,100,8384,218.05,48
1786943378,100,8384,217.75,48
1786943379,100,8384,217.95,48
1786943380,100,8384,218.41,48
1786943381,100,8384,218.94,48
1786943383,100,8384,217.42,48
1786943384,100,8384,218.02,48
1786943385,100,8384,218.06,48
1786943386,100,8384,218.85,48
1786943387,100,8384,218.39,48
1786943388,97,8384,217.92,48
1786943389,100,8384,217.27,48
1786943390,100,8384,219.21,48
1786943391,100,8384,216.84,48
1786943392,100,8384,218.81,48
1786943393,100,8384,218.12,48
1786943394,100,8384,218.61,48
1786943396,100,8384,216.55,48
1786943397,100,8384,217.60,48
1786943398,100,8384,219.32,48
1786943399,100,8384,218.76,48
1786943400,100,8384,219.40,48
1786943401,100,8384,218.46,48
1786943402,100,8384,219.03,48
1786943403,100,8384,218.66,48
1786943404,100,8384,220.10,48
1786943405,100,8384,220.03,48
1786943406,100,8384,220.21,48
1786943408,100,8384,219.35,48
1786943409,100,8384,219.15,48
1786943410,100,8384,219.27,48
1786943411,100,8384,220.02,48
1786943412,100,8384,219.70,48
1786943413,100,8384,219.35,48
1786943414,100,8384,220.65,48
1786943415,100,8384,219.65,48
1786943416,100,8384,218.78,48
1786943417,100,8384,218.73,48
1786943418,100,8384,218.96,48
1786943419,100,8384,219.23,48
1786943421,100,8384,218.72,48
1786943422,100,8384,218.93,48
1786943423,100,8384,219.47,48
1786943424,100,8384,217.65,48
1786943425,100,8384,218.52,48
1786943426,100,8384,219.68,48
1786943427,100,8384,218.49,48
1786943428,100,8384,219.30,48
1786943429,100,8384,219.77,48
1786943430,100,8384,218.67,48
1786943431,100,8384,219.90,48
1786943432,100,8384,217.93,48
1786943434,100,8384,219.54,48
1786943435,100,8384,219.36,48
1786943436,100,8384,218.84,48
1786943437,100,8384,218.99,48
1786943438,100,8384,218.08,48
1786943439,100,8384,219.85,48
1786943440,100,8384,219.31,48
1786943441,100,8384,218.95,49
1786943442,100,8384,220.43,49
1786943443,100,8384,218.37,48
1786943445,100,8384,220.12,49
1786943446,100,8384,218.76,48
1786943447,100,8384,220.83,49
1786943448,100,8384,219.53,48
1786943449,100,8384,220.76,49
1786943450,100,8384,220.76,49
1786943451,100,8384,220.51,49
1786943452,100,8384,220.34,49
1786943453,100,8384,220.25,49
1786943454,100,8384,219.47,49
1786943455,100,8384,221.03,49
1786943456,100,8384,219.83,48
1786943458,100,8384,218.31,49
1786943459,100,8384,219.86,48
1786943460,100,8384,217.80,48
1786943461,100,8384,218.71,49
1786943462,100,8384,220.69,48
1786943463,100,8384,219.55,49
1786943464,100,8384,219.44,49
1786943465,100,8384,219.29,49
1786943466,100,8384,218.84,49
1786943467,100,8384,218.72,49
1786943468,100,8384,219.33,49
1786943470,100,8384,218.44,49
1786943471,100,8384,219.58,49
1786943472,100,8384,218.83,49
1786943473,100,8384,219.90,49
1786943474,100,8384,218.19,49
1786943475,100,8384,219.35,49
1786943476,100,8384,218.27,49
1786943477,100,8384,219.79,49
1786943478,100,8384,218.97,49
1786943479,100,8384,220.30,49
1786943480,100,8384,218.26,49
1786943482,100,8384,219.30,49
1786943483,100,8384,219.36,49
1786943484,100,8384,219.45,49
1786943485,100,8384,219.63,49
1786943486,100,8384,219.30,49
1786943487,100,8384,220.30,49
1786943488,100,8384,221.09,49
1786943489,100,8384,220.09,49
1786943490,100,8384,220.52,49
1786943491,100,8384,220.98,49
1786943492,100,8384,220.81,49
1786943494,100,8384,219.97,49
1786943495,100,8384,220.10,49
1786943496,100,8384,219.91,49
1786943497,100,8384,220.55,49
1786943498,100,8384,219.45,49
1786943499,100,8384,219.49,49
1786943500,100,8384,220.31,49
1786943501,100,8384,219.10,49
1786943502,100,8384,219.73,49
1786943503,100,8384,219.56,49
1786943504,100,8384,217.25,49
1786943505,100,8384,220.18,49
1786943507,100,8384,219.05,49
1786943508,100,8384,219.10,49
1786943509,100,8384,219.43,49
1786943510,100,8384,219.21,49
1786943511,100,8384,218.99,49
1786943512,100,8384,219.34,49
1786943513,100,8384,219.18,49
1786943514,100,8384,219.77,49
1786943515,100,8384,219.89,49
1786943516,100,8384,218.97,49
1786943517,100,8384,218.28,49
1786943519,100,8384,219.42,49
1786943520,100,8384,219.07,49
1786943521,100,8384,218.92,49
1786943522,100,8384,219.60,49
1786943523,100,8384,218.32,49
1786943524,100,8384,219.73,49
1786943525,100,8384,219.51,49
1786943526,100,8384,220.57,49
1786943527,100,8384,220.70,49
1786943528,100,8384,220.34,49
1786943529,100,8384,219.19,49
1786943531,100,8384,219.92,49
1786943532,100,8384,220.50,49
1786943533,100,8384,220.10,49
1786943534,100,8384,221.60,49
1786943535,100,8384,221.06,49
1786943536,100,8384,219.85,49
1786943537,100,8384,220.83,49
1786943538,100,8384,219.45,49
1786943539,100,8384,220.39,49
1786943540,100,8384,220.39,49
1786943541,100,8384,219.12,49
1786943542,100,8384,220.90,49
1786943544,100,8384,220.34,49
1786943545,100,8384,218.74,49
1786943546,100,8384,218.67,49
1786943547,100,8384,219.04,49
1786943548,100,8384,219.41,49
1786943549,100,8384,219.38,49
1786943550,100,8384,220.01,49
1786943551,100,8384,219.84,49
1786943552,100,8384,219.09,49
1786943553,100,8384,219.88,49
1786943554,100,8384,219.75,49
1786943555,100,8384,221.29,49
1786943557,100,8384,219.77,49
1786943558,100,8384,219.20,49
1786943559,100,8384,219.18,49
1786943560,100,8384,219.26,49
1786943561,100,8384,219.26,49
1786943562,100,8384,219.36,49
1786943563,100,8384,219.94,49
1786943564,100,8384,219.27,49
1786943565,100,8384,219.61,49
1786943566,100,8384,218.60,49
1786943567,100,8384,220.52,49
1786943568,100,8384,221.70,49
1786943570,100,8384,221.01,49
1786943571,100,8384,220.27,49
1786943572,100,8384,220.36,49
1786943573,100,8384,220.69,49
1786943574,100,8384,220.46,49
1786943575,100,8384,221.43,49
1786943576,100,8384,219.99,49
1786943577,100,8384,219.27,49
1786943578,100,8384,220.86,49
1786943579,100,8384,220.83,49
1786943580,100,8384,220.80,49
1786943582,100,8384,220.06,49
1786943583,100,8384,220.51,49
1786943584,100,8384,220.12,49
1786943585,100,8384,220.63,49
1786943586,100,8384,219.44,49
1786943587,100,8384,219.60,49
1786943588,100,8384,219.47,49
1786943589,100,8384,220.02,49
1786943590,100,8384,220.29,49
1786943591,100,8384,219.19,49
1786943592,100,8384,220.07,49
1786943593,100,8384,219.91,49
1786943595,100,8384,219.25,49
1786943596,100,8384,220.24,49
1786943597,100,8384,218.65,49
1786943598,100,8384,219.63,49
1786943599,100,8384,220.26,49
1786943600,100,8384,220.36,49
1786943601,100,8384,219.00,49
1786943602,100,8384,219.58,49
1786943603,100,8384,218.37,49
1786943604,100,8384,218.85,49
1786943605,100,8384,219.30,49
1786943607,100,8384,219.77,49
1786943608,100,8384,218.54,49
1786943609,100,8384,220.30,49
1786943610,100,8384,221.38,49
1786943611,100,8384,219.93,49
1786943612,100,8384,220.13,49
1786943613,100,8384,220.87,49
1786943614,100,8384,220.14,49
1786943615,100,8384,220.61,49
1786943616,100,8384,221.68,49
1786943617,100,8384,220.85,49
1786943619,100,8384,220.48,49
1786943620,100,8384,219.98,49
1786943621,100,8384,221.14,49
1786943622,100,8384,220.46,49
1786943623,100,8384,221.62,49
1786943624,100,8384,220.57,49
1786943625,100,8384,220.90,49
1786943626,100,8384,221.41,49
1786943627,100,8384,219.46,49
1786943628,100,8384,220.68,49
1786943629,100,8384,220.54,49
1786943630,100,8384,219.66,49
1786943632,100,8384,219.79,49
1786943633,100,8384,220.31,49
1786943634,100,8384,218.90,49
1786943635,100,8384,219.82,49
1786943636,100,8384,219.58,49
1786943637,100,8384,220.88,49
1786943638,100,8384,219.34,49
1786943639,100,8384,218.99,49
1786943640,100,8384,218.39,49
1786943641,100,8384,220.70,49
1786943642,100,8384,220.40,49
1786943644,100,8384,220.58,49
1786943645,100,8384,218.49,49
1786943646,100,8384,219.25,49
1786943647,100,8384,220.43,49
1786943648,100,8384,220.12,49
1786943649,100,8384,220.08,49
1786943650,100,8384,219.97,49
1786943651,100,8384,220.31,49
1786943652,100,8384,219.91,49
1786943653,100,8384,219.27,49
1786943655,100,8384,220.89,49
1786943656,100,8384,219.12,49
1786943657,100,8384,221.14,49
1786943658,100,8384,220.30,49
1786943659,100,8384,220.06,49
1786943660,100,8384,220.05,49
1786943661,100,8384,221.13,49
1786943662,100,8384,221.07,49
1786943663,100,8384,219.41,49
1786943664,100,8384,220.78,49
1786943665,100,8384,220.60,49
1786943666,100,8384,219.90,49
1786943668,100,8384,221.08,49
1786943669,100,8384,220.86,49
1786943670,100,8384,219.60,49
1786943671,100,8384,219.90,49
1786943672,100,8384,218.89,49
1786943673,100,8384,219.98,49
1786943674,100,8384,219.69,49
1786943675,100,8384,220.43,49
1786943676,100,8384,218.92,49
1786943677,100,8384,217.62,49
1786943678,100,8384,220.03,49
1786943680,100,8384,218.52,49
1786943681,100,8384,218.45,49
1786943682,100,8384,218.35,49
1786943683,100,8384,218.72,49
1786943684,100,8384,218.56,49
1786943685,100,8384,219.36,49
1786943686,100,8384,219.02,49
1786943687,100,8384,221.27,49
1786943688,100,8384,220.40,49
1786943689,100,8384,221.64,49
1786943690,100,8384,220.22,49
1786943692,100,8384,221.29,49
1786943693,100,8384,223.70,49
1786943694,100,8384,222.45,49
1786943695,100,8384,222.15,49
1786943696,100,8384,220.75,49
1786943697,100,8384,221.14,49
1786943698,100,8384,221.39,49
1786943699,100,8384,220.15,49
1786943700,100,8384,219.94,49
1786943701,100,8384,220.36,49
1786943702,100,8384,220.95,49
1786943703,100,8384,220.07,49
1786943705,100,8384,218.78,49
1786943706,100,8384,219.51,49
1786943707,100,8384,221.52,49
1786943708,100,8384,223.01,49
1786943709,100,8384,224.19,49
1786943710,100,8384,222.55,49
1786943711,100,8384,223.59,49
1786943712,100,8384,222.32,49
1786943713,100,8384,222.51,49
1786943714,100,8384,223.29,49
1786943715,100,8384,223.03,49
1786943717,100,8384,224.23,49
1786943718,100,8384,225.07,49
1786943719,100,8384,222.56,49
1786943720,100,8384,222.14,49
1786943721,100,8384,223.85,49
1786943722,100,8384,222.74,49
1786943723,100,8384,225.10,49
1786943724,100,8384,224.76,49
1786943725,100,8384,224.31,49
1786943726,100,8384,224.18,49
1786943727,100,8384,223.66,49
1786943729,100,8384,220.63,49
1786943730,100,8384,223.63,49
1786943731,100,8384,222.38,49
1786943732,100,8384,222.99,49
1786943733,100,8384,223.48,49
1786943734,100,8384,226.41,49
1786943735,100,8384,224.11,49
1786943736,100,8384,223.94,49
1786943737,100,8384,223.85,49
1786943738,100,8384,223.78,49
1786943740,100,8384,225.56,49
1786943741,100,8384,227.61,49
1786943742,100,8384,227.68,49
1786943743,100,8384,227.70,49
1786943744,100,8384,227.22,49
1786943745,100,8384,228.47,49
1786943746,100,8384,228.46,49
1786943747,100,8384,224.16,49
1786943748,100,8384,226.53,49
1786943749,100,8384,229.81,49
1786943750,100,8384,228.28,49
1786943751,100,8384,226.94,49
1786943753,100,8384,228.20,49
1786943754,100,8384,228.88,49
1786943755,100,8384,227.20,49
1786943756,100,8384,227.40,49
1786943757,100,8384,228.74,49
1786943758,100,8384,225.88,49
1786943759,100,8384,230.67,49
1786943760,100,8384,228.56,49
1786943761,100,8384,228.86,49
1786943762,100,8384,227.82,49
1786943763,100,8384,231.80,49
1786943765,100,8384,227.03,49
1786943766,100,8384,229.88,49
1786943767,100,8384,231.47,49
1786943768,100,8384,229.98,50
1786943769,100,8384,227.39,49
1786943770,100,8384,227.60,49
1786943771,100,8384,228.35,49
1786943772,100,8384,228.04,49
1786943773,100,8384,227.54,49
1786943774,100,8384,227.15,50
1786943775,100,8384,226.53,49
1786943776,100,8384,228.25,50
1786943778,100,8384,229.31,50
1786943779,100,8384,228.05,49
1786943780,100,8384,228.35,50
1786943781,100,8384,226.22,50
1786943782,100,8384,227.85,50
1786943783,100,8384,227.83,50
1786943784,100,8384,227.99,50
1786943785,100,8384,227.91,50
1786943786,100,8384,228.21,50
1786943787,100,8384,227.61,50
1786943788,100,8384,232.61,50
1786943789,100,8384,232.44,50
1786943791,100,8384,231.81,50
1786943792,100,8384,231.20,50
1786943793,100,8384,231.74,50
1786943794,100,8384,231.09,50
1786943795,100,8384,230.82,50
1786943796,100,8384,232.51,50
1786943797,100,8384,231.07,50
1786943798,100,8384,230.95,50
1786943799,100,8384,230.66,50
1786943800,100,8384,231.83,50
1786943801,100,8384,231.59,50
1786943803,100,8384,233.58,50
1786943804,100,8384,231.74,50
1786943805,100,8384,232.50,50
1786943806,100,8384,234.25,50
1786943807,100,8384,234.48,50
1786943808,100,8384,233.98,50
1786943809,100,8384,232.72,50
1786943810,100,8384,234.65,50
1786943811,100,8384,236.61,50
1786943812,100,8384,235.78,50
1786943813,100,8384,236.42,50
1786943814,100,8384,236.22,50
1786943816,100,8384,234.49,50
1786943817,100,8384,236.25,50
1786943818,100,8384,233.54,50
1786943819,100,8384,232.30,50
1786943820,100,8384,233.08,50
1786943821,100,8384,233.91,50
1786943822,100,8384,232.24,50
1786943823,100,8384,231.81,50
1786943824,100,8384,233.51,50
1786943825,100,8384,234.52,50
1786943826,100,8384,235.43,50
1786943828,100,8384,234.41,50
1786943829,100,8384,235.27,50
1786943830,100,8384,236.45,50
1786943831,100,8384,231.84,50
1786943832,100,8384,235.37,50
1786943833,100,8384,234.35,50
1786943834,100,8384,233.62,50
1786943835,100,8384,234.15,50
1786943836,100,8384,234.61,50
1786943837,100,8384,233.31,50
1786943838,100,8384,235.14,50
1786943839,100,8384,237.19,50
1786943841,100,8384,233.51,50
1786943842,100,8384,234.91,50
1786943843,100,8384,234.41,50
1786943844,100,8384,232.79,50
1786943845,100,8384,231.56,50
1786943846,100,8384,232.59,50
1786943847,100,8384,234.75,50
1786943848,100,8384,233.68,50
1786943849,100,8384,232.88,50
1786943850,100,8384,234.40,50
1786943851,100,8384,233.23,50
1786943853,100,8384,234.66,50
1786943854,100,8384,233.79,50
1786943855,100,8384,231.49,50
1786943856,100,8384,231.33,50
1786943857,100,8384,234.15,50
1786943858,100,8384,234.90,50
1786943859,100,8384,234.21,50
1786943860,100,8384,233.87,50
1786943861,100,8384,233.48,50
1786943862,100,8384,230.30,50
1786943863,100,8384,232.61,50
1786943865,100,8384,231.44,50
1786943866,100,8384,233.47,50
1786943867,100,8384,231.80,50
1786943868,100,8384,232.94,50
1786943869,100,8384,232.50,50
1786943870,100,8384,233.02,50
1786943871,100,8384,232.85,50
1786943872,100,8384,232.16,50
1786943873,100,8384,233.11,50
1786943874,100,8384,232.71,50
1786943875,100,8384,232.31,50
1786943876,95,8384,231.96,50
1786943878,100,8384,232.37,50
1786943879,100,8384,233.45,50
1786943880,100,8384,233.38,50
1786943881,100,8384,233.86,50
1786943882,100,8384,231.64,50
1786943883,100,8384,231.67,50
1786943884,100,8384,232.94,50
1786943885,100,8384,233.84,50
1786943886,100,8384,232.30,50
1786943887,100,8384,233.11,50
1786943888,100,8384,234.20,50
1786943890,100,8384,234.09,50
1786943891,100,8384,234.12,51
1786943892,100,8384,232.35,50
1786943893,100,8384,232.98,51
1786943894,100,8384,232.97,50
1786943895,100,8384,233.19,50
1786943896,100,8384,233.85,51
1786943897,100,8384,233.17,50
1786943898,100,8384,233.85,50
1786943899,100,8384,233.54,50
1786943901,100,8384,233.89,51
1786943902,100,8384,231.97,50
1786943903,100,8384,231.84,51
1786943904,100,8384,234.16,51
1786943905,100,8384,233.88,51
1786943906,100,8384,231.73,51
1786943907,100,8384,233.97,51
1786943908,100,8384,232.70,51
1786943909,100,8384,232.00,51
1786943910,100,8384,231.72,51
1786943911,100,8384,234.43,51
1786943913,100,8384,231.97,51
1786943914,100,8384,233.04,51
1786943915,100,8384,231.21,51
1786943916,100,8384,234.01,51
1786943917,100,8384,232.08,51
1786943918,100,8384,230.58,51
1786943919,100,8384,231.51,51
1786943920,100,8384,230.71,51
1786943921,100,8384,229.49,51
1786943922,100,8384,232.13,51
1786943923,100,8384,232.78,51
1786943925,100,8384,232.78,51
1786943926,100,8384,231.07,51
1786943927,100,8384,232.02,51
1786943928,100,8384,233.31,51
1786943929,100,8384,231.95,51
1786943930,100,8384,233.09,51
1786943931,100,8384,230.81,51
1786943932,100,8384,231.98,51
1786943933,100,8384,229.79,51
1786943934,100,8384,229.61,51
1786943935,100,8384,230.52,51
1786943936,100,8384,229.86,51
1786943938,100,8384,229.25,51
1786943939,100,8384,234.12,51
1786943940,100,8384,228.93,51
1786943941,100,8384,233.74,51
1786943942,100,8384,232.17,51
1786943943,100,8384,233.63,51
1786943944,100,8384,230.21,51
1786943945,100,8384,232.43,51
1786943946,100,8384,231.49,51
1786943947,100,8384,230.79,51
1786943948,100,8384,231.19,51
1786943950,100,8384,228.72,51
1786943951,100,8384,227.85,51
1786943952,100,8384,230.11,51
1786943953,100,8384,230.65,51
1786943954,100,8384,228.44,51
1786943955,100,8384,229.85,51
1786943956,100,8384,229.86,51
1786943957,100,8384,228.85,51
1786943958,100,8384,230.72,51
1786943959,100,8384,227.77,51
1786943960,100,8384,229.33,51
1786943961,100,8384,229.32,51
1786943963,100,8384,229.22,51
1786943964,100,8384,230.54,51
1786943965,100,8384,230.53,51
1786943966,100,8384,228.97,51
1786943967,100,8384,228.39,51
1786943968,100,8384,230.16,51
1786943969,100,8384,230.11,51
1786943970,100,8384,227.21,51
1786943971,100,8384,231.16,51
1786943972,100,8384,229.81,51
1786943973,100,8384,229.18,51
1786943975,100,8384,228.32,51
1786943976,100,8384,231.21,51
1786943977,100,8384,229.31,51
1786943978,100,8384,230.93,51
1786943979,100,8384,228.81,51
1786943980,100,8384,228.81,51
1786943981,100,8384,232.30,51
1786943982,100,8384,228.55,51
1786943983,100,8384,229.22,51
1786943984,100,8384,229.82,51
1786943985,100,8384,228.66,51
1786943986,100,8384,226.78,51
1786943988,100,8384,228.01,51
1786943989,100,8384,229.92,51
1786943990,100,8384,228.35,51
1786943991,100,8384,228.73,51
1786943992,100,8384,227.09,51
1786943993,100,8384,227.16,51
1786943994,100,8384,227.62,51
1786943995,100,8384,229.47,51
1786943996,100,8384,229.82,51
1786943997,100,8384,229.26,51
1786943998,100,8384,231.08,51
1786943999,100,8384,229.53,51
1786944001,100,8384,228.98,51
1786944002,100,8384,228.46,51
1786944003,100,8384,225.74,51
1786944004,100,8384,224.79,51
1786944005,100,8384,225.74,51
1786944006,100,8384,225.17,51
1786944007,100,8384,226.65,51
1786944008,100,8384,226.21,51
1786944009,100,8384,225.89,51
1786944010,100,8384,225.86,51
1786944011,100,8384,225.18,51
1786944013,100,8384,224.77,50
1786944014,100,8384,224.83,51
1786944015,100,8384,225.48,50
1786944016,100,8384,226.48,51
1786944017,100,8384,225.55,50
1786944018,100,8384,224.69,50
1786944019,100,8384,226.35,50
1786944020,100,8384,225.13,50
1786944021,100,8384,224.57,50
1786944022,100,8384,226.52,50
1786944023,100,8384,225.22,50
1786944025,100,8384,225.95,50
1786944026,100,8384,224.93,50
1786944027,100,8384,225.79,50
1786944028,100,8384,227.82,50
1786944029,100,8384,225.88,50
1786944030,100,8384,223.30,50
1786944031,100,8384,225.79,50
1786944032,100,8384,226.69,50
1786944033,100,8384,227.58,50
1786944034,100,8384,224.74,50
1786944035,100,8384,223.42,50
1786944036,100,8384,223.39,50
1786944038,100,8384,223.30,50
1786944039,100,8384,222.89,50
1786944040,100,8384,224.90,50
1786944041,100,8384,224.08,50
1786944042,100,8384,224.09,50
1786944043,100,8384,223.49,50
1786944044,100,8384,223.08,50
1786944045,100,8384,226.82,50
1786944046,100,8384,222.02,50
1786944047,100,8384,224.63,50
1786944048,100,8384,223.26,50
1786944050,100,8384,223.66,50
1786944051,100,8384,222.62,50
1786944052,100,8384,222.90,50
1786944053,100,8384,225.46,50
1786944054,100,8384,225.75,50
1786944055,100,8384,223.20,50
1786944056,100,8384,223.65,50
1786944057,100,8384,225.70,50
1786944058,100,8384,223.39,50
1786944059,100,8384,223.83,50
1786944060,100,8384,223.80,50
1786944062,100,8384,223.94,50
1786944063,100,8384,223.14,50
1786944064,100,8384,224.84,50
1786944065,100,8384,223.97,50
1786944066,100,8384,223.51,50
1786944067,100,8384,222.76,50
1786944068,100,8384,222.55,50
1786944069,100,8384,222.88,50
1786944070,100,8384,221.46,50
1786944071,100,8384,219.34,50
1786944072,100,8384,216.65,50
1786944073,100,8384,219.17,50
1786944075,100,8384,218.25,50
1786944076,100,8384,217.24,50
1786944077,100,8384,218.74,50
1786944078,100,8384,217.12,50
1786944079,100,8384,217.98,50
1786944080,100,8384,218.86,50
1786944081,100,8384,218.50,50
1786944082,100,8384,216.64,50
1786944083,100,8384,216.86,50
1786944084,100,8384,218.36,50
1786944085,99,8384,218.42,50
1786944086,100,8384,218.04,50
1786944088,100,8384,218.40,50
1786944089,100,8384,218.09,50
1786944090,100,8384,218.07,50
1786944091,100,8384,218.41,50
1786944092,100,8384,219.18,50
1786944093,100,8384,215.55,50
1786944094,100,8384,216.23,50
1786944095,100,8384,216.80,50
1786944096,100,8384,215.16,50
1786944097,100,8384,215.75,50
1786944098,100,8384,216.00,50
1786944100,100,8384,215.96,50
1786944101,100,8384,215.70,50
1786944102,100,8384,217.07,50
1786944103,100,8384,217.54,50
1786944104,100,8384,215.31,50
1786944105,100,8384,218.16,50
1786944106,100,8384,219.35,50
1786944107,100,8384,219.52,50
1786944108,100,8384,220.86,50
1786944109,100,8384,217.73,50
1786944110,100,8384,221.35,50
1786944112,100,8384,215.94,50
1786944113,100,8384,218.82,50
1786944114,100,8384,217.37,50
1786944115,100,8384,216.75,50
1786944116,100,8384,218.25,50
1786944117,100,8384,218.83,50
1786944118,100,8384,216.85,50
1786944119,100,8384,216.57,50
1786944120,100,8384,218.08,50
1786944121,100,8384,216.18,50
1786944123,100,8384,216.76,50
1786944124,100,8384,217.00,50
1786944125,100,8384,217.55,50
1786944126,100,8384,214.34,50
1786944127,100,8384,216.90,49
1786944128,100,8384,215.03,49
1786944129,100,8384,217.14,49
1786944130,100,8384,215.55,49
1786944131,100,8384,214.82,49
1786944132,100,8384,215.88,49
1786944134,100,8384,218.05,49
1786944135,100,8384,216.78,49
1786944136,100,8384,216.01,49
1786944137,100,8384,214.20,49
1786944138,100,8384,216.95,49
1786944139,100,8384,214.04,49
1786944140,100,8384,212.97,49
1786944141,100,8384,212.37,49
1786944142,100,8384,214.18,49
1786944143,100,8384,216.08,49
1786944144,100,8384,212.73,49
1786944145,100,8384,213.04,49
1786944147,100,8384,214.20,49
1786944148,100,8384,214.81,49
1786944149,100,8384,214.59,49
1786944150,100,8384,211.32,49
1786944151,100,8384,214.00,49
1786944152,100,8384,212.19,49
1786944153,100,8384,213.62,49
1786944154,99,8384,212.33,49
1786944155,100,8384,214.23,49
1786944156,100,8384,218.45,49
1786944157,100,8384,216.31,49
1786944158,100,8384,216.89,49
1786944160,100,8384,215.63,49
1786944161,100,8384,216.73,49
1786944162,100,8384,216.65,49
1786944163,100,8384,214.67,49
1786944164,100,8384,215.68,49
1786944165,100,8384,214.33,49
1786944166,100,8384,216.03,49
1786944167,100,8384,216.78,49
1786944168,100,8384,216.32,49
1786944169,100,8384,215.52,49
1786944170,100,8384,214.50,49
1786944172,100,8384,214.26,49
1786944173,100,8384,213.68,49
1786944174,100,8384,213.52,49
1786944175,100,8384,214.32,49
1786944176,100,8384,210.82,49
1786944177,100,8384,212.84,49
1786944178,100,8384,210.98,49
1786944179,100,8384,211.07,49
1786944180,100,8384,210.81,49
1786944181,100,8384,211.40,49
1786944182,100,8384,212.04,49
1786944183,100,8384,210.55,49
1786944185,100,8384,213.03,49
1786944186,100,8384,211.40,49
1786944187,100,8384,211.26,49
1786944188,100,8384,211.26,49
1786944189,100,8384,212.01,49
1786944190,100,8384,211.16,49
1786944191,100,8384,210.92,49
1786944192,100,8384,210.98,49
1786944193,100,8384,210.19,49
1786944194,100,8384,210.08,49
1786944195,100,8384,208.17,49
1786944196,100,8384,206.81,49
1786944197,100,8384,207.79,49
1786944199,100,8384,209.08,49
1786944200,100,8384,209.10,48
1786944201,100,8384,208.10,48
1786944202,100,8384,206.93,48
1786944203,100,8384,207.97,48
1786944204,100,8384,206.78,48
1786944205,100,8384,207.52,48
1786944206,100,8384,207.39,48
1786944207,100,8384,204.65,48
1786944208,100,8384,206.41,48
1786944209,100,8384,206.71,48
1786944211,100,8384,211.28,48
1786944212,100,8384,209.82,48
1786944213,100,8384,210.61,48
1786944214,100,8384,209.88,48
1786944215,100,8384,209.94,48
1786944216,100,8384,209.78,48
1786944217,100,8384,208.77,48
1786944218,100,8384,209.10,48
1786944219,100,8384,207.95,48
1786944220,100,8384,208.23,48
1786944221,100,8384,206.54,48
1786944222,100,8384,208.03,48
1786944224,100,8384,206.97,48
1786944225,100,8384,207.29,48
1786944226,100,8384,209.23,48
1786944227,100,8384,214.15,48
1786944228,100,8384,212.76,48
1786944229,100,8384,212.54,48
1786944230,100,8384,209.83,48
1786944231,100,8384,210.61,48
1786944232,100,8384,210.16,48
1786944233,100,8384,209.62,48
1786944234,100,8384,209.21,48
1786944235,100,8384,208.71,48
1786944237,100,8384,207.50,48
1786944238,100,8384,204.21,48
1786944239,100,8384,203.99,48
1786944240,100,8384,202.58,48
1786944241,100,8384,203.61,48
1786944242,100,8384,208.02,48
1786944243,100,8384,208.86,48
1786944244,100,8384,207.79,48
1786944245,100,8384,206.66,48
1786944246,100,8384,208.31,48
1786944247,100,8384,208.40,48
1786944248,100,8384,206.17,48
1786944250,100,8384,206.18,48
1786944251,100,8384,206.63,48
1786944252,100,8384,204.13,48
1786944253,100,8384,203.88,48
1786944254,100,8384,203.48,48
1786944255,100,8384,203.75,48
1786944256,100,8384,204.69,48
1786944257,100,8384,202.62,48
1786944258,100,8384,201.23,48
1786944259,100,8384,200.87,48
1786944260,100,8384,200.72,48
1786944261,100,8384,200.14,48
1786944263,100,8384,199.78,48
1786944264,100,8384,198.99,48
1786944265,100,8384,198.61,48
1786944266,100,8384,199.55,48
1786944267,100,8384,199.34,48
1786944268,100,8384,198.94,47
1786944269,100,8384,199.24,47
1786944270,100,8384,198.97,47
1786944271,100,8384,198.46,47
1786944272,100,8384,198.96,47
1786944273,100,8384,199.43,47
1786944274,100,8384,198.48,47
1786944276,100,8384,198.71,47
1786944277,100,8384,198.91,47
1786944278,100,8384,198.17,47
1786944279,100,8384,198.16,47
1786944280,100,8384,197.86,47
1786944281,100,8384,197.96,47
1786944282,100,8384,197.05,47
1786944283,100,8384,197.41,47
1786944284,100,8384,197.04,47
1786944285,100,8384,197.76,47
1786944286,100,8384,197.17,47
1786944287,100,8384,198.26,47
1786944289,100,8384,196.95,47
1786944290,100,8384,196.45,47
1786944291,100,8384,198.05,47
1786944292,100,8384,194.66,47
1786944293,100,8384,196.01,47
1786944294,100,8384,195.18,47
1786944295,100,8384,193.71,47
1786944296,100,8384,195.00,47
1786944297,100,8384,196.45,47
1786944298,100,8384,195.02,47
1786944299,100,8384,195.97,47
1786944301,100,8384,193.71,47
1786944302,100,8384,196.71,47
1786944303,100,8384,200.08,47
1786944304,100,8384,198.70,47
1786944305,100,8384,198.07,47
1786944306,100,8384,198.49,47
1786944307,100,8384,198.62,47
1786944308,100,8384,199.65,47
1786944309,100,8384,198.39,47
1786944310,100,8384,197.79,47
1786944311,100,8384,197.85,47
1786944312,100,8384,197.25,47
1786944314,100,8384,196.12,47
1786944315,100,8384,195.00,47
1786944316,100,8384,195.10,47
1786944317,100,8384,192.93,47
1786944318,100,8384,192.92,47
1786944319,100,8384,192.97,47
1786944320,100,8384,193.62,47
1786944321,100,8384,192.68,47
1786944322,100,8384,193.09,47
1786944323,100,8384,193.00,47
1786944324,100,8384,191.52,47
1786944325,100,8384,191.95,47
1786944327,100,8384,188.87,47
1786944328,100,8384,190.00,47
1786944329,100,8384,189.83,47
1786944330,100,8384,188.77,47
1786944331,100,8384,187.18,46
1786944332,100,8384,188.72,46
1786944333,100,8384,192.53,47
1786944334,100,8384,193.15,47
1786944335,100,8384,190.56,46
1786944336,100,8384,189.33,46
1786944337,100,8384,188.32,46
1786944339,100,8384,189.71,46
1786944340,99,8384,190.61,46
1786944341,100,8384,188.65,46
1786944342,100,8384,187.27,46
1786944343,100,8384,187.34,46
1786944344,100,8384,185.66,46
1786944345,100,8384,186.27,46
1786944346,100,8384,189.51,46
1786944347,100,8384,193.58,46
1786944348,100,8384,191.08,46
1786944349,100,8384,192.20,46
1786944350,100,8384,189.93,46
1786944352,100,8384,190.62,46
1786944353,100,8384,194.72,46
1786944354,100,8384,191.15,46
1786944355,100,8384,191.05,46
1786944356,100,8384,190.44,46
1786944357,100,8384,189.44,46
1786944358,100,8384,190.23,46
1786944359,100,8384,187.28,46
1786944360,100,8384,187.18,46
1786944361,100,8384,188.89,46
1786944362,100,8384,187.71,46
1786944364,100,8384,187.46,46
1786944365,100,8384,186.45,46
1786944366,100,8384,185.08,46
1786944367,100,8384,186.27,46
1786944368,100,8384,181.18,46
1786944369,100,8384,188.69,46
1786944370,100,8384,190.19,46
1786944371,100,8384,191.41,46
1786944372,100,8384,190.82,46
1786944373,100,8384,187.58,46
1786944374,100,8384,180.61,46
1786944376,100,8384,179.91,46
1786944377,100,8384,179.53,46
1786944378,100,8384,179.47,46
1786944379,100,8384,188.32,46
1786944380,100,8384,189.88,46
1786944381,100,8384,190.92,46
1786944382,100,8384,191.87,46
1786944383,100,8384,189.50,46
1786944384,100,8384,189.34,46
1786944385,100,8384,189.36,46
1786944386,100,8384,191.16,46
1786944387,100,8384,188.96,46
1786944389,100,8384,188.78,46
1786944390,100,8384,190.68,46
1786944391,100,8384,191.40,46
1786944392,100,8384,190.52,46
1786944393,100,8384,187.55,46
1786944394,100,8384,182.94,46
1786944395,100,8384,182.66,46
1786944396,100,8384,183.17,45
1786944397,100,8384,181.58,45
1786944398,100,8384,176.36,45
1786944399,100,8384,177.05,45
1786944401,100,8384,176.57,45
1786944402,100,8384,178.61,45
1786944403,100,8384,176.50,45
1786944404,100,8384,176.47,45
1786944405,100,8384,176.81,45
1786944406,100,8384,177.51,45
1786944407,100,8384,177.35,45
1786944408,100,8384,178.80,45
1786944409,100,8384,175.03,45
1786944410,100,8384,174.54,45
1786944411,100,8384,173.27,45
1786944412,100,8384,171.63,45
1786944414,100,8384,173.13,45
1786944415,100,8384,173.13,45
1786944416,100,8384,172.62,45
1786944417,100,8384,174.72,45
1786944418,100,8384,178.90,45
1786944419,100,8384,179.43,45
1786944420,100,8384,178.19,45
1786944421,100,8384,179.00,45
1786944422,100,8384,184.08,45
1786944423,100,8384,181.71,45
1786944424,100,8384,180.68,45
1786944425,100,8384,181.07,45
1786944427,100,8384,180.73,45
1786944428,100,8384,180.30,45
1786944429,100,8384,180.36,45
1786944430,100,8384,180.63,45
1786944431,100,8384,168.79,45
1786944432,100,8384,167.07,44
1786944433,100,8384,159.54,44
1786944434,100,8384,159.59,44
1786944435,100,8384,161.34,44
1786944436,100,8384,161.43,44
1786944437,100,8384,162.04,44
1786944438,100,8384,162.11,44
1786944440,100,8384,161.09,44
1786944441,100,8384,163.79,44
1786944442,100,8384,163.56,44
1786944443,100,8384,173.65,44
1786944444,100,8384,172.96,44
1786944445,100,8384,172.40,44
1786944446,100,8384,173.10,44
1786944447,100,8384,172.92,44
1786944448,100,8384,173.96,44
1786944449,100,8384,170.90,44
1786944450,100,8384,172.94,44
1786944451,100,8384,189.54,44
1786944453,100,8384,190.50,45
1786944454,100,8384,189.47,45
1786944455,100,8384,190.10,45
1786944456,100,8384,188.57,45
1786944457,100,8384,189.50,45
1786944458,100,8384,191.12,45
1786944459,100,8384,189.60,45
1786944460,100,8384,185.35,45
1786944461,100,8384,184.86,45
1786944462,100,8384,194.42,45
1786944463,100,8384,193.92,45
1786944465,100,8384,192.04,45
1786944466,100,8384,187.98,45
1786944467,100,8384,183.12,44
1786944468,98,8384,178.65,44
1786944469,99,8384,168.56,44
1786944470,95,8384,161.31,44
1786944471,50,8384,140.36,43
1786944472,49,8384,139.96,43
1786944473,0,8384,119.02,43
1786944474,0,8384,118.57,42
1786944475,0,8384,118.63,42
1786944476,0,8384,118.61,42
1786944477,0,8384,118.41,42
1786944479,0,8384,118.55,42
1786944480,0,8384,118.29,42
1786944481,0,8384,118.33,42
1786944482,0,8384,118.26,42
1786944483,0,8384,118.19,42
1786944484,0,8384,118.26,42
1786944485,0,8384,118.10,42
1786944486,0,8384,118.23,42
1786944487,0,8384,118.09,42
1786944488,0,8384,118.16,42
1786944489,0,8384,118.23,41
1786944490,0,8384,117.86,41
1786944491,0,8384,118.13,41
1786944493,0,8384,117.89,41
1786944494,0,8384,118.03,41
1786944495,0,8384,117.72,41
1786944496,0,8384,117.89,41
1786944497,0,8384,117.83,41
1786944498,0,8384,117.80,41
1786944499,0,8384,118.05,41
1786944500,0,8384,117.65,41
1786944501,0,8384,117.89,41
1786944502,0,8384,117.58,41
1786944503,0,8384,117.80,41
1786944504,0,8384,117.73,41
1786944505,0,8384,117.68,41
1786944507,0,8384,117.65,41
1786944508,0,8384,117.46,41
1786944509,0,8384,117.71,41
1786944510,0,8384,117.49,41
1786944511,0,8384,117.77,41
1786944512,0,8384,117.40,41
1786944513,0,8384,117.76,41
1786944514,0,8384,117.48,41
1786944515,0,8384,117.58,41
1786944516,0,8384,117.38,41
1786944517,0,8384,117.77,40
1786944518,0,8384,117.44,40
1786944519,0,8384,117.57,40
1786944521,0,8384,117.50,40
1786944522,0,8384,117.61,40
1786944523,0,8384,117.46,40
1786944524,0,8384,117.54,40
1786944525,0,8384,117.32,40
1786944526,0,8384,117.50,40
1786944527,0,8384,117.30,40
1786944528,0,8384,117.51,40
1786944529,0,8384,117.30,40
1786944530,0,8384,117.43,40
1786944531,0,8384,117.37,40
1786944532,0,8384,117.50,40
1786944533,0,8384,117.19,40
1786944535,0,8384,117.31,40
1786944536,0,8384,117.17,40
1786944537,0,8384,117.43,40
1786944538,0,8384,117.14,40
1786944539,99,8384,238.36,43
1786944540,99,8384,279.42,44
1786944541,99,8384,283.46,44
1786944542,99,8384,279.81,45
1786944543,99,8384,284.91,45
1786944544,99,8384,284.17,45
1786944545,99,8384,282.21,46
1786944546,99,8384,285.24,46
1786944547,99,8384,289.67,46
1786944549,99,8384,284.73,46
1786944550,98,8384,284.95,46
1786944551,98,8384,283.34,46
1786944552,98,8384,290.42,47
1786944553,99,8384,289.60,46
1786944554,99,8384,286.08,47
1786944555,99,8384,285.71,47
1786944556,99,8384,287.40,47
1786944557,99,8384,286.90,47
1786944558,99,8384,286.01,47
1786944559,99,8384,291.20,47
1786944560,99,8384,289.60,47
1786944561,99,8384,285.01,48
1786944562,99,8384,286.02,47
1786944564,99,8384,287.48,48
1786944565,98,8384,291.80,48
1786944566,98,8384,281.71,48
1786944567,98,8384,289.02,48
1786944568,99,8384,288.23,48
1786944569,99,8384,288.28,48
1786944570,99,8384,284.37,48
1786944571,99,8384,289.81,48
1786944572,99,8384,283.87,48
1786944573,99,8384,285.50,49
1786944574,99,8384,291.36,48
1786944575,99,8384,285.82,49
1786944577,99,8384,286.13,48
1786944578,99,8384,285.63,49
1786944579,99,8384,288.22,48
1786944580,99,8384,286.42,49
1786944581,98,8384,286.84,49
1786944582,99,8384,283.68,49
1786944583,99,8384,289.93,49
1786944584,99,8384,286.70,49
1786944585,99,8384,287.58,49
1786944586,99,8384,285.26,49
1786944587,99,8384,289.55,49
1786944588,99,8384,286.94,49
1786944589,98,8384,283.93,49
1786944591,98,8384,289.27,49
1786944592,99,8384,286.62,49
1786944593,99,8384,288.87,49
1786944594,99,8384,285.59,49
1786944595,99,8384,290.62,49
1786944596,99,8384,286.23,49
1786944597,99,8384,288.69,49
1786944598,98,8384,288.39,49
1786944599,98,8384,286.14,50
1786944600,98,8384,288.25,49
1786944601,99,8384,285.32,50
1786944602,99,8384,291.29,49
1786944603,99,8384,285.59,50
1786944604,99,8384,287.61,49
1786944606,99,8384,284.05,50
1786944607,98,8384,288.97,49
1786944608,98,8384,289.63,50
1786944609,99,8384,284.99,49
1786944610,99,8384,285.35,50
1786944611,99,8384,289.52,50
1786944612,99,8384,289.57,50
1786944613,99,8384,286.57,50
1786944614,99,8384,286.57,50
1786944615,98,8384,285.86,50
1786944616,98,8384,290.44,50
1786944617,99,8384,287.25,50
1786944618,99,8384,288.09,50
1786944620,99,8384,287.21,50
1786944621,99,8384,285.86,50
1786944622,99,8384,290.11,50
1786944623,99,8384,285.60,50
1786944624,99,8384,287.41,50
1786944625,99,8384,285.79,50
1786944626,99,8384,293.32,50
1786944627,99,8384,289.05,50
1786944628,99,8384,286.26,50
1786944629,99,8384,284.09,50
1786944630,99,8384,290.08,50
1786944631,99,8384,289.24,50
1786944633,99,8384,284.58,50
1786944634,98,8384,288.39,50
1786944635,99,8384,286.26,50
1786944636,99,8384,289.38,50
1786944637,99,8384,284.33,50
1786944638,99,8384,285.22,50
1786944639,99,8384,287.14,50
1786944640,99,8384,287.58,50
1786944641,98,8384,289.21,50
1786944642,98,8384,288.17,50
1786944643,99,8384,287.65,50
1786944644,99,8384,289.24,50
1786944646,99,8384,288.86,50
1786944647,99,8384,292.64,51
1786944648,99,8384,283.74,50
1786944649,98,8384,289.33,50
1786944650,98,8384,290.85,50
1786944651,99,8384,288.97,50
1786944652,99,8384,285.90,50
1786944653,99,8384,285.30,50
1786944654,69,8384,224.47,48
1786944655,100,8384,214.18,48
1786944656,100,8384,214.44,48
1786944658,100,8384,214.87,48
1786944659,100,8384,214.63,48
1786944660,100,8384,215.94,48
1786944661,100,8384,214.82,48
1786944662,100,8384,214.95,48
1786944663,100,8384,215.20,48
1786944664,100,8384,218.37,48
1786944665,100,8384,217.93,48
1786944666,100,8384,216.71,48
1786944667,100,8384,215.60,48
1786944668,100,8384,216.37,48
1786944669,100,8384,214.59,47
1786944671,100,8384,215.23,47
1786944672,100,8384,214.60,47
1786944673,100,8384,216.52,47
1786944674,100,8384,215.19,47
1786944675,100,8384,216.40,47
1786944676,100,8384,216.43,47
1786944677,100,8384,215.89,47
1786944678,100,8384,217.13,47
1786944679,100,8384,216.25,47
1786944680,100,8384,217.92,47
1786944681,100,8384,217.39,47
1786944683,100,8384,215.87,47
1786944684,100,8384,216.31,47
1786944685,100,8384,215.96,47
1786944686,100,8384,215.97,47
1786944687,100,8384,215.32,47
1786944688,100,8384,215.22,47
1786944689,100,8384,215.60,47
1786944690,100,8384,214.45,47
1786944691,100,8384,215.63,47
1786944692,100,8384,214.80,47
1786944694,100,8384,214.53,47
1786944695,100,8384,215.11,47
1786944696,100,8384,214.97,47
1786944697,100,8384,214.17,47
1786944698,100,8384,215.19,47
1786944699,100,8384,214.68,47
1786944700,100,8384,215.96,47
1786944701,100,8384,215.33,47
1786944702,100,8384,215.51,47
1786944703,100,8384,216.45,47
1786944704,100,8384,216.10,47
1786944705,100,8384,216.20,47
1786944707,100,8384,216.88,47
1786944708,100,8384,216.42,47
1786944709,100,8384,217.55,47
1786944710,100,8384,216.65,47
1786944711,100,8384,217.37,47
1786944712,100,8384,216.40,47
1786944713,100,8384,217.50,47
1786944714,100,8384,217.02,47
1786944715,100,8384,216.04,47
1786944716,100,8384,216.22,47
1786944717,100,8384,217.74,47
1786944719,100,8384,216.44,47
1786944720,100,8384,217.25,47
1786944721,100,8384,216.23,47
1786944722,100,8384,216.87,47
1786944723,100,8384,217.58,47
1786944724,100,8384,216.85,47
1786944725,100,8384,216.60,47
1786944726,100,8384,215.11,47
1786944727,100,8384,215.81,47
1786944728,100,8384,217.35,47
1786944730,100,8384,215.88,47
1786944731,100,8384,215.73,47
1786944732,100,8384,215.86,47
1786944733,100,8384,215.68,47
1786944734,100,8384,215.99,47
1786944735,100,8384,216.59,47
1786944736,100,8384,215.66,47
1786944737,100,8384,215.53,47
1786944738,100,8384,216.17,47
1786944739,100,8384,215.42,47
1786944740,100,8384,215.65,47
1786944742,100,8384,216.34,47
1786944743,100,8384,216.42,47
1786944744,100,8384,216.22,47
1786944745,100,8384,216.35,47
1786944746,100,8384,217.01,47
1786944747,100,8384,217.18,47
1786944748,100,8384,216.80,47
1786944749,100,8384,217.18,47
1786944750,100,8384,216.22,48
1786944752,100,8384,217.33,48
1786944753,100,8384,217.38,48
1786944754,100,8384,217.28,48
1786944755,100,8384,217.51,48
1786944756,100,8384,217.39,48
1786944757,100,8384,217.89,48
1786944758,100,8384,216.86,48
1786944759,100,8384,218.99,48
1786944760,100,8384,217.38,48
1786944761,100,8384,218.37,48
1786944762,100,8384,217.40,48
1786944764,100,8384,216.93,48
1786944765,100,8384,217.74,48
1786944766,100,8384,217.60,48
1786944767,100,8384,218.37,48
1786944768,100,8384,217.01,48
1786944769,100,8384,217.64,48
1786944770,100,8384,216.99,48
1786944771,100,8384,216.57,48
1786944772,100,8384,216.80,48
1786944773,100,8384,215.90,48
1786944774,100,8384,218.59,48
1786944775,100,8384,216.58,48
1786944777,100,8384,217.64,48
1786944778,100,8384,219.12,48
1786944779,100,8384,217.99,48
1786944780,100,8384,218.02,48
1786944781,100,8384,217.04,48
1786944782,100,8384,217.70,48
1786944783,100,8384,217.91,48
1786944784,100,8384,218.08,48
1786944785,100,8384,215.65,48
1786944786,100,8384,217.57,48
1786944787,100,8384,216.46,48
1786944789,100,8384,217.18,48
1786944790,100,8384,216.18,48
1786944791,100,8384,217.20,48
1786944792,100,8384,218.29,48
1786944793,100,8384,218.90,48
1786944794,100,8384,217.89,48
1786944795,100,8384,216.64,48
1786944796,100,8384,217.68,48
1786944797,100,8384,217.30,48
1786944798,100,8384,217.28,48
1786944799,100,8384,218.42,48
1786944800,100,8384,217.93,48
1786944802,100,8384,216.92,48
1786944803,100,8384,218.20,48
1786944804,100,8384,216.88,48
1786944805,100,8384,217.52,48
1786944806,100,8384,219.51,48
1786944807,100,8384,217.86,48
1786944808,100,8384,219.84,48
1786944809,100,8384,218.81,48
1786944810,100,8384,218.01,48
1786944811,100,8384,218.65,48
1786944812,100,8384,217.85,48
1786944814,100,8384,218.03,48
1786944815,100,8384,216.95,48
1786944816,100,8384,218.16,48
1786944817,100,8384,219.26,48
1786944818,100,8384,217.80,48
1786944819,100,8384,218.45,48
1786944820,100,8384,218.73,48
1786944821,100,8384,217.44,48
1786944822,100,8384,217.78,48
1786944823,100,8384,217.78,48
1786944825,100,8384,217.54,48
1786944826,100,8384,218.00,48
1786944827,100,8384,216.59,48
1786944828,100,8384,218.00,48
1786944829,100,8384,217.59,48
1786944830,100,8384,217.49,48
1786944831,100,8384,218.47,48
1786944832,100,8384,217.97,48
1786944833,100,8384,217.37,48
1786944834,100,8384,218.26,48
1786944835,100,8384,218.64,48
1786944836,100,8384,217.42,48
1786944838,100,8384,218.52,48
1786944839,100,8384,218.05,48
1786944840,100,8384,218.71,48
1786944841,100,8384,217.93,48
1786944842,100,8384,219.41,48
1786944843,100,8384,217.18,48
1786944844,100,8384,218.57,48
1786944845,100,8384,217.86,48
1786944846,100,8384,218.67,48
1786944847,100,8384,218.08,48
1786944848,100,8384,219.55,48
1786944850,100,8384,218.65,48
1786944851,100,8384,217.73,48
1786944852,100,8384,219.09,48
1786944853,100,8384,219.32,48
1786944854,100,8384,218.63,48
1786944855,100,8384,217.67,48
1786944856,100,8384,218.53,48
1786944857,100,8384,217.57,48
1786944858,100,8384,217.73,48
1786944859,100,8384,218.68,48
1786944860,100,8384,216.96,48
1786944861,100,8384,217.82,48
1786944863,100,8384,217.76,48
1786944864,100,8384,218.44,48
1786944865,100,8384,217.95,48
1786944866,100,8384,216.73,48
1786944867,100,8384,218.11,48
1786944868,100,8384,217.28,48
1786944869,100,8384,217.12,48
1786944870,100,8384,218.78,48
1786944871,100,8384,217.69,48
1786944872,100,8384,216.52,48
1786944873,100,8384,217.86,48
1786944875,100,8384,217.40,48
1786944876,100,8384,218.34,48
1786944877,100,8384,217.24,48
1786944878,100,8384,218.32,48
1786944879,100,8384,219.63,48
1786944880,100,8384,219.04,48
1786944881,100,8384,218.10,48
1786944882,100,8384,218.37,48
1786944883,100,8384,219.08,48
1786944884,100,8384,218.68,48
1786944885,100,8384,218.89,48
1786944886,100,8384,217.81,48
1786944888,100,8384,218.56,48
1786944889,100,8384,219.67,48
1786944890,100,8384,218.62,48
1786944891,100,8384,219.68,48
1786944892,100,8384,218.06,48
1786944893,100,8384,218.50,48
1786944894,100,8384,218.51,48
1786944895,100,8384,219.37,48
1786944896,100,8384,218.55,48
1786944897,100,8384,218.29,48
1786944898,100,8384,217.56,48
1786944900,100,8384,218.06,48
1786944901,100,8384,218.43,48
1786944902,100,8384,219.27,48
1786944903,100,8384,217.56,48
1786944904,100,8384,218.74,48
1786944905,100,8384,218.28,48
1786944906,100,8384,218.81,48
1786944907,100,8384,218.58,48
1786944908,100,8384,218.53,48
1786944909,100,8384,218.43,48
1786944910,100,8384,219.13,48
1786944911,100,8384,218.68,48
1786944913,100,8384,217.35,48
1786944914,100,8384,218.53,48
1786944915,100,8384,219.39,48
1786944916,100,8384,219.91,48
1786944917,100,8384,220.26,48
1786944918,100,8384,221.53,48
1786944919,100,8384,222.06,48
1786944920,100,8384,222.66,48
1786944921,100,8384,222.96,48
1786944922,100,8384,220.15,48
1786944923,100,8384,218.51,48
1786944925,100,8384,219.12,48
1786944926,100,8384,217.57,48
1786944927,100,8384,218.04,48
1786944928,100,8384,219.16,48
1786944929,100,8384,219.36,48
1786944930,100,8384,219.45,48
1786944931,100,8384,218.51,48
1786944932,100,8384,219.45,48
1786944933,100,8384,223.20,48
1786944934,100,8384,221.70,48
1786944935,100,8384,221.29,48
1786944936,100,8384,221.76,48
1786944938,100,8384,221.10,48
1786944939,100,8384,220.11,48
1786944940,100,8384,223.43,49
1786944941,100,8384,223.32,49
1786944942,100,8384,222.09,49
1786944943,100,8384,221.41,49
1786944944,100,8384,221.94,48
1786944945,100,8384,223.62,49
1786944946,100,8384,222.12,49
1786944947,100,8384,222.57,49
1786944948,100,8384,223.02,49
1786944950,100,8384,223.01,49
1786944951,100,8384,221.88,49
1786944952,100,8384,221.54,49
1786944953,100,8384,222.84,49
1786944954,100,8384,221.88,49
1786944955,100,8384,221.49,49
1786944956,100,8384,220.45,49
1786944957,100,8384,220.50,49
1786944958,100,8384,222.07,49
1786944959,100,8384,222.69,49
1786944960,100,8384,222.82,49
1786944962,100,8384,221.34,49
1786944963,100,8384,222.97,49
1786944964,100,8384,222.93,49
1786944965,100,8384,222.67,49
1786944966,100,8384,223.80,49
1786944967,100,8384,222.70,49
1786944968,100,8384,222.22,49
1786944969,100,8384,222.80,49
1786944970,100,8384,221.82,49
1786944972,100,8384,222.18,49
1786944973,100,8384,223.57,49
1786944974,100,8384,223.88,49
1786944975,100,8384,223.80,49
1786944976,100,8384,223.65,49
1786944977,100,8384,224.96,49
1786944978,100,8384,224.01,49
1786944979,100,8384,224.67,49
1786944980,100,8384,222.71,49
1786944981,100,8384,223.32,49
1786944982,100,8384,225.27,49
1786944983,100,8384,225.91,49
1786944985,100,8384,226.37,49
1786944986,100,8384,226.05,49
1786944987,100,8384,226.48,49
1786944988,100,8384,226.37,49
1786944989,100,8384,226.06,49
1786944990,100,8384,226.65,49
1786944991,100,8384,226.80,49
1786944992,100,8384,227.79,49
1786944993,100,8384,226.24,49
1786944994,100,8384,225.72,49
1786944995,100,8384,227.17,49
1786944996,100,8384,227.04,49
1786944998,100,8384,226.97,49
1786944999,100,8384,226.36,49
1786945000,100,8384,226.46,49
1786945001,100,8384,226.97,49
1786945002,100,8384,227.04,49
1786945003,100,8384,227.07,49
1786945004,100,8384,227.57,49
1786945005,100,8384,227.17,49
1786945006,100,8384,228.33,49
1786945007,100,8384,227.90,49
1786945008,100,8384,226.86,49
1786945009,100,8384,225.08,49
1786945011,100,8384,227.96,49
1786945012,100,8384,227.99,49
1786945013,100,8384,227.25,49
1786945014,100,8384,227.47,49
1786945015,100,8384,227.21,49
1786945016,100,8384,227.32,49
1786945017,100,8384,226.91,49
1786945018,100,8384,226.93,49
1786945019,100,8384,227.48,49
1786945020,100,8384,227.38,49
1786945021,100,8384,225.82,49
1786945023,100,8384,226.68,49
1786945024,100,8384,226.99,49
1786945025,100,8384,226.88,49
1786945026,100,8384,226.07,49
1786945027,100,8384,226.18,49
1786945028,100,8384,226.71,49
1786945029,100,8384,226.62,49
1786945030,100,8384,226.21,49
1786945031,100,8384,226.89,49
1786945032,100,8384,227.96,49
1786945033,100,8384,226.44,49
1786945035,100,8384,226.79,49
1786945036,100,8384,227.09,49
1786945037,100,8384,228.02,49
1786945038,100,8384,228.60,49
1786945039,100,8384,228.46,49
1786945040,100,8384,227.32,49
1786945041,100,8384,225.53,49
1786945042,100,8384,223.27,49
1786945043,100,8384,226.46,49
1786945044,100,8384,228.02,49
1786945045,100,8384,225.93,49
1786945046,100,8384,226.00,49
1786945048,100,8384,226.17,49
1786945049,100,8384,227.21,49
1786945050,100,8384,225.26,49
1786945051,100,8384,228.06,49
1786945052,100,8384,227.79,49
1786945053,100,8384,228.53,49
1786945054,100,8384,229.92,49
1786945055,100,8384,230.07,49
1786945056,100,8384,230.59,49
1786945057,100,8384,229.45,49
1786945058,100,8384,229.41,49
1786945060,100,8384,227.43,49
1786945061,100,8384,230.57,49
1786945062,100,8384,226.21,49
1786945063,100,8384,227.18,49
1786945064,100,8384,227.55,49
1786945065,100,8384,227.68,49
1786945066,100,8384,228.31,49
1786945067,100,8384,226.68,49
1786945068,100,8384,228.25,49
1786945069,100,8384,227.35,49
1786945070,100,8384,226.43,49
1786945071,100,8384,227.52,49
1786945073,100,8384,226.84,49
1786945074,100,8384,226.24,49
1786945075,100,8384,227.08,49
1786945076,100,8384,226.88,49
1786945077,100,8384,228.07,49
1786945078,100,8384,225.03,49
1786945079,100,8384,228.25,49
1786945080,100,8384,228.03,49
1786945081,100,8384,227.12,49
1786945082,100,8384,226.41,49
1786945084,100,8384,226.33,49
1786945085,100,8384,228.08,49
1786945086,100,8384,227.27,49
1786945087,100,8384,226.75,49
1786945088,100,8384,226.59,49
1786945089,100,8384,228.30,49
1786945090,100,8384,232.98,50
1786945091,100,8384,229.66,49
1786945092,100,8384,226.57,50
1786945093,100,8384,233.36,50
1786945094,100,8384,232.19,50
1786945095,100,8384,227.60,50
1786945097,100,8384,228.23,50
1786945098,100,8384,229.49,50
1786945099,100,8384,230.64,50
1786945100,100,8384,231.17,50
1786945101,100,8384,234.36,50
1786945102,100,8384,235.45,50
1786945103,100,8384,235.21,50
1786945104,100,8384,236.35,50
1786945105,100,8384,232.05,50
1786945106,100,8384,230.66,50
1786945107,100,8384,231.56,50
1786945109,100,8384,232.08,50
1786945110,100,8384,231.38,50
1786945111,100,8384,231.72,50
1786945112,100,8384,232.27,50
1786945113,100,8384,234.63,50
1786945114,100,8384,233.85,50
1786945115,100,8384,234.37,50
1786945116,100,8384,234.46,50
1786945117,100,8384,230.99,50
1786945118,100,8384,230.15,50
1786945119,100,8384,230.77,50
1786945121,100,8384,228.92,50
1786945122,100,8384,228.57,50
1786945123,100,8384,229.86,50
1786945124,100,8384,229.20,50
1786945125,100,8384,229.22,50
1786945126,100,8384,232.38,50
1786945127,100,8384,231.57,50
1786945128,100,8384,232.21,50
1786945129,100,8384,228.75,50
1786945130,100,8384,230.82,50
1786945131,100,8384,228.94,50
1786945132,100,8384,231.06,50
1786945134,100,8384,230.80,50
1786945135,100,8384,232.84,50
1786945136,100,8384,231.47,50
1786945137,100,8384,233.12,50
1786945138,100,8384,232.65,50
1786945139,100,8384,232.96,50
1786945140,100,8384,233.50,50
1786945141,100,8384,232.11,50
1786945142,100,8384,231.21,50
1786945143,100,8384,233.31,50
1786945144,100,8384,234.13,50
1786945145,100,8384,231.35,50
1786945147,100,8384,230.39,50
1786945148,100,8384,232.95,50
1786945149,100,8384,230.81,50
1786945150,100,8384,231.16,50
1786945151,100,8384,231.42,50
1786945152,100,8384,230.03,50
1786945153,100,8384,232.37,50
1786945154,100,8384,229.38,50
1786945155,100,8384,231.16,50
1786945156,100,8384,233.52,50
1786945157,100,8384,231.90,50
1786945159,100,8384,231.21,50
1786945160,100,8384,231.03,50
1786945161,100,8384,230.40,50
1786945162,100,8384,228.15,50
1786945163,100,8384,230.63,50
1786945164,100,8384,229.86,50
1786945165,100,8384,228.41,50
1786945166,100,8384,227.92,50
1786945167,100,8384,229.01,50
1786945168,100,8384,226.82,50
1786945169,100,8384,231.81,50
1786945171,100,8384,227.29,50
1786945172,100,8384,230.03,50
1786945173,100,8384,229.27,50
1786945174,100,8384,227.49,50
1786945175,100,8384,229.10,50
1786945176,100,8384,231.06,50
1786945177,100,8384,229.01,50
1786945178,100,8384,231.73,50
1786945179,100,8384,226.66,50
1786945180,100,8384,229.59,50
1786945181,100,8384,229.65,50
1786945183,100,8384,226.55,50
1786945184,100,8384,228.39,50
1786945185,100,8384,228.53,50
1786945186,100,8384,226.05,50
1786945187,100,8384,227.11,50
1786945188,100,8384,227.10,50
1786945189,100,8384,228.14,50
1786945190,100,8384,228.46,50
1786945191,100,8384,227.69,50
1786945192,100,8384,227.29,50
1786945193,100,8384,227.23,50
1786945195,100,8384,227.05,50
1786945196,100,8384,224.47,50
1786945197,100,8384,226.29,50
1786945198,100,8384,223.73,50
1786945199,100,8384,224.04,50
1786945200,100,8384,224.56,50
1786945201,100,8384,224.49,50
1786945202,100,8384,223.37,50
1786945203,100,8384,223.73,50
1786945204,100,8384,224.35,50
1786945205,100,8384,225.42,50
1786945207,100,8384,223.98,50
1786945208,100,8384,223.05,50
1786945209,100,8384,223.47,50
1786945210,100,8384,222.70,50
1786945211,100,8384,224.50,50
1786945212,100,8384,222.02,50
1786945213,100,8384,223.99,49
1786945214,100,8384,223.54,50
1786945215,100,8384,224.29,50
1786945216,100,8384,220.70,49
1786945217,100,8384,221.73,49
1786945219,100,8384,220.99,49
1786945220,100,8384,221.85,49
1786945221,100,8384,222.24,49
1786945222,100,8384,221.87,49
1786945223,100,8384,220.34,49
1786945224,100,8384,220.15,49
1786945225,100,8384,223.78,49
1786945226,100,8384,220.39,49
1786945227,100,8384,221.87,49
1786945228,100,8384,222.54,49
1786945229,99,8384,221.71,49
1786945231,100,8384,222.01,49
1786945232,100,8384,222.93,49
1786945233,100,8384,218.67,49
1786945234,100,8384,222.89,49
1786945235,100,8384,220.43,49
1786945236,100,8384,220.48,49
1786945237,100,8384,218.74,49
1786945238,100,8384,219.07,49
1786945239,100,8384,220.54,49
1786945240,100,8384,220.20,49
1786945241,100,8384,219.22,49
1786945243,100,8384,218.11,49
1786945244,100,8384,218.03,49
1786945245,100,8384,218.27,49
1786945246,100,8384,219.51,49
1786945247,100,8384,218.32,49
1786945248,100,8384,221.36,49
1786945249,100,8384,217.13,49
1786945250,100,8384,222.39,49
1786945251,100,8384,223.74,49
1786945252,100,8384,224.38,49
1786945253,100,8384,217.66,49
1786945254,100,8384,218.38,49
1786945256,100,8384,218.38,49
1786945257,100,8384,219.58,49
1786945258,100,8384,218.48,49
1786945259,100,8384,219.70,49
1786945260,100,8384,218.40,49
1786945261,100,8384,220.08,49
1786945262,100,8384,220.85,49
1786945263,100,8384,223.25,49
1786945264,100,8384,221.68,49
1786945265,100,8384,223.29,49
1786945266,100,8384,222.70,49
1786945267,100,8384,221.29,49
1786945269,100,8384,221.55,49
1786945270,100,8384,223.61,49
1786945271,100,8384,222.82,49
1786945272,100,8384,224.16,49
1786945273,100,8384,224.04,49
1786945274,100,8384,220.60,49
1786945275,100,8384,220.07,49
1786945276,100,8384,223.43,49
1786945277,100,8384,220.39,49
1786945278,100,8384,219.49,49
1786945279,100,8384,219.27,49
1786945281,100,8384,220.93,49
1786945282,100,8384,220.96,49
1786945283,100,8384,219.13,49
1786945284,100,8384,219.98,49
1786945285,100,8384,219.48,49
1786945286,100,8384,217.53,49
1786945287,100,8384,218.81,49
1786945288,100,8384,217.20,49
1786945289,100,8384,218.54,49
1786945290,100,8384,218.39,49
1786945291,100,8384,218.04,49
1786945293,100,8384,219.57,49
1786945294,100,8384,219.66,49
1786945295,100,8384,219.73,49
1786945296,100,8384,219.40,49
1786945297,100,8384,219.90,49
1786945298,100,8384,219.18,49
1786945299,100,8384,218.87,49
1786945300,100,8384,220.21,49
1786945301,100,8384,216.53,49
1786945302,100,8384,216.29,49
1786945303,100,8384,214.29,49
1786945305,100,8384,216.05,49
1786945306,100,8384,214.94,49
1786945307,100,8384,214.19,49
1786945308,100,8384,215.57,49
1786945309,100,8384,215.65,49
1786945310,100,8384,214.51,49
1786945311,100,8384,215.82,49
1786945312,100,8384,214.63,49
1786945313,100,8384,215.29,49
1786945314,100,8384,215.00,49
1786945315,100,8384,214.64,49
1786945316,100,8384,213.45,49
1786945318,99,8384,215.49,49
1786945319,100,8384,213.33,49
1786945320,100,8384,213.98,49
1786945321,100,8384,213.76,49
1786945322,100,8384,212.57,48
1786945323,100,8384,209.81,48
1786945324,100,8384,210.69,48
1786945325,100,8384,209.51,48
1786945326,100,8384,208.95,48
1786945327,100,8384,209.92,48
1786945328,100,8384,209.57,48
1786945329,100,8384,210.39,48
1786945331,100,8384,210.52,48
1786945332,100,8384,209.98,48
1786945333,100,8384,211.36,48
1786945334,100,8384,209.98,48
1786945335,100,8384,209.71,48
1786945336,100,8384,208.81,48
1786945337,100,8384,209.60,48
1786945338,100,8384,210.32,48
1786945339,100,8384,207.34,48
1786945340,100,8384,207.03,48
1786945341,100,8384,207.52,48
1786945343,100,8384,206.35,48
1786945344,100,8384,209.08,48
1786945345,100,8384,208.90,48
1786945346,100,8384,208.29,48
1786945347,100,8384,209.41,48
1786945348,100,8384,207.82,48
1786945349,100,8384,208.33,48
1786945350,100,8384,208.30,48
1786945351,100,8384,207.79,48
1786945352,100,8384,208.16,48
1786945353,100,8384,207.55,48
1786945354,100,8384,206.31,48
1786945356,100,8384,209.11,48
1786945357,100,8384,211.99,48
1786945358,100,8384,213.24,48
1786945359,100,8384,214.19,48
1786945360,100,8384,215.03,48
1786945361,100,8384,213.83,48
1786945362,100,8384,209.92,48
1786945363,100,8384,211.29,48
1786945364,100,8384,210.82,48
1786945365,100,8384,210.04,48
1786945366,100,8384,213.24,48
1786945367,100,8384,213.61,48
1786945369,100,8384,212.76,48
1786945370,100,8384,212.41,48
1786945371,100,8384,213.09,48
1786945372,100,8384,213.68,48
1786945373,100,8384,218.91,48
1786945374,100,8384,218.80,48
1786945375,100,8384,214.74,48
1786945376,100,8384,215.75,48
1786945377,100,8384,214.86,48
1786945378,100,8384,214.10,48
1786945379,100,8384,212.88,48
1786945381,100,8384,210.90,48
1786945382,100,8384,208.54,48
1786945383,100,8384,210.21,48
1786945384,100,8384,208.49,48
1786945385,100,8384,212.82,48
1786945386,100,8384,215.30,48
1786945387,100,8384,213.49,48
1786945388,100,8384,214.50,48
1786945389,100,8384,214.40,48
1786945390,100,8384,213.96,48
1786945391,100,8384,212.31,48
1786945392,100,8384,211.90,48
1786945394,100,8384,211.68,48
1786945395,100,8384,211.83,48
1786945396,100,8384,211.10,48
1786945397,100,8384,212.31,48
1786945398,100,8384,212.40,48
1786945399,100,8384,211.40,48
1786945400,100,8384,212.75,48
1786945401,100,8384,212.35,48
1786945402,100,8384,209.15,48
1786945403,100,8384,210.30,48
1786945404,100,8384,206.38,48
1786945406,100,8384,205.57,48
1786945407,100,8384,206.84,48
1786945408,100,8384,207.65,48
1786945409,100,8384,207.80,48
1786945410,100,8384,207.73,48
1786945411,100,8384,205.94,48
1786945412,100,8384,205.34,48
1786945413,100,8384,205.23,48
1786945414,100,8384,204.60,48
1786945415,100,8384,205.17,48
1786945416,100,8384,203.55,48
1786945417,100,8384,203.82,48
1786945419,100,8384,203.58,48
1786945420,100,8384,204.46,48
1786945421,100,8384,202.57,48
1786945422,100,8384,202.28,48
1786945423,100,8384,203.05,48
1786945424,100,8384,202.11,48
1786945425,100,8384,201.79,48
1786945426,100,8384,201.68,48
1786945427,100,8384,200.99,48
1786945428,100,8384,197.99,47
1786945429,100,8384,198.64,47
1786945431,100,8384,198.70,47
1786945432,100,8384,199.72,47
1786945433,100,8384,199.28,47
1786945434,100,8384,197.45,47
1786945435,100,8384,198.60,47
1786945436,100,8384,199.47,47
1786945437,100,8384,198.09,47
1786945438,100,8384,198.05,47
1786945439,100,8384,196.14,47
1786945440,100,8384,197.16,47
1786945441,100,8384,196.47,47
1786945443,100,8384,198.19,47
1786945444,100,8384,198.09,47
1786945445,100,8384,197.44,47
1786945446,100,8384,196.80,47
1786945447,100,8384,196.28,47
1786945448,100,8384,196.78,47
1786945449,100,8384,197.23,47
1786945450,100,8384,198.16,47
1786945451,100,8384,196.98,47
1786945452,100,8384,197.75,47
1786945453,100,8384,197.45,47
1786945454,100,8384,196.74,47
1786945456,100,8384,195.88,47
1786945457,100,8384,195.38,47
1786945458,100,8384,195.48,47
1786945459,100,8384,194.10,47
1786945460,100,8384,193.64,47
1786945461,100,8384,192.16,47
1786945462,100,8384,192.36,47
1786945463,100,8384,191.99,47
1786945464,100,8384,192.23,47
1786945465,100,8384,191.69,47
1786945466,100,8384,188.69,47
1786945468,100,8384,190.55,47
1786945469,100,8384,189.91,47
1786945470,100,8384,190.92,47
1786945471,100,8384,189.33,47
1786945472,100,8384,189.73,47
1786945473,100,8384,186.95,47
1786945474,100,8384,187.68,47
1786945475,100,8384,187.04,47
1786945476,100,8384,187.53,46
1786945477,100,8384,188.56,47
1786945478,100,8384,191.74,47
1786945479,100,8384,191.02,47
1786945481,100,8384,187.18,46
1786945482,100,8384,187.92,46
1786945483,100,8384,187.41,46
1786945484,100,8384,189.12,46
1786945485,100,8384,189.30,46
1786945486,100,8384,187.25,46
1786945487,100,8384,187.48,46
1786945488,100,8384,187.90,46
1786945489,100,8384,189.44,46
1786945490,100,8384,188.72,46
1786945491,100,8384,185.41,46
1786945492,100,8384,188.41,46
1786945494,100,8384,192.73,46
1786945495,100,8384,189.58,46
1786945496,100,8384,193.49,46
1786945497,100,8384,192.34,46
1786945498,100,8384,191.69,46
1786945499,100,8384,191.46,46
1786945500,100,8384,189.13,46
1786945501,100,8384,189.73,46
1786945502,100,8384,190.79,46
1786945503,100,8384,191.02,46
1786945504,100,8384,190.88,46
1786945505,100,8384,190.56,46
1786945506,100,8384,191.29,46
1786945508,100,8384,189.98,46
1786945509,100,8384,192.00,46
1786945510,100,8384,188.75,46
1786945511,100,8384,190.74,46
1786945512,100,8384,194.08,46
1786945513,100,8384,193.58,46
1786945514,100,8384,193.18,46
1786945515,100,8384,191.11,46
1786945516,100,8384,190.78,46
1786945517,100,8384,193.23,46
1786945518,100,8384,190.82,46
1786945519,100,8384,186.94,46
1786945521,100,8384,186.55,46
1786945522,100,8384,187.56,46
1786945523,100,8384,189.73,46
1786945524,100,8384,189.07,46
1786945525,100,8384,189.36,46
1786945526,100,8384,185.15,46
1786945527,100,8384,185.66,46
1786945528,100,8384,184.27,46
1786945529,100,8384,188.23,46
1786945530,100,8384,185.33,46
1786945531,100,8384,183.31,46
1786945532,100,8384,186.49,46
1786945534,100,8384,183.78,46
1786945535,100,8384,181.63,46
1786945536,100,8384,180.75,46
1786945537,100,8384,179.78,46
1786945538,100,8384,181.04,46
1786945539,100,8384,180.07,45
1786945540,100,8384,180.85,45
1786945541,100,8384,180.15,45
1786945542,100,8384,182.43,45
1786945543,100,8384,181.64,45
1786945544,100,8384,187.91,46
1786945545,100,8384,179.59,45
1786945547,100,8384,186.95,46
1786945548,100,8384,180.24,45
1786945549,100,8384,180.95,45
1786945550,100,8384,178.87,45
1786945551,100,8384,179.62,45
1786945552,100,8384,179.23,45
1786945553,100,8384,177.14,45
1786945554,100,8384,174.22,45
1786945555,100,8384,172.37,45
1786945556,100,8384,172.23,45
1786945557,100,8384,173.47,45
1786945558,100,8384,175.73,45
1786945560,100,8384,177.94,45
1786945561,100,8384,183.66,45
1786945562,100,8384,183.88,45
1786945563,100,8384,179.57,45
1786945564,100,8384,181.67,45
1786945565,100,8384,180.34,45
1786945566,100,8384,181.52,45
1786945567,100,8384,185.72,45
1786945568,100,8384,180.81,45
1786945569,100,8384,184.99,45
1786945570,100,8384,186.99,45
1786945571,100,8384,185.99,45
1786945573,100,8384,179.38,45
1786945574,100,8384,178.32,45
1786945575,100,8384,172.82,45
1786945576,100,8384,169.36,44
1786945577,100,8384,173.84,45
1786945578,100,8384,182.54,45
1786945579,100,8384,180.17,45
1786945580,100,8384,180.48,45
1786945581,100,8384,182.75,45
1786945582,100,8384,180.41,45
1786945583,100,8384,181.12,45
1786945584,100,8384,180.29,45
1786945586,100,8384,178.40,45
1786945587,100,8384,179.35,45
1786945588,100,8384,178.61,45
1786945589,100,8384,179.65,45
1786945590,100,8384,175.52,44
1786945591,100,8384,172.60,44
1786945592,100,8384,171.29,44
1786945593,100,8384,172.27,44
1786945594,100,8384,174.19,44
1786945595,100,8384,175.32,44
1786945596,100,8384,173.53,44
1786945597,100,8384,174.81,44
1786945599,100,8384,174.18,44
1786945600,100,8384,175.63,44
1786945601,100,8384,175.90,44
1786945602,100,8384,180.88,44
1786945603,100,8384,180.41,44
1786945604,100,8384,175.30,44
1786945605,100,8384,176.14,44
1786945606,100,8384,176.74,44
1786945607,100,8384,166.70,44
1786945608,100,8384,165.91,44
1786945609,100,8384,164.68,44
1786945610,100,8384,167.65,44
1786945612,100,8384,181.67,44
1786945613,97,8384,185.40,44
1786945614,100,8384,180.14,44
1786945615,100,8384,178.69,44
1786945616,100,8384,174.63,44
1786945617,99,8384,168.84,44
1786945618,100,8384,157.38,44
1786945619,99,8384,157.78,43
1786945620,99,8384,159.12,43
1786945621,100,8384,158.35,43
1786945622,100,8384,157.98,43
1786945623,100,8384,157.51,43
1786945625,100,8384,157.57,43
1786945626,99,8384,159.35,43
1786945627,100,8384,157.73,43
1786945628,99,8384,157.69,43
1786945629,100,8384,157.91,43
1786945630,99,8384,157.63,43
1786945631,100,8384,158.55,43
1786945632,100,8384,158.19,43
1786945633,100,8384,158.35,43
1786945634,99,8384,157.94,43
1786945635,100,8384,158.46,43
1786945636,100,8384,157.67,43
1786945638,99,8384,157.77,43
1786945639,100,8384,157.54,43
1786945640,99,8384,158.35,43
1786945641,100,8384,157.61,43
1786945642,99,8384,157.67,43
1786945643,100,8384,157.33,43
1786945644,99,8384,157.21,43
1786945645,99,8384,157.68,43
1786945646,100,8384,157.45,43
1786945647,100,8384,156.70,43
1786945648,0,8384,143.21,42
1786945649,0,8384,118.10,41
1786945650,0,8384,117.92,41
1786945652,0,8384,118.02,41
1786945653,0,8384,117.86,41
1786945654,0,8384,118.08,41
1786945655,0,8384,117.64,41
1786945656,0,8384,117.88,41
1786945657,0,8384,117.65,41
1786945658,0,8384,117.82,41
1786945659,0,8384,117.68,41
1786945660,0,8384,117.68,41
1786945661,0,8384,117.68,41
1786945662,0,8384,117.50,40
1786945663,0,8384,117.68,40
1786945664,0,8384,117.37,40
1786945666,0,8384,117.65,40
1786945667,0,8384,117.31,40
1786945668,0,8384,117.56,40
1786945669,0,8384,117.18,40
1786945670,0,8384,117.49,40
1786945671,0,8384,117.12,40
1786945672,0,8384,117.41,40
1786945673,0,8384,117.21,40
1786945674,0,8384,117.46,40
1786945675,0,8384,117.07,40
1786945676,0,8384,117.37,40
1786945677,0,8384,117.04,40
1786945678,0,8384,117.26,40
1786945679,0,8384,117.04,40
1786945681,0,8384,117.25,40
1786945682,0,8384,116.96,40
1786945683,0,8384,117.19,39
1786945684,0,8384,116.88,39
1786945685,0,8384,117.13,39
1786945686,0,8384,116.88,39
1786945687,0,8384,117.09,39
1786945688,0,8384,116.72,39
1786945689,0,8384,117.09,39
1786945690,0,8384,116.68,39
1786945691,0,8384,117.02,39
1786945692,0,8384,116.68,39
1786945693,0,8384,117.05,39
1786945695,0,8384,116.80,39
1786945696,0,8384,116.89,39
1786945697,0,8384,116.75,39
1786945698,0,8384,116.72,39
1786945699,99,8384,182.71,42
1786945700,99,8384,285.33,43
1786945701,99,8384,279.35,43
1786945702,99,8384,281.91,44
1786945703,99,8384,287.17,44
1786945704,98,8384,286.23,44
1786945705,98,8384,288.12,45
1786945706,98,8384,286.70,45
1786945707,99,8384,283.62,45
1786945709,99,8384,290.34,45
1786945710,99,8384,286.76,46
1786945711,99,8384,283.22,45
1786945712,99,8384,288.45,46
1786945713,98,8384,283.53,46
1786945714,99,8384,283.63,46
1786945715,99,8384,286.32,46
1786945716,99,8384,284.61,46
1786945717,99,8384,283.38,46
1786945718,99,8384,285.28,46
1786945719,99,8384,282.92,47
1786945720,98,8384,288.73,46
1786945721,99,8384,283.81,47
1786945723,99,8384,283.39,47
1786945724,99,8384,289.95,47
1786945725,99,8384,279.26,47
1786945726,99,8384,283.12,47
1786945727,98,8384,285.80,47
1786945728,98,8384,287.25,47
1786945729,99,8384,285.66,47
1786945730,99,8384,285.77,47
1786945731,99,8384,285.55,47
1786945732,99,8384,286.08,47
1786945733,99,8384,285.66,48
1786945734,99,8384,283.73,47
1786945735,99,8384,290.00,48
1786945737,99,8384,286.20,48
1786945738,99,8384,286.62,48
1786945739,99,8384,288.90,48
1786945740,99,8384,285.13,48
1786945741,98,8384,284.44,48
1786945742,98,8384,291.08,48
1786945743,99,8384,284.13,48
1786945744,99,8384,284.70,48
1786945745,99,8384,290.29,48
1786945746,99,8384,284.32,48
1786945747,99,8384,285.23,48
1786945748,98,8384,288.07,48
1786945749,98,8384,286.36,48
1786945751,99,8384,286.05,48
1786945752,99,8384,286.04,48
1786945753,99,8384,288.23,48
1786945754,99,8384,283.54,49
1786945755,99,8384,285.35,49
1786945756,99,8384,285.75,49
1786945757,98,8384,290.12,49
1786945758,98,8384,283.53,49
1786945759,98,8384,285.66,49
1786945760,99,8384,287.00,49
1786945761,99,8384,289.14,49
1786945762,99,8384,287.04,49
1786945763,99,8384,286.77,49
1786945765,99,8384,288.02,49
1786945766,98,8384,285.99,49
1786945767,98,8384,287.83,49
1786945768,98,8384,286.46,49
1786945769,99,8384,284.66,49
1786945770,99,8384,286.77,49
1786945771,99,8384,285.53,49
1786945772,99,8384,288.56,49
1786945773,99,8384,283.47,49
1786945774,99,8384,284.55,49
1786945775,98,8384,285.44,49
1786945776,98,8384,290.18,49
1786945777,99,8384,289.08,49
1786945779,99,8384,284.52,49
1786945780,99,8384,287.05,50
1786945781,99,8384,284.45,49
1786945782,99,8384,288.60,49
1786945783,99,8384,286.31,49
1786945784,99,8384,285.90,50
1786945785,98,8384,283.95,49
1786945786,99,8384,289.80,50
1786945787,99,8384,284.38,49
1786945788,99,8384,285.85,50
1786945789,99,8384,286.30,49
1786945790,99,8384,283.73,50
1786945791,99,8384,289.18,49
1786945793,99,8384,285.83,50
1786945794,98,8384,287.15,49
1786945795,99,8384,283.87,50
1786945796,99,8384,284.98,49
1786945797,99,8384,288.93,50
1786945798,99,8384,284.82,50
1786945799,99,8384,286.15,50
1786945800,99,8384,286.31,50
1786945801,99,8384,289.33,50
1786945802,98,8384,287.18,50
1786945803,98,8384,283.71,50
1786945804,99,8384,282.72,50
1786945806,99,8384,288.39,50
1786945807,99,8384,286.81,50
1786945808,99,8384,284.59,50
1786945809,99,8384,285.35,50
1786945810,98,8384,286.48,50
1786945811,98,8384,291.07,50
1786945812,98,8384,284.55,50
1786945813,99,8384,287.55,50
1786945814,99,8384,287.44,49
1786945815,100,8384,185.47,48
1786945816,100,8384,214.05,48
1786945817,100,8384,213.41,48
1786945818,100,8384,213.71,48
1786945820,100,8384,212.34,48
1786945821,100,8384,211.80,47
1786945822,100,8384,213.42,47
1786945823,100,8384,213.75,47
1786945824,100,8384,215.30,47
1786945825,100,8384,214.35,47
1786945826,100,8384,215.88,47
1786945827,100,8384,216.03,47
1786945828,100,8384,214.87,47
1786945829,100,8384,214.19,47
1786945830,100,8384,214.23,47
1786945832,100,8384,215.16,47
1786945833,100,8384,214.47,47
1786945834,100,8384,213.44,47
1786945835,100,8384,215.01,47
1786945836,100,8384,213.09,47
1786945837,100,8384,214.95,47
1786945838,100,8384,215.74,47
1786945839,100,8384,216.35,47
1786945840,100,8384,216.06,47
1786945841,100,8384,216.92,47
1786945842,100,8384,215.32,47
1786945844,100,8384,215.17,47
1786945845,100,8384,215.63,47
1786945846,100,8384,215.33,47
1786945847,100,8384,215.40,47
1786945848,100,8384,214.74,47
1786945849,100,8384,214.26,47
1786945850,100,8384,214.96,47
1786945851,100,8384,214.36,47
1786945852,100,8384,215.39,47
1786945853,100,8384,214.61,47
1786945854,100,8384,214.84,47
1786945855,100,8384,214.24,47
1786945857,100,8384,215.39,47
1786945858,100,8384,214.33,47
1786945859,100,8384,214.08,47
1786945860,100,8384,214.31,47
1786945861,100,8384,215.45,47
1786945862,100,8384,214.82,47
1786945863,100,8384,214.80,47
1786945864,100,8384,214.93,47
1786945865,100,8384,215.63,47
1786945866,100,8384,214.56,47
1786945867,100,8384,215.18,47
1786945868,100,8384,215.65,47
1786945870,100,8384,215.69,47
1786945871,100,8384,215.68,47
1786945872,100,8384,216.35,47
1786945873,100,8384,214.23,47
1786945874,100,8384,214.58,47
1786945875,100,8384,213.96,47
1786945876,100,8384,214.68,47
1786945877,100,8384,214.37,47
1786945878,100,8384,213.94,47
1786945879,100,8384,217.20,47
1786945880,100,8384,215.24,47
1786945882,100,8384,215.27,47
1786945883,100,8384,215.49,47
1786945884,100,8384,216.36,47
1786945885,100,8384,216.45,47
1786945886,100,8384,215.57,47
1786945887,100,8384,216.00,47
1786945888,100,8384,215.71,47
1786945889,100,8384,216.17,47
1786945890,100,8384,215.93,47
1786945891,100,8384,215.20,47
1786945892,100,8384,214.69,47
1786945893,100,8384,215.95,47
1786945895,100,8384,216.92,47
1786945896,100,8384,216.48,47
1786945897,100,8384,216.00,47
1786945898,100,8384,215.71,47
1786945899,100,8384,216.17,47
1786945900,100,8384,215.81,47
1786945901,100,8384,215.66,47
1786945902,100,8384,216.40,47
1786945903,100,8384,216.97,47
1786945904,100,8384,216.23,47
1786945905,100,8384,216.13,47
1786945907,100,8384,217.01,47
1786945908,100,8384,216.99,47
1786945909,100,8384,215.86,47
1786945910,100,8384,216.76,47
1786945911,100,8384,215.88,47
1786945912,100,8384,217.17,47
1786945913,100,8384,216.44,47
1786945914,100,8384,217.13,47
1786945915,100,8384,215.67,47
1786945916,100,8384,216.19,47
1786945917,100,8384,216.19,47
1786945918,100,8384,215.26,47
1786945920,100,8384,216.38,47
1786945921,100,8384,216.70,47
1786945922,100,8384,216.88,47
1786945923,100,8384,216.34,47
1786945924,100,8384,217.09,47
1786945925,100,8384,216.62,48
1786945926,100,8384,216.17,47
1786945927,100,8384,216.61,48
1786945928,100,8384,216.26,48
1786945929,100,8384,216.79,48
1786945930,100,8384,215.63,48
1786945932,100,8384,216.15,48
1786945933,100,8384,217.28,48
1786945934,100,8384,216.89,48
1786945935,100,8384,216.70,48
1786945936,100,8384,216.92,48
1786945937,100,8384,217.62,48
1786945938,100,8384,218.00,48
1786945939,100,8384,216.01,48
1786945940,100,8384,216.98,48
1786945941,100,8384,216.35,48
1786945942,100,8384,216.64,48
1786945943,100,8384,216.29,48
1786945945,100,8384,216.15,48
1786945946,100,8384,216.74,48
1786945947,100,8384,215.95,48
1786945948,100,8384,215.78,48
1786945949,100,8384,220.87,48
1786945950,100,8384,224.42,48
1786945951,100,8384,223.65,48
1786945952,100,8384,224.84,48
1786945953,100,8384,224.11,48
1786945954,100,8384,225.34,48
1786945955,100,8384,224.54,48
1786945956,100,8384,225.97,48
1786945958,100,8384,227.65,48
1786945959,100,8384,227.95,48
1786945960,100,8384,227.92,48
1786945961,100,8384,229.74,48
1786945962,100,8384,228.37,48
1786945963,100,8384,225.63,48
1786945964,100,8384,225.00,48
1786945965,100,8384,225.32,48
1786945966,100,8384,224.95,48
1786945967,100,8384,228.32,48
1786945968,100,8384,228.25,48
1786945970,100,8384,229.61,48
1786945971,100,8384,227.55,49
1786945972,100,8384,227.62,48
1786945973,100,8384,229.72,49
1786945974,100,8384,226.30,49
1786945975,100,8384,227.86,49
1786945976,100,8384,224.06,49
1786945977,100,8384,227.98,49
1786945978,100,8384,229.14,49
1786945979,100,8384,229.35,49
1786945980,100,8384,229.41,49
1786945981,100,8384,228.17,49
1786945983,100,8384,228.52,49
1786945984,100,8384,227.72,49
1786945985,100,8384,228.40,49
1786945986,100,8384,229.07,49
1786945987,100,8384,231.36,49
1786945988,100,8384,234.19,49
1786945989,100,8384,231.50,49
1786945990,100,8384,232.77,49
1786945991,100,8384,231.99,49
1786945992,100,8384,230.51,49
1786945993,100,8384,231.92,49
1786945995,100,8384,231.46,49
1786945996,100,8384,231.72,49
1786945997,100,8384,231.21,49
1786945998,100,8384,231.94,49
1786945999,98,8384,232.42,49
1786946000,100,8384,231.99,49
1786946001,100,8384,230.46,49
1786946002,100,8384,233.01,49
1786946003,100,8384,232.95,49
1786946004,100,8384,230.00,49
1786946005,100,8384,230.21,49
1786946007,100,8384,230.45,49
1786946008,100,8384,229.26,49
1786946009,100,8384,229.93,49
1786946010,100,8384,228.68,49
1786946011,100,8384,228.26,49
1786946012,100,8384,229.48,49
1786946013,100,8384,229.63,49
1786946014,100,8384,228.31,49
1786946015,100,8384,229.38,49
1786946016,99,8384,226.85,49
1786946017,100,8384,229.08,49
1786946018,100,8384,230.16,49
1786946020,100,8384,230.67,49
1786946021,100,8384,229.41,49
1786946022,100,8384,228.69,49
1786946023,100,8384,228.04,49
1786946024,100,8384,229.06,49
1786946025,100,8384,224.29,49
1786946026,100,8384,226.27,49
1786946027,100,8384,223.76,49
1786946028,100,8384,225.92,49
1786946029,100,8384,222.92,49
1786946030,100,8384,225.22,49
1786946032,100,8384,224.45,48
1786946033,100,8384,222.45,48
1786946034,100,8384,222.57,47
1786946035,100,8384,222.42,47
1786946036,100,8384,220.98,46
1786946037,100,8384,223.86,46
1786946038,100,8384,222.59,45
1786946039,100,8384,221.33,45
1786946040,100,8384,217.20,44
1786946041,100,8384,215.75,44
1786946042,100,8384,215.14,43
1786946043,100,8384,215.04,43
1786946045,100,8384,215.62,43
1786946046,100,8384,217.37,42
1786946047,100,8384,214.82,42
1786946048,100,8384,215.08,42
1786946049,100,8384,213.14,41
1786946050,100,8384,214.53,41
1786946051,98,8384,212.24,41
1786946052,100,8384,212.32,40
1786946053,100,8384,210.95,40
1786946054,100,8384,209.86,40
1786946055,100,8384,212.99,40
1786946056,100,8384,211.51,40
1786946058,100,8384,209.45,39
1786946059,100,8384,207.57,39
1786946060,100,8384,207.81,39
1786946061,100,8384,208.28,39
1786946062,100,8384,207.38,39
1786946063,100,8384,206.86,38
1786946064,100,8384,208.47,38
1786946065,100,8384,206.81,38
1786946066,100,8384,205.68,38
1786946067,100,8384,206.49,38
1786946068,100,8384,206.34,38
1786946070,100,8384,207.12,38
1786946071,100,8384,205.39,38
1786946072,100,8384,207.67,38
1786946073,100,8384,207.30,37
1786946074,100,8384,204.33,37
1786946075,100,8384,203.20,37
1786946076,100,8384,202.17,37
1786946077,100,8384,202.24,37
1786946078,100,8384,203.38,37
1786946079,100,8384,201.62,37
1786946080,100,8384,201.73,37
1786946081,100,8384,200.23,37
1786946083,100,8384,200.89,37
1786946084,100,8384,201.02,37
1786946085,100,8384,201.16,37
1786946086,99,8384,201.87,37
1786946087,100,8384,203.98,37
1786946088,100,8384,202.30,36
1786946089,100,8384,202.41,36
1786946090,100,8384,206.13,37
1786946091,100,8384,208.23,37
1786946092,100,8384,209.34,37
1786946093,100,8384,210.29,37
1786946095,100,8384,208.70,37
1786946096,100,8384,210.62,37
1786946097,100,8384,205.19,36
1786946098,100,8384,208.29,36
1786946099,100,8384,208.00,36
1786946100,100,8384,206.99,36
1786946101,100,8384,207.13,36
1786946102,100,8384,205.73,36
1786946103,100,8384,203.59,36
1786946104,100,8384,204.06,36
1786946105,100,8384,205.55,36
1786946106,100,8384,205.43,36
1786946108,100,8384,206.48,36
1786946109,100,8384,206.76,36
1786946110,100,8384,205.32,36
1786946111,100,8384,208.11,36
1786946112,100,8384,207.24,36
1786946113,100,8384,204.36,36
1786946114,100,8384,201.79,36
1786946115,100,8384,201.04,36
1786946116,100,8384,201.16,36
1786946117,100,8384,200.11,36
1786946118,100,8384,203.10,36
1786946119,100,8384,202.23,36
1786946121,100,8384,200.15,36
1786946122,100,8384,199.98,36
1786946123,100,8384,200.32,36
1786946124,100,8384,198.80,36
1786946125,100,8384,199.29,36
1786946126,100,8384,204.88,36
1786946127,100,8384,203.97,36
1786946128,100,8384,202.84,36
1786946129,100,8384,202.21,36
1786946130,100,8384,201.01,36
1786946131,100,8384,201.49,36
1786946132,100,8384,201.40,36
1786946134,100,8384,198.03,36
1786946135,100,8384,199.98,36
1786946136,100,8384,199.85,36
1786946137,100,8384,198.20,36
1786946138,100,8384,193.86,36
1786946139,100,8384,193.13,36
1786946140,100,8384,194.39,36
1786946141,100,8384,193.18,37
1786946142,100,8384,191.62,37
1786946143,100,8384,190.78,37
1786946144,100,8384,190.78,37
1786946145,100,8384,189.43,37
1786946147,100,8384,191.39,37
1786946148,100,8384,191.72,37
1786946149,100,8384,189.73,38
1786946150,100,8384,189.06,38
1786946151,100,8384,188.62,38
1786946152,100,8384,189.43,38
1786946153,100,8384,187.64,38
1786946154,100,8384,186.54,38
1786946155,100,8384,185.00,38
1786946156,100,8384,185.86,38
1786946157,100,8384,186.30,38
1786946159,100,8384,187.49,39
1786946160,100,8384,187.72,39
1786946161,100,8384,184.86,39
1786946162,100,8384,185.04,39
1786946163,100,8384,184.52,39
1786946164,100,8384,182.99,39
1786946165,100,8384,182.84,39
1786946166,100,8384,182.60,39
1786946167,100,8384,182.37,39
1786946168,100,8384,182.23,39
1786946169,100,8384,183.67,40
1786946171,100,8384,186.02,40
1786946172,100,8384,185.90,40
1786946173,100,8384,179.41,40
1786946174,100,8384,181.70,40
1786946175,100,8384,184.60,40
1786946176,100,8384,183.88,40
1786946177,100,8384,182.96,40
1786946178,100,8384,184.09,40
1786946179,100,8384,181.86,40
1786946180,100,8384,180.68,40
1786946181,100,8384,180.39,40
1786946182,100,8384,179.78,40
1786946184,100,8384,177.87,40
1786946185,100,8384,183.55,41
1786946186,100,8384,185.53,41
1786946187,100,8384,185.59,41
1786946188,100,8384,184.05,41
1786946189,100,8384,187.59,41
1786946190,100,8384,189.21,41
1786946191,100,8384,189.21,41
1786946192,100,8384,188.32,41
1786946193,100,8384,187.31,41
1786946194,100,8384,190.52,41
1786946195,100,8384,186.64,41
1786946196,100,8384,183.14,41
1786946198,100,8384,180.63,41
1786946199,100,8384,181.96,41
1786946200,100,8384,183.36,42
1786946201,100,8384,184.28,42
1786946202,100,8384,182.35,42
1786946203,100,8384,181.08,42
1786946204,100,8384,181.01,42
1786946205,100,8384,179.37,42
1786946206,100,8384,183.38,42
1786946207,100,8384,179.14,42
1786946208,100,8384,179.04,42
1786946210,100,8384,179.27,42
1786946211,100,8384,177.71,42
1786946212,100,8384,179.71,42
1786946213,100,8384,182.60,42
1786946214,100,8384,187.38,42
1786946215,100,8384,187.03,42
1786946216,100,8384,186.26,42
1786946217,100,8384,181.15,42
1786946218,100,8384,181.59,42
1786946219,100,8384,180.07,42
1786946220,100,8384,178.79,42
1786946221,100,8384,179.53,42
1786946223,100,8384,175.98,42
1786946224,100,8384,177.15,42
1786946225,100,8384,178.09,42
1786946226,100,8384,176.87,42
1786946227,100,8384,181.25,42
1786946228,100,8384,177.10,42
1786946229,100,8384,180.68,42
1786946230,100,8384,182.29,42
1786946231,100,8384,175.55,42
1786946232,100,8384,176.37,42
1786946233,100,8384,176.68,42
1786946234,100,8384,175.86,42
1786946236,100,8384,176.41,42
1786946237,100,8384,176.54,42
1786946238,100,8384,177.71,42
1786946239,100,8384,176.10,42
1786946240,100,8384,176.68,42
1786946241,100,8384,177.81,43
1786946242,100,8384,178.02,43
1786946243,100,8384,179.69,43
1786946244,100,8384,182.87,43
1786946245,100,8384,185.47,43
1786946246,100,8384,187.99,43
1786946247,100,8384,186.89,43
1786946249,100,8384,186.04,43
1786946250,100,8384,186.54,43
1786946251,100,8384,183.04,43
1786946252,100,8384,182.99,43
1786946253,100,8384,181.29,43
1786946254,100,8384,181.16,43
1786946255,100,8384,181.98,43
1786946256,100,8384,180.64,43
1786946257,100,8384,176.03,43
1786946258,100,8384,178.85,43
1786946259,100,8384,181.05,43
1786946261,100,8384,182.60,43
1786946262,100,8384,176.60,43
1786946263,100,8384,175.46,43
1786946264,100,8384,183.15,43
1786946265,100,8384,184.25,43
1786946266,100,8384,180.37,43
1786946267,100,8384,178.70,43
1786946268,100,8384,180.29,43
1786946269,100,8384,182.07,43
1786946270,100,8384,179.13,43
1786946271,100,8384,170.96,43
1786946272,100,8384,171.08,43
1786946274,100,8384,172.86,43
1786946275,100,8384,173.91,43
1786946276,100,8384,174.85,43
1786946277,100,8384,174.47,43
1786946278,100,8384,171.56,43
1786946279,100,8384,178.82,43
1786946280,100,8384,178.09,43
1786946281,100,8384,176.59,43
1786946282,100,8384,178.56,43
1786946283,100,8384,176.44,43
1786946284,100,8384,176.16,43
1786946286,100,8384,175.09,43
1786946287,100,8384,174.38,43
1786946288,100,8384,176.53,43
1786946289,100,8384,174.70,43
1786946290,100,8384,172.50,43
1786946291,100,8384,170.98,43
1786946292,100,8384,171.15,43
1786946293,100,8384,171.94,43
1786946294,100,8384,170.47,43
1786946295,100,8384,168.29,43
1786946296,100,8384,169.30,43
1786946297,100,8384,164.74,43
1786946299,100,8384,168.08,43
1786946300,100,8384,167.57,43
1786946301,100,8384,168.01,43
1786946302,100,8384,167.83,43
1786946303,100,8384,168.43,43
1786946304,99,8384,166.58,43
1786946305,99,8384,165.45,43
1786946306,56,8384,156.90,43
1786946307,56,8384,151.05,42
1786946308,57,8384,151.31,42
1786946309,56,8384,151.48,42
1786946311,56,8384,151.08,42
1786946312,55,8384,149.05,42
1786946313,56,8384,150.94,42
1786946314,56,8384,151.48,42
1786946315,56,8384,151.00,42
1786946316,46,8384,142.14,42
1786946317,0,8384,122.21,41
1786946318,0,8384,117.86,41
1786946319,0,8384,118.08,41
1786946320,0,8384,117.76,41
1786946321,0,8384,117.87,41
1786946322,0,8384,117.55,41
1786946324,0,8384,117.86,41
1786946325,0,8384,117.61,41
1786946326,0,8384,117.79,41
1786946327,0,8384,117.68,41
1786946328,0,8384,117.51,41
1786946329,0,8384,117.82,41
1786946330,0,8384,117.57,41
1786946331,0,8384,117.68,41
1786946332,0,8384,117.49,41
1786946333,0,8384,117.71,41
1786946334,0,8384,117.45,41
1786946335,0,8384,117.47,40
1786946337,0,8384,117.54,40
1786946338,0,8384,117.36,40
1786946339,0,8384,117.70,40
1786946340,0,8384,117.32,40
1786946341,0,8384,117.41,40
1786946342,0,8384,117.41,40
1786946343,0,8384,117.23,40
1786946344,0,8384,117.61,40
1786946345,0,8384,117.23,40
1786946346,0,8384,117.50,40
1786946347,0,8384,117.25,40
1786946348,0,8384,117.27,40
1786946349,0,8384,117.20,40
1786946350,0,8384,117.05,40
1786946352,0,8384,117.44,40
1786946353,0,8384,117.04,40
1786946354,0,8384,117.07,40
1786946355,0,8384,131.29,42
1786946356,98,8384,282.48,43
1786946357,98,8384,282.58,44
1786946358,99,8384,280.50,44
1786946359,99,8384,284.67,45
1786946360,99,8384,284.81,45
1786946361,99,8384,282.69,45
1786946362,99,8384,289.16,46
1786946363,98,8384,282.24,45
1786946364,99,8384,281.33,46
1786946366,99,8384,285.89,46
1786946367,99,8384,282.54,46
1786946368,99,8384,282.44,46
1786946369,99,8384,285.67,46
1786946370,98,8384,282.49,46
1786946371,98,8384,286.79,47
1786946372,98,8384,282.67,46
1786946373,99,8384,284.07,47
1786946374,99,8384,288.55,47
1786946375,99,8384,281.35,47
1786946376,99,8384,284.07,47
1786946377,99,8384,282.88,47
1786946378,98,8384,283.80,47
1786946380,99,8384,289.42,47
1786946381,99,8384,281.64,47
1786946382,99,8384,284.39,48
1786946383,99,8384,285.88,47
1786946384,99,8384,281.94,48
1786946385,98,8384,282.48,48
1786946386,98,8384,285.85,48
1786946387,99,8384,282.27,48
1786946388,99,8384,289.13,48
1786946389,99,8384,281.51,48
1786946390,99,8384,285.69,48
1786946391,99,8384,285.79,48
1786946392,99,8384,285.57,48
1786946393,99,8384,280.26,48
1786946395,99,8384,285.74,48
1786946396,99,8384,282.82,48
1786946397,99,8384,286.73,48
1786946398,99,8384,286.26,49
1786946399,99,8384,286.22,48
1786946400,99,8384,281.90,49
1786946401,98,8384,282.62,48
1786946402,99,8384,284.13,49
1786946403,99,8384,285.33,49
1786946404,99,8384,285.92,49
1786946405,99,8384,282.71,49
1786946406,99,8384,286.64,49
1786946407,99,8384,287.73,49
1786946409,99,8384,285.10,49
1786946410,98,8384,282.51,49
1786946411,99,8384,283.66,49
1786946412,99,8384,289.79,49
1786946413,99,8384,284.36,49
1786946414,99,8384,284.68,49
1786946415,99,8384,284.37,49
1786946416,99,8384,285.79,49
1786946417,99,8384,286.44,49
1786946418,98,8384,283.61,49
1786946419,98,8384,283.01,49
1786946420,99,8384,282.21,49
1786946421,99,8384,291.79,49
1786946423,99,8384,282.30,49
1786946424,99,8384,287.52,49
1786946425,99,8384,283.83,49
1786946426,99,8384,288.19,50
1786946427,98,8384,288.12,49
1786946428,98,8384,286.43,49
1786946429,99,8384,283.29,50
1786946430,99,8384,285.30,49
1786946431,99,8384,285.37,50
1786946432,99,8384,286.99,49
1786946433,99,8384,281.20,50
1786946434,98,8384,285.76,49
1786946435,98,8384,285.82,50
1786946437,98,8384,282.70,50
1786946438,99,8384,281.83,50
1786946439,99,8384,285.66,50
1786946440,99,8384,286.90,50
1786946441,99,8384,283.90,50
1786946442,99,8384,281.26,50
1786946443,98,8384,282.55,50
1786946444,98,8384,287.29,50
1786946445,98,8384,286.03,50
1786946446,99,8384,285.79,50
1786946447,99,8384,285.06,50
1786946448,99,8384,285.86,50
1786946449,99,8384,287.35,50
1786946451,99,8384,284.51,50
1786946452,99,8384,281.67,50
1786946453,98,8384,282.41,50
1786946454,99,8384,284.82,50
1786946455,99,8384,286.93,50
1786946456,99,8384,286.19,50
1786946457,99,8384,286.57,50
1786946458,99,8384,283.10,50
1786946459,99,8384,287.91,50
1786946460,99,8384,285.18,50
1786946461,99,8384,282.44,50
1786946462,98,8384,283.91,50
1786946463,99,8384,286.73,50
1786946465,99,8384,288.92,50
1786946466,99,8384,284.74,50
1786946467,99,8384,282.70,50
1786946468,99,8384,287.98,50
1786946469,99,8384,289.01,50
1786946470,99,8384,283.83,50
1786946471,100,8384,213.94,48
1786946472,100,8384,213.40,48
1786946473,100,8384,214.96,48
1786946474,100,8384,213.18,48
1786946475,100,8384,213.77,48
1786946476,100,8384,214.83,48
1786946477,100,8384,212.52,48
1786946479,100,8384,213.96,48
1786946480,100,8384,213.49,47
1786946481,100,8384,214.94,47
1786946482,100,8384,214.15,47
1786946483,100,8384,214.58,47
1786946484,100,8384,215.59,47
1786946485,100,8384,213.53,47
1786946486,100,8384,215.02,47
1786946487,100,8384,214.23,47
1786946488,100,8384,215.81,47
1786946489,100,8384,213.87,47
1786946491,100,8384,215.53,47
1786946492,100,8384,214.70,47
1786946493,100,8384,214.67,47
1786946494,100,8384,214.36,47
1786946495,100,8384,215.37,47
1786946496,100,8384,215.85,47
1786946497,100,8384,213.58,47
1786946498,100,8384,214.68,47
1786946499,100,8384,214.45,47
1786946500,100,8384,213.53,47
1786946501,100,8384,214.14,47
1786946503,100,8384,215.08,47
1786946504,100,8384,214.91,47
1786946505,100,8384,215.51,47
1786946506,100,8384,215.93,47
1786946507,100,8384,214.65,47
1786946508,100,8384,215.28,47
1786946509,100,8384,214.14,47
1786946510,100,8384,215.45,47
1786946511,100,8384,215.46,47
1786946512,100,8384,215.36,47
1786946513,96,8384,214.29,47
1786946514,100,8384,215.41,47
1786946516,100,8384,214.92,47
1786946517,100,8384,215.30,47
1786946518,100,8384,216.34,47
1786946519,100,8384,215.29,47
1786946520,100,8384,215.76,47
1786946521,100,8384,217.51,47
1786946522,100,8384,215.63,47
1786946524,100,8384,217.47,47
1786946525,100,8384,217.15,47
1786946526,100,8384,217.17,47
1786946527,100,8384,217.22,47
1786946528,100,8384,216.73,47
1786946529,100,8384,217.43,47
1786946530,100,8384,218.55,47
1786946532,100,8384,216.54,47
1786946533,100,8384,217.04,47
1786946534,100,8384,216.59,47
1786946535,100,8384,219.43,47
1786946536,100,8384,219.64,47
1786946537,100,8384,217.70,47
1786946538,100,8384,216.92,47
1786946539,100,8384,217.08,47
1786946540,100,8384,216.47,47
1786946541,100,8384,217.69,47
1786946542,100,8384,217.67,47
1786946544,100,8384,217.82,47
1786946545,100,8384,216.63,47
1786946546,100,8384,218.19,47
1786946547,100,8384,217.87,47
1786946548,100,8384,219.97,47
1786946549,100,8384,219.09,47
1786946550,100,8384,217.96,47
1786946551,100,8384,216.72,47
1786946552,100,8384,216.67,47
1786946553,100,8384,218.55,47
1786946554,100,8384,217.84,48
1786946555,100,8384,218.31,48
1786946557,100,8384,218.07,47
1786946558,100,8384,217.71,48
1786946559,100,8384,217.20,48
1786946560,100,8384,219.08,48
1786946561,100,8384,218.29,48
1786946562,100,8384,221.45,48
1786946563,100,8384,221.40,48
1786946564,100,8384,222.01,48
1786946565,100,8384,220.44,48
1786946566,100,8384,220.37,48
1786946567,100,8384,218.76,48
1786946568,100,8384,219.71,48
1786946570,100,8384,220.04,48
1786946571,100,8384,220.01,48
1786946572,100,8384,219.59,48
1786946573,100,8384,219.12,48
1786946574,100,8384,220.74,48
1786946575,100,8384,219.82,48
1786946576,100,8384,220.49,48
1786946577,100,8384,218.90,48
1786946578,100,8384,218.52,48
1786946579,100,8384,220.11,48
1786946580,100,8384,223.43,48
1786946582,100,8384,221.53,48
1786946583,100,8384,222.20,48
1786946584,100,8384,221.09,48
1786946585,100,8384,224.82,48
1786946586,100,8384,222.83,48
1786946587,100,8384,222.87,48
1786946588,100,8384,223.03,48
1786946589,100,8384,226.73,48
1786946590,100,8384,223.03,48
1786946591,100,8384,224.37,48
1786946592,100,8384,221.63,48
1786946594,100,8384,224.12,48
1786946595,100,8384,226.52,48
1786946596,100,8384,225.01,48
1786946597,100,8384,226.02,48
1786946598,100,8384,225.32,48
1786946599,100,8384,227.01,48
1786946600,100,8384,224.95,48
1786946601,100,8384,226.31,48
1786946602,100,8384,222.80,48
1786946603,99,8384,214.21,48
1786946605,99,8384,208.99,48
1786946606,100,8384,207.49,48
1786946607,100,8384,208.17,48
1786946608,100,8384,207.49,48
1786946609,100,8384,210.24,48
1786946610,100,8384,209.93,48
1786946611,100,8384,209.31,48
1786946612,100,8384,208.86,48
1786946613,100,8384,209.48,48
1786946614,100,8384,213.79,48
1786946615,100,8384,212.97,48
1786946616,100,8384,208.66,48
1786946618,100,8384,204.15,48
1786946619,100,8384,199.22,48
1786946620,100,8384,200.91,48
1786946621,100,8384,201.33,48
1786946622,100,8384,200.63,48
1786946623,100,8384,198.36,48
1786946624,100,8384,195.10,48
1786946625,100,8384,194.01,47
1786946626,100,8384,194.36,47
1786946627,100,8384,193.28,47
1786946628,100,8384,188.40,47
1786946629,100,8384,189.36,47
1786946631,100,8384,191.21,47
1786946632,100,8384,189.50,47
1786946633,100,8384,188.59,47
1786946634,100,8384,187.75,47
1786946635,100,8384,186.91,47
1786946636,100,8384,184.82,47
1786946637,100,8384,185.77,47
1786946638,98,8384,186.71,47
1786946639,100,8384,191.89,47
1786946640,100,8384,189.21,47
1786946641,100,8384,187.92,47
1786946642,100,8384,187.37,47
1786946644,100,8384,185.93,47
1786946645,100,8384,184.89,47
1786946646,100,8384,186.93,47
1786946647,100,8384,185.47,47
1786946648,99,8384,183.79,47
1786946649,100,8384,179.70,46
1786946650,100,8384,179.51,46
1786946651,100,8384,183.50,46
1786946652,100,8384,185.66,46
1786946653,100,8384,183.54,46
1786946654,100,8384,183.63,46
1786946655,100,8384,183.48,46
1786946656,100,8384,182.75,46
1786946658,100,8384,180.27,46
1786946659,100,8384,181.46,46
1786946660,100,8384,179.56,46
1786946661,100,8384,183.48,46
1786946662,100,8384,185.93,46
1786946663,100,8384,179.69,46
1786946664,100,8384,176.90,46
1786946665,100,8384,177.14,46
1786946666,100,8384,178.65,46
1786946667,100,8384,180.17,46
1786946668,100,8384,177.57,46
1786946670,100,8384,184.08,46
1786946671,100,8384,181.49,46
1786946672,100,8384,179.78,46
1786946673,100,8384,180.35,46
1786946674,100,8384,174.63,46
1786946675,100,8384,176.22,46
1786946676,100,8384,174.55,46
1786946677,100,8384,177.55,46
1786946678,100,8384,179.63,46
1786946679,100,8384,178.90,46
1786946680,100,8384,180.12,46
1786946681,100,8384,180.89,46
1786946683,100,8384,176.66,45
1786946684,100,8384,168.86,45
1786946685,100,8384,172.89,45
1786946686,100,8384,173.43,45
1786946687,100,8384,173.37,45
1786946688,100,8384,174.25,45
1786946689,100,8384,177.01,45
1786946690,100,8384,173.88,45
1786946691,100,8384,176.20,45
1786946692,100,8384,168.96,45
1786946693,100,8384,165.05,45
1786946694,99,8384,159.23,45
1786946696,98,8384,158.18,45
1786946697,99,8384,157.91,45
1786946698,98,8384,156.69,45
1786946699,47,8384,139.78,44
1786946700,47,8384,139.53,44
1786946701,47,8384,139.26,44
1786946702,47,8384,139.50,44
1786946703,47,8384,139.04,44
1786946704,48,8384,139.67,44
1786946705,47,8384,139.47,44
1786946706,47,8384,139.24,44
1786946707,47,8384,139.36,43
1786946708,45,8384,139.10,43
1786946710,47,8384,139.13,43
1786946711,46,8384,139.34,43
1786946712,47,8384,138.90,43
1786946713,47,8384,139.07,43
1786946714,47,8384,139.40,43
1786946715,48,8384,139.15,43
1786946716,47,8384,139.16,43
1786946717,47,8384,138.72,43
1786946718,47,8384,138.48,43
1786946719,47,8384,139.27,43
1786946720,99,8384,176.24,45
1786946721,99,8384,282.52,46
1786946722,99,8384,283.04,47
1786946723,99,8384,282.86,47
1786946725,98,8384,285.37,48
1786946726,99,8384,285.89,47
1786946727,99,8384,283.10,48
1786946728,99,8384,286.53,48
1786946729,99,8384,285.65,48
1786946730,99,8384,283.53,48
1786946731,99,8384,287.38,48
1786946732,98,8384,284.93,48
1786946733,99,8384,286.95,48
1786946734,99,8384,286.53,48
1786946735,99,8384,280.90,48
1786946736,99,8384,286.32,48
1786946737,99,8384,287.38,48
1786946739,99,8384,282.64,49
1786946740,99,8384,282.24,48
1786946741,99,8384,284.10,49
1786946742,99,8384,283.28,49
1786946743,99,8384,283.13,49
1786946744,99,8384,280.89,49
1786946745,99,8384,285.15,49
1786946746,99,8384,287.48,49
1786946747,99,8384,283.99,49
1786946748,98,8384,284.50,49
1786946749,99,8384,283.48,49
1786946750,99,8384,284.94,49
1786946751,99,8384,285.83,49
1786946753,99,8384,281.46,49
1786946754,99,8384,281.61,49
1786946755,99,8384,286.54,49
1786946756,99,8384,286.60,50
1786946757,98,8384,283.37,49
1786946758,98,8384,285.38,49
1786946759,99,8384,284.32,50
1786946760,99,8384,282.75,50
1786946761,99,8384,285.52,50
1786946762,99,8384,281.67,50
1786946763,99,8384,284.64,50
1786946764,99,8384,284.21,50
1786946765,98,8384,285.69,50
1786946767,98,8384,283.59,50
1786946768,99,8384,283.39,50
1786946769,99,8384,290.12,50
1786946770,99,8384,284.37,50
1786946771,99,8384,286.37,50
1786946772,99,8384,283.12,50
1786946773,98,8384,286.74,50
1786946774,98,8384,284.93,50
1786946775,98,8384,284.89,50
1786946776,99,8384,284.99,50
1786946777,99,8384,283.56,50
1786946778,99,8384,290.49,50
1786946779,99,8384,285.19,50
1786946781,99,8384,282.46,50
1786946782,98,8384,286.81,50
1786946783,98,8384,286.74,50
1786946784,99,8384,283.62,50
1786946785,99,8384,286.99,50
1786946786,99,8384,285.22,50
1786946787,99,8384,283.26,51
1786946788,99,8384,289.91,50
1786946789,99,8384,282.66,51
1786946790,98,8384,283.96,50
1786946791,98,8384,282.04,50
1786946792,98,8384,284.21,50
1786946793,99,8384,286.73,51
1786946795,99,8384,285.70,50
1786946796,99,8384,286.80,51
1786946797,99,8384,285.44,50
1786946798,99,8384,286.84,51
1786946799,99,8384,285.58,51
1786946800,99,8384,282.11,50
1786946801,99,8384,284.85,51
1786946802,99,8384,285.19,50
1786946803,99,8384,284.24,51
1786946804,99,8384,283.58,50
1786946805,99,8384,285.61,51
1786946806,99,8384,288.76,50
1786946808,99,8384,284.58,51
1786946809,98,8384,286.64,50
1786946810,99,8384,285.83,51
1786946811,99,8384,285.07,50
1786946812,99,8384,282.48,51
1786946813,99,8384,284.42,50
1786946814,99,8384,287.05,51
1786946815,99,8384,287.30,51
1786946816,98,8384,281.96,50
1786946817,98,8384,282.25,51
1786946818,98,8384,286.05,51
1786946819,99,8384,285.40,51
1786946820,99,8384,286.63,51
1786946822,99,8384,283.22,51
1786946823,99,8384,287.14,51
1786946824,99,8384,283.77,51
1786946825,99,8384,285.23,51
1786946826,98,8384,284.99,51
1786946827,98,8384,286.22,51
1786946828,99,8384,282.11,51
1786946829,99,8384,287.40,51
1786946830,99,8384,283.65,51
1786946831,99,8384,284.38,51
1786946832,99,8384,283.00,51
1786946833,98,8384,283.32,51
1786946835,98,8384,286.63,51
1786946836,99,8384,284.20,51
1786946837,70,8386,195.35,48
1786946838,69,8386,175.33,48
1786946839,70,8386,176.00,48
1786946840,71,8386,177.17,47
1786946841,70,8386,174.84,47
1786946842,70,8386,176.13,47
1786946843,71,8386,176.89,47
1786946844,70,8386,175.61,47
1786946845,71,8386,175.18,47
1786946846,67,8386,175.15,47
1786946847,48,8386,153.40,46
1786946848,59,8386,170.09,46
1786946850,72,8386,160.75,46
1786946851,69,8386,175.35,46
1786946852,71,8386,175.73,46
1786946853,71,8386,174.51,46
1786946854,68,8386,175.72,46
1786946855,71,8386,174.73,46
1786946856,67,8386,173.03,46
1786946857,31,8386,169.81,45
1786946858,71,8386,173.67,45
1786946859,70,8386,174.50,45
1786946860,70,8386,174.65,45
1786946861,71,8386,173.76,45
1786946863,69,8386,175.79,45
1786946864,71,8386,174.64,45
1786946865,67,8386,173.86,45
1786946866,68,8386,174.44,45
1786946867,71,8386,172.78,45
1786946868,68,8386,173.39,45
1786946869,71,8386,173.90,45
1786946870,71,8386,174.14,45
1786946871,70,8386,175.21,45
1786946872,70,8386,174.58,45
1786946873,70,8386,173.46,45
1786946874,71,8386,175.03,45
1786946875,71,8386,175.42,44
1786946876,72,8386,174.89,44
1786946878,69,8386,173.92,44
1786946879,71,8386,173.66,44
1786946880,69,8386,173.56,44
1786946881,69,8386,172.62,44
1786946882,71,8386,174.32,44
1786946883,69,8386,173.80,44
1786946884,71,8386,167.46,44
1786946885,68,8386,175.06,44
1786946886,71,8386,174.04,44
1786946887,71,8386,174.81,44
1786946888,69,8386,173.86,44
1786946889,69,8386,173.53,44
1786946890,71,8386,174.35,44
1786946892,68,8386,172.96,44
1786946893,71,8386,175.03,44
1786946894,71,8386,173.06,44
1786946895,70,8386,174.95,44
1786946896,69,8386,173.70,44
1786946897,71,8386,172.07,44
1786946898,71,8386,174.24,44
1786946899,71,8386,175.33,44
1786946900,68,8386,174.91,43
1786946901,70,8386,174.61,43
1786946902,71,8386,175.29,43
1786946903,68,8386,174.27,43
1786946904,70,8386,173.87,43
1786946906,71,8386,173.67,43
1786946907,71,8386,174.95,43
1786946908,69,8386,174.45,43
1786946909,68,8386,173.47,43
1786946910,69,8386,173.61,43
1786946911,69,8386,172.09,43
1786946912,30,8386,169.09,43
1786946913,71,8386,174.02,43
1786946914,70,8386,172.82,43
1786946915,70,8386,172.79,43
1786946916,71,8386,171.87,43
1786946917,68,8386,174.13,43
1786946918,69,8386,173.67,43
1786946919,66,8386,173.34,43
1786946921,71,8386,174.24,43
1786946922,72,8386,169.35,43
1786946923,75,8388,168.39,43
1786946924,71,8388,166.18,43
1786946925,75,8388,142.18,42
1786946926,72,8388,167.17,42
1786946927,57,8388,141.60,42
1786946928,73,8388,167.95,42
1786946929,0,8388,145.41,41
1786946930,73,8388,167.41,42
1786946931,7,8388,152.10,41
1786946932,75,8388,154.28,42
1786946933,56,8388,162.85,42
1786946935,74,8388,144.97,42
1786946936,71,8388,165.96,42
1786946937,76,8388,143.63,42
1786946938,51,8388,157.41,41
1786946939,75,8388,140.15,42
1786946940,52,8388,156.25,41
1786946941,0,8388,119.86,41
1786946942,76,8388,168.92,42
1786946943,75,8388,169.20,42
1786946944,76,8388,170.09,42
1786946945,76,8388,169.38,42
1786946946,76,8388,169.17,42
1786946947,76,8388,169.07,42
1786946948,52,8388,159.55,42
1786946950,50,8388,148.85,41
1786946951,50,8388,139.00,41
1786946952,50,8388,138.64,41
1786946953,50,8388,138.49,41
1786946954,50,8388,138.28,41
1786946955,50,8388,138.29,41
1786946956,50,8388,138.56,41
1786946957,51,8388,138.60,41
1786946958,50,8388,138.29,41
1786946959,49,8388,138.26,40
1786946960,45,8388,135.69,40
1786946961,100,8388,184.28,42
1786946962,100,8388,210.57,42
1786946964,100,8388,211.29,43
1786946965,100,8388,210.22,43
1786946966,100,8388,211.75,43
1786946967,100,8388,212.50,43
1786946968,100,8388,212.60,43
1786946969,100,8388,213.41,43
1786946970,100,8388,212.14,43
1786946971,100,8388,211.76,43
1786946972,100,8388,211.84,43
1786946973,100,8388,213.06,43
1786946974,100,8388,211.61,43
1786946976,100,8388,211.62,43
1786946977,100,8388,212.45,43
1786946978,100,8388,210.91,43
1786946979,100,8388,213.64,43
1786946980,100,8388,211.86,44
1786946981,100,8388,213.62,44
1786946982,100,8388,213.29,44
1786946983,100,8388,212.77,44
1786946984,100,8388,211.87,44
1786946985,100,8388,212.52,44
1786946986,100,8388,213.32,44
1786946987,100,8388,211.82,44
1786946989,100,8388,213.41,44
1786946990,100,8388,213.35,44
1786946991,100,8388,213.82,44
1786946992,100,8388,213.83,44
1786946993,100,8388,212.82,44
1786946994,100,8388,213.23,44
1786946995,100,8388,214.03,44
1786946996,100,8388,212.67,44
1786946997,100,8388,213.70,44
1786946998,100,8388,213.70,44
1786946999,100,8388,214.36,45
1786947001,100,8388,212.75,45
1786947002,100,8388,213.99,45
1786947003,100,8388,215.71,45
1786947004,100,8388,214.28,45
1786947005,100,8388,214.43,45
1786947006,100,8388,214.37,45
1786947007,100,8388,213.52,45
1786947008,100,8388,214.13,45
1786947009,100,8388,216.81,45
1786947010,100,8388,214.40,45
1786947011,100,8388,215.54,45
1786947012,100,8388,216.62,45
1786947014,100,8388,214.72,45
1786947015,100,8388,213.89,45
1786947016,100,8388,215.75,45
1786947017,100,8388,215.12,45
1786947018,100,8388,215.90,45
1786947019,100,8388,213.97,45
1786947020,100,8388,214.85,45
1786947021,100,8388,214.94,45
1786947022,100,8388,214.82,45
1786947023,100,8388,215.87,45
1786947024,100,8388,215.17,46
1786947026,100,8388,215.17,46
1786947027,100,8388,216.69,46
1786947028,100,8388,215.78,46
1786947029,100,8388,216.48,46
1786947030,100,8388,215.48,46
1786947031,100,8388,216.20,46
1786947032,100,8388,215.27,46
1786947033,100,8388,215.58,46
1786947034,100,8388,218.02,46
1786947035,100,8388,216.83,46
1786947036,100,8388,215.93,46
1786947037,100,8388,215.92,46
1786947039,100,8388,216.04,46
1786947040,100,8388,217.17,46
1786947041,100,8388,217.33,46
1786947042,100,8388,216.25,46
1786947043,100,8388,217.53,46
1786947044,100,8388,215.99,46
1786947045,99,8388,217.26,46
1786947046,100,8388,216.85,46
1786947047,100,8388,217.99,46
1786947048,100,8388,216.37,46
1786947050,100,8388,217.08,46
1786947051,100,8388,217.29,46
1786947052,100,8388,218.03,46
1786947053,100,8388,221.83,46
1786947054,100,8388,218.10,47
1786947055,100,8388,220.12,47
1786947056,100,8388,222.16,47
1786947057,100,8388,218.97,47
1786947058,100,8388,216.68,47
1786947059,100,8388,219.66,47
1786947060,100,8388,220.00,47
1786947062,100,8388,219.02,47
1786947063,100,8388,218.38,47
1786947064,100,8388,220.97,47
1786947065,99,8388,221.58,47
1786947066,100,8388,217.95,47
1786947067,100,8388,218.15,47
1786947068,100,8388,218.38,47
1786947069,100,8388,221.00,47
1786947070,100,8388,221.06,47
1786947071,100,8388,222.84,47
1786947072,100,8388,223.18,47
1786947074,100,8388,218.96,47
1786947075,100,8388,223.62,47
1786947076,100,8388,222.63,47
1786947077,100,8388,219.67,47
1786947078,100,8388,223.86,47
1786947079,100,8388,222.31,47
1786947080,100,8388,220.89,47
1786947081,100,8388,222.40,47
1786947082,100,8388,221.03,47
1786947083,100,8388,222.59,47
1786947084,100,8388,220.58,47
1786947085,100,8388,219.12,47
1786947087,100,8388,222.34,47
1786947088,100,8388,224.49,47
1786947089,100,8388,222.26,47
1786947090,100,8388,224.47,48
1786947091,100,8388,225.68,48
1786947092,100,8388,226.54,48
1786947093,100,8388,226.82,48
1786947094,100,8388,220.67,48
1786947095,100,8388,214.95,47
1786947096,100,8388,209.39,47
1786947097,100,8388,205.58,47
1786947099,100,8388,206.72,47
1786947100,99,8388,206.96,47
1786947101,100,8388,210.50,47
1786947102,100,8388,210.45,47
1786947103,100,8388,210.02,47
1786947104,100,8388,214.34,47
1786947105,100,8388,211.40,48
1786947106,100,8388,212.14,48
1786947107,100,8388,212.16,48
1786947108,100,8388,211.01,47
1786947109,100,8388,210.80,47
1786947110,100,8388,209.71,47
1786947112,100,8388,209.48,47
1786947113,100,8388,210.22,47
1786947114,100,8388,209.79,48
1786947115,100,8388,211.29,48
1786947116,100,8388,211.07,48
1786947117,100,8388,211.22,48
1786947118,100,8388,208.23,47
1786947119,100,8388,206.11,47
1786947120,100,8388,202.25,47
1786947121,100,8388,199.34,47
1786947122,100,8388,194.42,47
1786947123,100,8388,190.92,47
1786947125,100,8388,190.14,47
1786947126,100,8388,188.16,47
1786947127,100,8388,187.59,47
1786947128,100,8388,186.64,47
1786947129,100,8388,185.98,47
1786947130,100,8388,185.54,47
1786947131,100,8388,184.93,47
1786947132,100,8388,185.88,47
1786947133,100,8388,185.74,47
1786947134,100,8388,185.96,46
1786947135,100,8388,185.66,46
1786947136,100,8388,187.37,46
1786947138,100,8388,187.49,46
1786947139,100,8388,186.30,46
1786947140,100,8388,185.90,46
1786947141,100,8388,187.08,46
1786947142,100,8388,184.62,46
1786947143,100,8388,183.67,46
1786947144,100,8388,185.46,46
1786947145,100,8388,187.11,46
1786947146,97,8388,186.20,46
1786947147,100,8388,188.42,46
1786947148,100,8388,190.59,46
1786947149,100,8388,191.87,46
1786947151,100,8388,189.98,46
1786947152,98,8388,183.72,46
1786947153,98,8388,185.08,46
1786947154,98,8388,183.74,46
1786947155,100,8388,181.46,46
1786947156,100,8388,182.96,46
1786947157,100,8388,180.30,46
1786947158,100,8388,182.99,46
1786947159,100,8388,182.37,46
1786947160,100,8388,179.68,46
1786947161,100,8388,177.75,46
1786947162,100,8388,178.50,46
1786947164,100,8388,175.39,46
1786947165,100,8388,175.73,46
1786947166,100,8388,174.22,45
1786947167,100,8388,174.24,45
1786947168,100,8388,177.79,45
1786947169,100,8388,176.72,45
1786947170,100,8388,178.28,46
1786947171,100,8388,176.57,45
1786947172,100,8388,175.12,45
1786947173,100,8388,179.37,45
1786947174,100,8388,178.91,45
1786947175,100,8388,179.07,45
1786947177,100,8388,176.37,45
1786947178,100,8388,177.05,45
1786947179,100,8388,178.07,45
1786947180,100,8388,177.88,45
1786947181,100,8388,173.53,45
1786947182,100,8388,173.88,45
1786947183,100,8388,175.26,45
1786947184,100,8388,174.89,45
1786947185,100,8388,182.29,45
1786947186,100,8388,181.36,45
1786947187,100,8388,180.45,45
1786947188,100,8388,178.66,45
1786947190,100,8388,176.58,45
1786947191,100,8388,175.73,45
1786947192,100,8388,176.95,45
1786947193,100,8388,176.51,45
1786947194,100,8388,177.00,45
1786947195,100,8388,173.76,45
1786947196,100,8388,170.64,45
1786947197,100,8388,169.20,45
1786947198,100,8388,167.46,45
1786947199,100,8388,168.47,45
1786947200,100,8388,167.54,45
1786947202,100,8388,168.25,45
1786947203,100,8388,167.31,45
1786947204,100,8388,166.42,45
1786947205,100,8388,164.04,44
1786947206,100,8388,164.17,44
1786947207,100,8388,163.44,44
1786947208,100,8388,162.87,44
1786947209,100,8388,163.43,44
1786947210,100,8388,162.60,44
1786947211,100,8388,162.63,44
1786947212,99,8388,158.89,44
1786947213,97,8388,157.97,44
1786947215,48,8388,140.65,44
1786947216,46,8388,139.08,43
1786947217,0,8388,123.92,43
1786947218,0,8388,118.64,43
1786947219,0,8388,118.93,43
1786947220,0,8388,118.78,43
1786947221,0,8388,118.56,42
1786947222,0,8388,118.71,42
1786947223,0,8388,118.36,42
1786947224,0,8388,118.58,42
1786947225,0,8388,118.53,42
1786947226,0,8388,118.42,42
1786947227,0,8388,118.54,42
1786947229,0,8388,118.37,42
1786947230,0,8388,118.47,42
1786947231,0,8388,118.31,42
1786947232,0,8388,118.30,42
1786947233,0,8388,118.42,42
1786947234,0,8388,118.15,42
1786947235,0,8388,118.39,42
1786947236,0,8388,118.07,42
1786947237,0,8388,118.26,42
1786947238,0,8388,118.22,42
1786947239,0,8388,118.14,42
1786947240,0,8388,118.30,41
1786947241,0,8388,118.03,41
1786947243,0,8388,118.17,41
1786947244,0,8388,117.83,41
1786947245,0,8388,118.08,41
1786947246,0,8388,117.94,41
1786947247,0,8388,117.87,41
1786947248,0,8388,118.05,41
1786947249,0,8388,117.83,41
1786947250,0,8388,117.96,41
1786947251,0,8388,117.63,41
1786947252,0,8388,117.98,41
1786947253,0,8388,117.68,41
1786947254,0,8388,117.90,41
1786947256,0,8388,117.83,41
1786947257,0,8388,117.74,41
1786947258,0,8388,117.60,41
1786947259,0,8388,117.67,41
1786947260,0,8388,117.84,41
1786947261,0,8388,117.68,41
1786947262,0,8388,117.68,41
1786947263,0,8388,117.62,41
1786947264,0,8388,117.70,41
1786947265,0,8388,117.47,41
1786947266,0,8388,117.67,40
1786947267,0,8388,117.40,40
1786947268,0,8388,117.77,40
1786947269,54,8388,133.46,43
1786947271,99,8388,279.75,44
1786947272,98,8388,281.59,44
1786947273,98,8388,284.36,45
1786947274,98,8388,280.83,45
1786947275,99,8388,281.02,46
1786947276,99,8388,281.10,46
1786947277,99,8388,280.65,46
1786947278,99,8388,286.26,46
1786947279,99,8388,283.64,46
1786947280,99,8388,280.34,46
1786947281,99,8388,282.38,47
1786947282,99,8388,283.35,46
1786947283,99,8388,279.99,47
1786947285,99,8388,283.89,47
1786947286,99,8388,285.33,47
1786947287,98,8388,280.93,47
1786947288,98,8388,284.29,47
1786947289,99,8388,279.63,47
1786947290,99,8388,284.04,47
1786947291,99,8388,280.06,47
1786947292,99,8388,286.84,47
1786947293,99,8388,282.66,48
1786947294,98,8388,278.49,47
1786947295,99,8388,286.04,48
1786947296,99,8388,281.30,48
1786947297,99,8388,285.45,48
1786947299,99,8388,284.13,48
1786947300,99,8388,281.20,48
1786947301,98,8388,281.87,48
1786947302,98,8388,285.42,48
1786947303,99,8388,282.45,48
1786947304,99,8388,286.76,48
1786947305,99,8388,283.30,48
1786947306,99,8388,285.94,48
1786947307,99,8388,284.96,49
1786947308,98,8388,283.55,48
1786947309,98,8388,284.10,49
1786947310,99,8388,281.16,48
1786947311,99,8388,290.20,49
1786947313,99,8388,279.72,49
1786947314,99,8388,279.38,49
1786947315,99,8388,284.56,49
1786947316,99,8388,279.75,49
1786947317,98,8388,281.90,49
1786947318,98,8388,280.08,49
1786947319,99,8388,284.54,49
1786947320,99,8388,285.28,49
1786947321,99,8388,283.83,49
1786947322,99,8388,284.11,49
1786947323,98,8388,284.79,49
1786947324,98,8388,283.19,49
1786947326,98,8388,283.55,49
1786947327,99,8388,285.59,49
1786947328,99,8388,280.89,49
1786947329,99,8388,281.73,49
1786947330,99,8388,284.13,49
1786947331,99,8388,279.64,49
1786947332,99,8388,280.52,50
1786947333,98,8388,283.36,49
1786947334,98,8388,283.93,50
1786947335,99,8388,280.85,49
1786947336,99,8388,283.15,50
1786947337,99,8388,281.68,49
1786947338,99,8388,285.35,50
1786947340,99,8388,282.79,50
1786947341,99,8388,284.57,49
1786947342,98,8388,282.89,50
1786947343,98,8388,282.22,50
1786947344,99,8388,283.05,50
1786947345,99,8388,280.89,50
1786947346,99,8388,285.74,50
1786947347,99,8388,284.34,50
1786947348,99,8388,280.62,49
1786947349,99,8388,282.45,50
1786947350,99,8388,283.30,50
1786947351,98,8388,280.77,50
1786947352,98,8388,287.08,50
1786947353,99,8388,283.12,50
1786947355,99,8388,286.81,50
1786947356,99,8388,279.81,50
1786947357,99,8388,289.23,50
1786947358,99,8388,282.14,50
1786947359,99,8388,281.46,50
1786947360,98,8388,286.35,50
1786947361,98,8388,283.56,50
1786947362,99,8388,288.22,50
1786947363,99,8388,283.62,50
1786947364,99,8388,280.73,50
1786947365,99,8388,285.42,50
1786947367,99,8388,284.57,50
1786947368,98,8388,278.84,50
1786947369,99,8388,281.26,50
1786947370,99,8388,284.45,50
1786947371,99,8388,287.45,50
1786947372,99,8388,280.79,50
1786947373,99,8388,282.24,50
1786947374,99,8388,286.77,50
1786947375,99,8388,279.74,50
1786947376,98,8388,283.43,50
1786947377,98,8388,280.68,50
1786947378,99,8388,282.12,50
1786947379,99,8388,288.70,50
1786947381,99,8388,284.48,50
1786947382,99,8388,281.16,50
1786947383,99,8388,285.95,50
1786947384,99,8388,287.58,50
1786947385,98,8388,280.82,50
1786947386,100,8388,169.88,48
1786947387,100,8388,214.75,48
1786947388,100,8388,213.33,48
1786947389,100,8388,214.22,48
1786947390,100,8388,214.99,48
1786947391,100,8388,214.67,48
1786947392,100,8388,215.01,48
1786947394,100,8388,215.55,48
1786947395,100,8388,216.02,48
1786947396,100,8388,215.25,48
1786947397,100,8388,213.39,47
1786947398,100,8388,213.88,47
1786947399,100,8388,213.13,47
1786947400,100,8388,214.06,47
1786947401,100,8388,212.99,47
1786947402,100,8388,214.27,47
1786947403,100,8388,215.12,47
1786947404,100,8388,213.58,47
1786947406,100,8388,214.92,47
1786947407,100,8388,213.01,47
1786947408,100,8388,211.52,47
1786947409,100,8388,213.05,47
1786947410,100,8388,214.99,47
1786947411,100,8388,214.45,47
1786947412,100,8388,214.15,47
1786947413,100,8388,213.69,47
1786947414,100,8388,214.01,47
1786947415,100,8388,213.76,47
1786947416,100,8388,214.37,47
1786947418,100,8388,214.82,47
1786947419,100,8388,214.36,47
1786947420,100,8388,214.03,47
1786947421,100,8388,214.49,47
1786947422,100,8388,215.40,47
1786947423,100,8388,213.18,47
1786947424,100,8388,214.06,47
1786947425,100,8388,215.68,47
1786947426,100,8388,213.54,47
1786947427,100,8388,214.39,47
1786947428,100,8388,213.32,47
1786947430,100,8388,214.90,47
1786947431,100,8388,215.24,47
1786947432,100,8388,214.68,47
1786947433,100,8388,214.89,47
1786947434,100,8388,216.45,47
1786947435,100,8388,215.48,47
1786947436,100,8388,216.83,47
1786947437,100,8388,214.23,47
1786947438,100,8388,214.43,47
1786947439,100,8388,216.10,47
1786947440,100,8388,217.03,47
1786947441,100,8388,214.00,47
1786947443,100,8388,214.83,47
1786947444,100,8388,216.46,47
1786947445,100,8388,215.74,47
1786947446,100,8388,214.17,47
1786947447,100,8388,215.26,47
1786947448,100,8388,215.28,47
1786947449,100,8388,218.10,47
1786947450,100,8388,216.12,47
1786947451,100,8388,217.57,47
1786947452,100,8388,216.49,47
1786947453,100,8388,215.03,47
1786947455,100,8388,215.99,47
1786947456,100,8388,216.71,47
1786947457,100,8388,214.98,47
1786947458,100,8388,216.25,47
1786947459,100,8388,216.96,47
1786947460,100,8388,217.26,47
1786947461,100,8388,215.53,47
1786947462,100,8388,215.64,47
1786947463,100,8388,218.10,47
1786947464,100,8388,216.41,47
1786947465,100,8388,218.59,47
1786947466,100,8388,216.36,47
1786947468,100,8388,215.79,47
1786947469,100,8388,216.72,47
1786947470,100,8388,218.64,47
1786947471,100,8388,214.47,47
1786947472,100,8388,215.11,47
1786947473,100,8388,216.79,47
1786947474,100,8388,217.22,47
1786947475,100,8388,218.67,48
1786947476,100,8388,218.25,48
1786947477,100,8388,216.73,47
1786947478,100,8388,220.24,48
1786947480,100,8388,219.85,48
1786947481,100,8388,220.12,48
1786947482,100,8388,222.37,48
1786947483,100,8388,222.59,48
1786947484,100,8388,221.05,48
1786947485,100,8388,220.93,48
1786947486,100,8388,220.07,48
1786947487,100,8388,218.10,48
1786947488,100,8388,219.22,48
1786947489,100,8388,218.02,48
1786947490,98,8388,219.21,48
1786947491,100,8388,220.23,48
1786947493,100,8388,218.02,48
1786947494,100,8388,216.63,48
1786947495,100,8388,220.04,48
1786947496,100,8388,219.56,48
1786947497,100,8388,219.66,48
1786947498,100,8388,219.29,48
1786947499,100,8388,217.99,48
1786947500,100,8388,221.87,48
1786947501,100,8388,222.94,48
1786947502,100,8388,222.87,48
1786947503,100,8388,222.21,48
1786947505,100,8388,222.46,48
1786947506,100,8388,222.77,48
1786947507,100,8388,221.93,48
1786947508,100,8388,219.82,48
1786947509,100,8388,221.35,48
1786947510,100,8388,219.55,48
1786947511,100,8388,221.25,48
1786947512,100,8388,222.73,48
1786947513,100,8388,221.31,48
1786947514,100,8388,222.09,48
1786947515,100,8388,224.05,48
1786947517,100,8388,225.90,48
1786947518,100,8388,225.17,48
1786947519,100,8388,224.15,48
1786947520,100,8388,221.43,48
1786947521,100,8388,217.76,48
1786947522,100,8388,218.22,48
1786947523,100,8388,215.62,48
1786947524,100,8388,214.38,48
1786947525,100,8388,213.36,48
1786947526,100,8388,211.71,48
1786947527,100,8388,212.42,48
1786947529,98,8388,209.02,48
1786947530,100,8388,206.68,48
1786947531,100,8388,206.11,48
1786947532,100,8388,207.49,48
1786947533,100,8388,206.70,48
1786947534,100,8388,209.88,48
1786947535,100,8388,207.73,48
1786947536,98,8388,206.62,48
1786947537,100,8388,204.99,48
1786947538,100,8388,207.42,48
1786947539,97,8388,207.33,48
1786947541,100,8388,205.59,48
1786947542,100,8388,205.14,48
1786947543,100,8388,204.64,48
1786947544,100,8388,206.58,48
1786947545,100,8388,205.28,48
1786947546,99,8388,203.75,48
1786947547,100,8388,205.03,48
1786947548,100,8388,204.95,48
1786947549,100,8388,207.28,48
1786947550,100,8388,204.77,48
1786947551,100,8388,204.21,48
1786947552,100,8388,203.07,48
1786947554,100,8388,208.56,48
1786947555,100,8388,207.55,48
1786947556,100,8388,210.40,48
1786947557,100,8388,211.87,48
1786947558,100,8388,210.23,48
1786947559,100,8388,209.88,48
1786947560,100,8388,207.08,48
1786947561,100,8388,208.87,48
1786947562,100,8388,207.28,48
1786947563,100,8388,205.40,48
1786947564,100,8388,207.06,48
1786947565,100,8388,206.63,48
1786947567,100,8388,205.40,48
1786947568,100,8388,205.74,48
1786947569,100,8388,205.01,48
1786947570,100,8388,204.15,48
1786947571,100,8388,204.34,48
1786947572,100,8388,203.05,48
1786947573,100,8388,204.46,48
1786947574,100,8388,204.03,48
1786947575,100,8388,202.67,48
1786947576,100,8388,203.05,48
1786947577,100,8388,200.13,47
1786947578,100,8388,196.49,47
1786947580,100,8388,196.92,47
1786947581,100,8388,198.13,47
1786947582,100,8388,197.22,47
1786947583,100,8388,195.76,47
1786947584,100,8388,193.93,47
1786947585,100,8388,193.69,47
1786947586,100,8388,192.42,47
1786947587,100,8388,190.71,47
1786947588,100,8388,190.31,47
1786947589,100,8388,191.17,47
1786947590,100,8388,188.89,47
1786947591,100,8388,189.13,47
1786947593,100,8388,187.27,47
1786947594,100,8388,187.15,47
1786947595,100,8388,187.41,47
1786947596,100,8388,185.66,47
1786947597,100,8388,185.47,47
1786947598,100,8388,183.95,46
1786947599,100,8388,185.63,46
1786947600,100,8388,183.95,46
1786947601,100,8388,183.21,46
1786947602,100,8388,183.91,46
1786947603,100,8388,183.40,46
1786947605,100,8388,181.77,46
1786947606,100,8388,183.01,46
1786947607,100,8388,184.09,46
1786947608,99,8388,179.63,46
1786947609,99,8388,181.76,46
1786947610,99,8388,180.85,46
1786947611,100,8388,182.01,46
1786947612,98,8388,181.43,46
1786947613,100,8388,182.31,46
1786947614,99,8388,182.06,46
1786947615,100,8388,179.71,46
1786947617,99,8388,181.18,46
1786947618,99,8388,181.52,46
1786947619,100,8388,180.45,46
1786947620,100,8388,181.34,46
1786947621,100,8388,181.73,46
1786947622,100,8388,184.74,46
1786947623,100,8388,180.99,46
1786947624,100,8388,179.91,46
1786947625,100,8388,179.37,46
1786947626,100,8388,177.15,45
1786947627,100,8388,176.78,45
1786947628,100,8388,177.57,45
1786947630,100,8388,179.84,45
1786947631,100,8388,178.33,45
1786947632,100,8388,182.07,45
1786947633,100,8388,181.19,45
1786947634,100,8388,179.46,45
1786947635,100,8388,180.58,45
1786947636,100,8388,181.37,45
1786947637,100,8388,180.79,45
1786947638,100,8388,179.87,45
1786947639,100,8388,178.39,45
1786947640,100,8388,178.71,45
1786947641,100,8388,179.08,45
1786947643,100,8388,179.43,45
1786947644,100,8388,182.42,45
1786947645,100,8388,180.63,45
1786947646,100,8388,184.55,45
1786947647,100,8388,181.49,45
1786947648,100,8388,176.50,45
1786947649,100,8388,183.21,45
1786947650,100,8388,179.90,45
1786947651,100,8388,185.77,45
1786947652,100,8388,183.24,45
1786947653,100,8388,182.93,45
1786947654,100,8388,181.22,45
1786947656,100,8388,180.85,45
1786947657,100,8388,179.58,45
1786947658,100,8388,180.60,45
1786947659,100,8388,180.23,45
1786947660,100,8388,177.22,45
1786947661,100,8388,176.24,45
1786947662,100,8388,177.68,45
1786947663,100,8388,174.48,45
1786947664,100,8388,174.46,45
1786947665,100,8388,172.46,45
1786947666,100,8388,173.61,45
1786947667,100,8388,172.10,45
1786947668,100,8388,173.34,44
1786947670,100,8388,171.65,44
1786947671,100,8388,170.28,44
1786947672,100,8388,169.08,44
1786947673,100,8388,169.03,44
1786947674,100,8388,169.65,44
1786947675,100,8388,166.46,44
1786947676,100,8388,167.07,44
1786947677,100,8388,167.13,44
1786947678,100,8388,166.57,44
1786947679,100,8388,166.73,44
1786947680,100,8388,166.67,44
1786947681,100,8388,167.01,44
1786947683,100,8388,165.96,44
1786947684,100,8388,165.99,44
1786947685,100,8388,165.89,44
1786947686,100,8388,166.13,44
1786947687,100,8388,167.39,44
1786947688,100,8388,167.95,44
1786947689,100,8388,165.83,44
1786947690,96,8388,164.45,44
1786947691,48,8388,150.90,43
1786947692,50,8388,142.15,43
1786947693,48,8388,142.35,43
1786947694,50,8388,144.62,43
1786947696,51,8388,144.79,43
1786947697,49,8388,145.20,43
1786947698,47,8388,139.86,43
1786947699,47,8388,138.32,43
1786947700,47,8388,138.64,42
1786947701,48,8388,138.66,42
1786947702,48,8388,138.33,42
1786947703,47,8388,138.60,42
1786947704,47,8388,138.36,42
1786947705,47,8388,137.82,42
1786947706,47,8388,138.49,42
1786947707,47,8388,138.39,42
1786947708,47,8388,138.63,42
1786947709,47,8388,138.32,42
1786947711,48,8388,138.19,42
1786947712,45,8388,137.74,42
1786947713,43,8388,134.62,42
1786947714,99,8388,264.55,45
1786947715,99,8388,282.48,45
1786947716,99,8388,284.28,46
1786947717,99,8388,278.10,46
1786947718,99,8388,282.97,47
1786947719,98,8388,281.84,46
1786947720,99,8388,283.45,47
1786947721,99,8388,281.40,47
1786947722,99,8388,280.45,47
1786947723,99,8388,285.15,47
1786947725,99,8388,280.85,47
1786947726,98,8388,284.51,47
1786947727,98,8388,281.56,47
1786947728,99,8388,280.67,47
1786947729,99,8388,283.66,47
1786947730,99,8388,282.20,47
1786947731,99,8388,280.51,47
1786947732,99,8388,284.48,48
1786947733,99,8388,283.86,48
1786947734,99,8388,280.58,48
1786947735,99,8388,284.75,48
1786947736,99,8388,280.76,48
1786947737,99,8388,284.30,48
1786947739,99,8388,284.29,48
1786947740,98,8388,280.18,48
1786947741,98,8388,281.56,48
1786947742,99,8388,281.77,48
1786947743,99,8388,289.13,48
1786947744,99,8388,283.80,48
1786947745,99,8388,280.89,48
1786947746,99,8388,280.89,49
1786947747,99,8388,283.35,49
1786947748,98,8388,279.77,49
1786947749,98,8388,280.77,49
1786947750,99,8388,281.47,49
1786947751,99,8388,283.37,49
1786947753,99,8388,283.46,49
1786947754,99,8388,281.57,49
1786947755,99,8388,283.66,49
1786947756,98,8388,284.35,49
1786947757,98,8388,281.74,49
1786947758,98,8388,283.86,49
1786947759,99,8388,282.72,49
1786947760,99,8388,284.11,49
1786947761,99,8388,281.63,49
1786947762,99,8388,280.96,49
1786947763,99,8388,282.50,49
1786947764,98,8388,286.46,49
1786947766,98,8388,285.83,49
1786947767,98,8388,277.65,49
1786947768,99,8388,281.09,49
1786947769,99,8388,284.97,49
1786947770,99,8388,280.85,50
1786947771,99,8388,281.27,49
1786947772,99,8388,280.79,50
1786947773,98,8388,281.64,49
1786947774,98,8388,281.43,50
1786947775,99,8388,282.43,50
1786947776,99,8388,285.13,50
1786947777,99,8388,282.93,50
1786947778,99,8388,281.38,50
1786947780,99,8388,282.08,50
1786947781,99,8388,283.09,50
1786947782,98,8388,284.44,50
1786947783,98,8388,278.70,50
1786947784,99,8388,280.05,50
1786947785,99,8388,281.88,50
1786947786,99,8388,282.55,50
1786947787,99,8388,284.14,50
1786947788,99,8388,281.33,50
1786947789,99,8388,284.44,50
1786947790,98,8388,279.51,50
1786947791,98,8388,285.82,50
1786947792,98,8388,280.51,50
1786947793,99,8388,278.80,50
1786947795,99,8388,284.27,50
1786947796,99,8388,282.20,50
1786947797,99,8388,281.17,50
1786947798,99,8388,286.14,50
1786947799,98,8388,277.85,50
1786947800,98,8388,282.14,50
1786947801,99,8388,283.80,50
1786947802,99,8388,284.61,50
1786947803,99,8388,278.94,50
1786947804,99,8388,286.39,50
1786947805,99,8388,280.06,50
1786947806,98,8388,282.96,50
1786947807,98,8388,276.31,50
1786947809,98,8388,287.33,50
1786947810,99,8388,277.76,50
1786947811,99,8388,283.93,50
1786947812,99,8388,284.95,50
1786947813,99,8388,283.28,50
1786947814,99,8388,286.39,50
1786947815,98,8388,283.14,50
1786947816,98,8388,280.13,50
1786947817,98,8388,282.04,50
1786947818,99,8388,283.12,50
1786947819,99,8388,283.96,50
1786947820,99,8388,283.56,50
1786947821,99,8388,279.16,50
1786947823,99,8388,283.13,50
1786947824,98,8388,282.34,50
1786947825,98,8388,283.03,51
1786947826,98,8388,284.68,50
1786947827,99,8388,283.40,51
1786947828,99,8388,280.85,50
1786947829,72,8388,216.56,49
1786947830,100,8388,214.95,49
1786947831,100,8388,214.79,48
1786947832,100,8388,213.98,48
1786947833,100,8388,213.74,48
1786947835,100,8388,214.41,48
1786947836,100,8388,215.48,48
1786947837,100,8388,214.84,48
1786947838,100,8388,213.92,48
1786947839,100,8388,215.19,48
1786947840,100,8388,214.46,48
1786947841,100,8388,215.27,48
1786947842,100,8388,214.63,48
1786947843,100,8388,215.93,48
1786947844,100,8388,213.67,48
1786947845,100,8388,215.14,48
1786947846,100,8388,213.60,48
1786947848,100,8388,214.61,48
1786947849,100,8388,214.16,48
1786947850,100,8388,214.63,48
1786947851,100,8388,214.62,48
1786947852,100,8388,214.40,47
1786947853,100,8388,214.79,47
1786947854,100,8388,215.16,47
1786947855,100,8388,214.41,47
1786947856,100,8388,214.88,47
1786947857,100,8388,215.00,47
1786947858,100,8388,211.69,47
1786947860,100,8388,213.10,47
1786947861,100,8388,213.45,47
1786947862,100,8388,214.02,47
1786947863,100,8388,214.81,47
1786947864,100,8388,214.04,47
1786947865,100,8388,214.31,47
1786947866,100,8388,213.81,47
1786947867,100,8388,214.08,47
1786947868,100,8388,213.20,47
1786947869,100,8388,214.22,47
1786947870,100,8388,213.94,47
1786947871,100,8388,212.60,47
1786947873,100,8388,205.51,47
1786947874,100,8388,214.74,47
1786947875,100,8388,213.57,47
1786947876,100,8388,213.93,47
1786947877,100,8388,213.85,47
1786947878,100,8388,214.91,47
1786947879,100,8388,214.56,47
1786947880,100,8388,214.79,47
1786947881,100,8388,215.15,47
1786947882,100,8388,213.73,47
1786947883,100,8388,214.95,47
1786947885,100,8388,215.89,47
1786947886,100,8388,213.01,47
1786947887,100,8388,215.48,47
1786947888,100,8388,213.54,47
1786947889,100,8388,213.72,47
1786947890,100,8388,213.46,47
1786947891,100,8388,214.69,47
1786947892,82,8388,211.11,47
1786947893,100,8388,215.13,47
1786947894,100,8388,215.40,47
1786947895,100,8388,213.75,47
1786947896,100,8388,214.99,47
1786947898,100,8388,215.18,47
1786947899,100,8388,214.40,47
1786947900,100,8388,213.09,47
1786947901,100,8388,215.16,47
1786947902,100,8388,215.35,47
1786947903,100,8388,214.46,47
1786947904,100,8388,216.08,48
1786947905,100,8388,215.80,48
1786947906,100,8388,215.24,48
1786947907,100,8388,215.44,48
1786947908,100,8388,216.59,48
1786947910,100,8388,212.40,48
1786947911,100,8388,214.90,48
1786947912,100,8388,213.96,48
1786947913,100,8388,215.52,48
1786947914,100,8388,216.51,48
1786947915,100,8388,217.42,48
1786947916,100,8388,215.21,48
1786947917,100,8388,215.20,48
1786947918,100,8388,217.04,48
1786947919,100,8388,216.85,48
1786947920,100,8388,217.51,48
1786947922,100,8388,219.33,48
1786947923,100,8388,218.19,48
1786947924,100,8388,218.46,48
1786947925,100,8388,218.69,48
1786947926,100,8388,217.41,48
1786947927,99,8388,217.32,48
1786947928,100,8388,218.52,48
1786947929,100,8388,220.98,48
1786947930,100,8388,220.17,48
1786947931,100,8388,219.08,48
1786947932,100,8388,218.03,48
1786947933,100,8388,218.66,48
1786947935,100,8388,216.24,48
1786947936,100,8388,218.37,48
1786947937,100,8388,218.50,48
1786947938,100,8388,219.29,48
1786947939,100,8388,218.74,48
1786947940,100,8388,222.02,48
1786947941,100,8388,219.67,48
1786947942,100,8388,218.02,48
1786947943,100,8388,218.98,48
1786947944,100,8388,217.41,48
1786947945,100,8388,219.23,48
1786947947,100,8388,219.31,48
1786947948,100,8388,220.36,48
1786947949,100,8388,220.45,48
1786947950,100,8388,220.89,48
1786947951,100,8388,223.00,48
1786947952,100,8388,222.55,48
1786947953,100,8388,218.91,48
1786947954,100,8388,222.55,48
1786947955,100,8388,219.24,48
1786947956,100,8388,220.42,48
1786947957,100,8388,220.22,48
1786947959,100,8388,222.45,48
1786947960,99,8388,220.97,48
1786947961,100,8388,222.24,48
1786947962,100,8388,225.40,48
1786947963,100,8388,224.32,48
1786947964,100,8388,222.44,48
1786947965,100,8388,218.42,48
1786947966,99,8388,210.53,48
1786947967,100,8388,212.09,48
1786947968,98,8388,210.46,48
1786947970,100,8388,209.88,48
1786947971,96,8388,205.84,48
1786947972,98,8388,206.17,48
1786947973,100,8388,204.15,48
1786947974,100,8388,209.48,48
1786947975,100,8388,208.38,48
1786947976,99,8388,207.42,48
1786947977,100,8388,206.85,48
1786947978,100,8388,205.29,48
1786947979,100,8388,205.96,48
1786947980,100,8388,205.81,48
1786947981,95,8388,206.78,48
1786947983,99,8388,206.05,48
1786947984,98,8388,205.47,48
1786947985,100,8388,205.25,48
1786947986,100,8388,205.56,48
1786947987,100,8388,205.26,48
1786947988,100,8388,206.99,48
1786947989,100,8388,212.05,48
1786947990,100,8388,212.35,48
1786947991,100,8388,212.65,48
1786947992,100,8388,212.20,48
1786947993,100,8388,209.98,48
1786947994,100,8388,208.23,48
1786947996,100,8388,207.36,48
1786947997,100,8388,204.77,48
1786947998,100,8388,205.93,48
1786947999,100,8388,202.18,47
1786948000,100,8388,203.91,47
1786948001,100,8388,202.63,46
1786948002,100,8388,202.10,46
1786948003,100,8388,200.34,45
1786948004,100,8388,201.32,45
1786948005,100,8388,197.59,44
1786948006,100,8388,197.55,44
1786948008,100,8388,197.98,43
1786948009,100,8388,198.12,43
1786948010,100,8388,196.11,42
1786948011,100,8388,196.90,42
1786948012,100,8388,197.06,42
1786948013,100,8388,196.67,41
1786948014,100,8388,197.22,41
1786948015,100,8388,194.59,40
1786948016,100,8388,193.88,40
1786948017,100,8388,191.09,40
1786948018,100,8388,190.61,39
1786948020,100,8388,185.74,39
1786948021,100,8388,185.84,39
1786948022,100,8388,184.21,39
1786948023,100,8388,184.19,38
1786948024,100,8388,183.10,38
1786948025,100,8388,179.59,38
1786948026,100,8388,182.13,38
1786948027,100,8388,183.29,38
1786948028,100,8388,180.63,37
1786948029,100,8388,181.58,37
1786948030,100,8388,181.74,37
1786948031,100,8388,181.47,37
1786948033,100,8388,180.50,37
1786948034,100,8388,181.76,37
1786948035,100,8388,180.07,37
1786948036,100,8388,178.86,36
1786948037,100,8388,179.05,36
1786948038,100,8388,178.68,36
1786948039,99,8388,180.76,36
1786948040,100,8388,182.48,36
1786948041,100,8388,180.93,36
1786948042,100,8388,180.18,36
1786948043,99,8388,176.35,36
1786948044,100,8388,177.63,36
1786948046,100,8388,173.73,35
1786948047,99,8388,173.68,35
1786948048,100,8388,172.62,35
1786948049,98,8388,173.17,35
1786948050,99,8388,173.96,35
1786948051,99,8388,173.93,35
1786948052,99,8388,173.44,35
1786948053,100,8388,173.40,35
1786948054,100,8388,171.05,35
1786948055,100,8388,171.43,35
1786948056,100,8388,171.52,35
1786948057,100,8388,171.68,35
1786948059,100,8388,172.41,35
1786948060,100,8388,173.96,35
1786948061,100,8388,175.35,35
1786948062,100,8388,174.55,35
1786948063,100,8388,173.35,35
1786948064,100,8388,172.68,35
1786948065,100,8388,170.51,34
1786948066,100,8388,168.82,34
1786948067,100,8388,167.51,34
1786948068,100,8388,166.29,34
1786948069,100,8388,164.01,34
1786948071,100,8388,168.32,34
1786948072,100,8388,166.82,34
1786948073,100,8388,169.13,34
1786948074,100,8388,164.88,34
1786948075,100,8388,164.80,34
1786948076,100,8388,168.41,34
1786948077,100,8388,166.47,34
1786948078,100,8388,168.68,34
1786948079,100,8388,172.38,34
1786948080,100,8388,178.70,34
1786948081,100,8388,179.76,34
1786948082,100,8388,173.60,34
1786948084,100,8388,175.03,34
1786948085,100,8388,175.18,34
1786948086,100,8388,174.07,34
1786948087,100,8388,170.54,34
1786948088,100,8388,169.43,34
1786948089,100,8388,163.19,34
1786948090,100,8388,164.13,34
1786948091,100,8388,161.91,34
1786948092,100,8388,159.76,34
1786948093,100,8388,162.24,34
1786948095,100,8388,159.67,33
1786948096,100,8388,165.49,34
1786948097,100,8388,169.27,34
1786948098,100,8388,166.25,34
1786948099,100,8388,164.39,34
1786948100,100,8388,162.33,33
1786948101,100,8388,161.42,33
1786948102,100,8388,160.90,33
1786948103,100,8388,157.88,33
1786948104,100,8388,159.01,33
1786948105,100,8388,156.29,33
1786948106,100,8388,156.17,33
1786948107,100,8388,155.80,33
1786948109,100,8388,156.75,33
1786948110,100,8388,156.13,33
1786948111,100,8388,156.10,33
1786948112,100,8388,155.80,33
1786948113,100,8388,155.52,33
1786948114,100,8388,155.69,33
1786948115,100,8388,155.58,33
1786948116,100,8388,155.85,33
1786948117,99,8388,152.06,33
1786948118,92,8388,149.44,33
1786948119,99,8388,150.59,33
1786948121,94,8388,149.07,33
1786948122,56,8388,145.39,32
1786948123,0,8388,113.53,32
1786948124,0,8388,113.41,32
1786948125,0,8388,113.37,31
1786948126,0,8388,113.31,31
1786948127,0,8388,113.37,31
1786948128,0,8388,113.24,31
1786948129,0,8388,113.22,31
1786948130,0,8388,113.15,31
1786948131,0,8388,113.22,31
1786948132,0,8388,113.14,31
1786948133,0,8388,113.10,31
1786948135,0,8388,113.07,31
1786948136,0,8388,113.11,31
1786948137,0,8388,113.13,31
1786948138,0,8388,113.12,31
1786948139,0,8388,113.16,31
1786948140,0,8388,112.96,31
1786948141,0,8388,113.00,31
1786948142,0,8388,113.03,31
1786948143,0,8388,113.04,31
1786948144,0,8388,113.00,31
1786948145,0,8388,112.93,31
1786948146,0,8388,112.90,31
1786948147,0,8388,112.96,31
1786948148,0,8388,112.88,31
1786948150,0,8388,112.97,31
1786948151,0,8388,113.00,30
1786948152,0,8388,112.94,30
1786948153,0,8388,112.76,30
1786948154,0,8388,112.82,30
1786948155,0,8388,112.82,30
1786948156,0,8388,112.85,30
1786948157,0,8388,112.87,30
1786948158,0,8388,112.93,30
1786948159,0,8388,112.83,30
1786948160,0,8388,112.86,30
1786948161,0,8388,112.84,30
1786948163,0,8388,112.84,30
1786948164,0,8388,112.86,30
1786948165,0,8388,112.80,30
1786948166,0,8388,112.84,30
1786948167,0,8388,112.77,30
1786948168,0,8388,112.78,30
1786948169,0,8388,112.87,30
1786948170,0,8388,112.85,30
1786948171,0,8388,112.70,30
1786948172,0,8388,112.73,30
1786948173,0,8388,112.71,30
1786948174,0,8388,112.90,30
1786948175,0,8388,112.86,30
1786948176,0,8388,112.65,30
1786948178,0,8388,112.76,30
1786948179,0,8388,112.72,30
1786948180,0,8388,112.71,30
1786948181,0,8388,112.76,30
1786948182,0,8388,112.62,30
1786948183,0,8388,112.72,30
1786948184,0,8388,112.75,30
1786948185,0,8388,112.73,30
1786948186,0,8388,112.75,30
1786948187,98,8388,203.91,33
1786948188,99,8388,269.86,34
1786948189,99,8388,273.96,34
1786948190,99,8388,269.70,35
1786948191,99,8388,274.67,35
1786948193,99,8388,269.90,36
1786948194,99,8388,267.93,35
1786948195,98,8388,271.57,36
1786948196,99,8388,270.75,36
1786948197,99,8388,277.87,36
1786948198,99,8388,269.49,36
1786948199,99,8388,267.30,36
1786948200,99,8388,272.42,36
1786948201,99,8388,272.37,36
1786948202,99,8388,272.99,36
1786948203,99,8388,267.95,37
1786948204,98,8388,275.82,37
1786948205,99,8388,269.23,37
1786948207,99,8388,276.76,37
1786948208,99,8388,272.82,37
1786948209,99,8388,267.29,37
1786948210,99,8388,272.31,37
1786948211,99,8388,274.94,37
1786948212,99,8388,271.82,37
1786948213,98,8388,268.27,37
1786948214,98,8388,272.43,37
1786948215,99,8388,269.36,37
1786948216,99,8388,277.77,37
1786948217,99,8388,265.24,37
1786948218,99,8388,266.73,37
1786948219,99,8388,268.04,37
1786948221,99,8388,275.70,37
1786948222,98,8388,275.68,37
1786948223,98,8388,266.12,37
1786948224,99,8388,271.92,37
1786948225,99,8388,272.52,37
1786948226,99,8388,273.29,37
1786948227,99,8388,274.92,37
1786948228,99,8388,270.73,37
1786948229,98,8388,273.84,37
1786948230,98,8388,268.11,37
1786948231,98,8388,273.63,38
1786948232,99,8388,269.49,37
1786948233,99,8388,266.48,38
1786948235,99,8388,272.42,37
1786948236,99,8388,269.71,38
1786948237,99,8388,277.23,37
1786948238,99,8388,265.36,38
1786948239,99,8388,272.35,37
1786948240,98,8388,272.98,38
1786948241,99,8388,274.98,37
1786948242,99,8388,269.56,38
1786948243,99,8388,266.60,37
1786948244,99,8388,274.47,38
1786948245,99,8388,274.91,37
1786948246,99,8388,275.77,38
1786948247,99,8388,275.64,37
1786948249,99,8388,271.81,38
1786948250,99,8388,270.86,37
1786948251,99,8388,271.95,38
1786948252,99,8388,274.20,37
1786948253,99,8388,265.57,38
1786948254,99,8388,272.85,37
1786948255,99,8388,270.29,38
1786948256,99,8388,274.61,37
1786948257,99,8388,265.65,38
1786948258,98,8388,270.63,37
1786948259,99,8388,275.24,38
1786948260,99,8388,271.36,37
1786948261,99,8388,276.10,38
1786948263,99,8388,266.89,37
1786948264,99,8388,271.08,38
1786948265,99,8388,270.98,37
1786948266,99,8388,274.33,38
1786948267,98,8388,268.52,37
1786948268,98,8388,276.53,38
1786948269,99,8388,269.44,38
1786948270,99,8388,274.07,38
1786948271,99,8388,274.74,37
1786948272,99,8388,272.09,38
1786948273,99,8388,275.04,37
1786948274,99,8388,271.33,38
1786948275,98,8388,277.14,37
1786948277,98,8388,269.66,38
1786948278,99,8388,277.01,37
1786948279,99,8388,270.95,38
1786948280,99,8388,270.66,37
1786948281,99,8388,277.77,38
1786948282,99,8388,268.99,37
1786948283,99,8388,273.74,38
1786948284,98,8388,272.16,37
1786948285,98,8388,273.46,38
1786948286,99,8388,275.28,37
1786948287,99,8388,265.55,38
1786948288,99,8388,275.03,37
1786948289,99,8388,269.37,38
1786948290,99,8388,276.72,38
1786948292,99,8388,270.31,38
1786948293,99,8388,271.98,37
1786948294,98,8388,271.03,38
1786948295,99,8388,271.05,37
1786948296,99,8388,273.12,38
1786948297,99,8388,271.85,37
1786948298,99,8388,267.30,38
1786948299,99,8388,270.33,38
1786948300,99,8388,274.43,38
1786948301,99,8388,269.67,38
1786948302,99,8388,277.36,38
1786948303,100,8388,177.47,36
1786948305,100,8388,205.21,36
1786948306,100,8388,205.76,36
1786948307,100,8388,204.93,36
1786948308,100,8388,205.31,36
1786948309,100,8388,207.30,35
1786948310,100,8388,205.35,35
1786948311,100,8388,204.62,35
1786948312,100,8388,205.93,35
1786948313,100,8388,205.16,35
1786948314,100,8388,205.71,35
1786948315,100,8388,205.87,35
1786948316,100,8388,204.37,35
1786948318,100,8388,203.98,35
1786948319,100,8388,205.14,35
1786948320,100,8388,204.95,35
1786948321,100,8388,205.29,35
1786948322,100,8388,205.38,35
1786948323,100,8388,205.29,35
1786948324,100,8388,204.89,35
1786948325,100,8388,201.34,35
1786948326,100,8388,205.02,35
1786948327,100,8388,204.67,35
1786948328,100,8388,205.43,35
1786948330,100,8388,204.60,35
1786948331,100,8388,204.87,35
1786948332,100,8388,205.40,35
1786948333,100,8388,206.02,35
1786948334,100,8388,205.38,35
1786948335,100,8388,205.50,35
1786948336,100,8388,204.49,35
1786948337,100,8388,205.81,35
1786948338,100,8388,205.16,35
1786948339,100,8388,204.29,35
1786948340,100,8388,205.01,35
1786948341,100,8388,205.07,35
1786948343,100,8388,205.06,35
1786948344,100,8388,205.29,35
1786948345,100,8388,205.35,35
1786948346,100,8388,204.65,35
1786948347,100,8388,205.69,35
1786948348,100,8388,205.72,35
1786948349,100,8388,205.80,35
1786948350,100,8388,205.47,35
1786948351,100,8388,204.99,35
1786948352,100,8388,205.43,35
1786948353,100,8388,205.83,35
1786948354,100,8388,205.29,35
1786948356,100,8388,205.90,35
1786948357,100,8388,204.95,35
1786948358,100,8388,205.07,35
1786948359,100,8388,206.57,35
1786948360,100,8388,206.05,35
1786948361,100,8388,205.55,35
1786948362,100,8388,206.41,35
1786948363,100,8388,205.99,35
1786948364,100,8388,204.61,35
1786948365,100,8388,206.18,35
1786948366,100,8388,205.53,35
1786948367,100,8388,206.37,35
1786948369,100,8388,204.92,35
1786948370,100,8388,207.02,35
1786948371,100,8388,205.82,35
1786948372,100,8388,206.47,35
1786948373,100,8388,206.10,35
1786948374,100,8388,205.65,35
1786948375,100,8388,206.39,35
1786948376,100,8388,206.02,35
1786948377,100,8388,205.38,35
1786948378,100,8388,206.20,35
1786948379,100,8388,206.20,35
1786948381,100,8388,206.35,35
1786948382,100,8388,205.58,36
1786948383,100,8388,206.53,36
1786948384,100,8388,206.01,36
1786948385,100,8388,205.59,36
1786948386,100,8388,205.74,36
1786948387,100,8388,206.89,36
1786948388,100,8388,206.97,36
1786948389,100,8388,207.12,37
1786948390,100,8388,206.05,37
1786948391,100,8388,207.96,37
1786948392,100,8388,205.99,37
1786948394,100,8388,208.37,37
1786948395,100,8388,210.16,38
1786948396,100,8388,208.57,38
1786948397,100,8388,208.30,38
1786948398,100,8388,208.78,38
1786948399,100,8388,209.59,38
1786948400,100,8388,212.23,38
1786948401,100,8388,210.10,39
1786948402,100,8388,211.56,39
1786948403,100,8388,212.75,39
1786948404,100,8388,211.47,39
1786948406,100,8388,213.90,39
1786948407,100,8388,211.47,39
1786948408,100,8388,214.92,39
1786948409,99,8388,211.62,40
1786948410,100,8388,209.25,40
1786948411,100,8388,212.08,40
1786948412,100,8388,209.88,40
1786948413,100,8388,211.29,40
1786948414,100,8388,213.47,40
1786948415,100,8388,213.12,40
1786948416,100,8388,213.85,40
1786948417,100,8388,212.61,41
1786948419,100,8388,211.20,41
1786948420,100,8388,214.74,41
1786948421,100,8388,212.88,41
1786948422,100,8388,213.62,41
1786948423,100,8388,213.95,41
1786948424,100,8388,213.12,41
1786948425,100,8388,214.36,41
1786948426,100,8388,215.88,41
1786948427,100,8388,213.28,42
1786948428,100,8388,213.14,42
1786948429,100,8388,215.15,42
1786948431,100,8388,214.99,42
1786948432,100,8388,217.41,42
1786948433,100,8388,219.30,42
1786948434,100,8388,215.12,42
1786948435,100,8388,216.61,42
1786948436,100,8388,216.90,42
1786948437,100,8388,218.35,43
1786948438,100,8388,222.00,43
1786948439,100,8388,217.79,43
1786948440,100,8388,211.00,43
1786948441,100,8388,207.50,43
1786948442,100,8388,205.32,43
1786948444,100,8388,203.38,43
1786948445,98,8388,201.82,43
1786948446,100,8388,202.23,43
1786948447,100,8388,203.84,43
1786948448,100,8388,201.46,43
1786948449,99,8388,205.43,43
1786948450,98,8388,202.47,43
1786948451,100,8388,202.29,43
1786948452,99,8388,201.82,43
1786948453,100,8388,201.67,43
1786948454,100,8388,203.55,43
1786948456,100,8388,202.10,43
1786948457,100,8388,203.32,43
1786948458,99,8388,202.34,43
1786948459,100,8388,204.02,44
1786948460,100,8388,203.93,44
1786948461,100,8388,203.55,44
1786948462,100,8388,204.15,44
1786948463,100,8388,203.90,44
1786948464,100,8388,203.07,44
1786948465,100,8388,201.06,44
1786948467,100,8388,202.74,44
1786948468,100,8388,201.30,44
1786948469,100,8388,199.48,44
1786948470,100,8388,198.61,44
1786948471,100,8388,201.27,44
1786948472,100,8388,199.68,44
1786948473,100,8388,199.74,44
1786948474,100,8388,198.05,44
1786948475,100,8388,197.39,44
1786948476,100,8388,196.83,44
1786948477,100,8388,195.49,44
1786948478,100,8388,194.99,44
1786948480,100,8388,194.66,44
1786948481,100,8388,195.82,44
1786948482,100,8388,194.36,44
1786948483,100,8388,194.07,44
1786948484,100,8388,193.05,44
1786948485,100,8388,193.68,44
1786948486,100,8388,192.74,44
1786948487,100,8388,191.43,44
1786948488,100,8388,192.50,44
1786948489,100,8388,190.49,44
1786948490,100,8388,191.53,44
1786948492,100,8388,191.89,44
1786948493,100,8388,188.60,44
1786948494,100,8388,186.69,44
1786948495,100,8388,186.15,44
1786948496,100,8388,185.05,44
1786948497,100,8388,190.00,44
1786948498,100,8388,189.74,44
1786948499,100,8388,189.47,44
1786948500,100,8388,186.47,44
1786948501,100,8388,188.74,44
1786948502,100,8388,190.21,44
1786948503,100,8388,189.03,44
1786948505,100,8388,189.24,44
1786948506,100,8388,188.40,44
1786948507,100,8388,187.68,44
1786948508,99,8388,183.28,44
1786948509,100,8388,183.06,44
1786948510,100,8388,181.35,44
1786948511,100,8388,181.65,44
1786948512,100,8388,181.67,44
1786948513,100,8388,179.30,44
1786948514,100,8388,178.76,44
1786948515,100,8388,178.32,44
1786948516,100,8388,179.40,44
1786948518,100,8388,180.39,44
1786948519,100,8388,179.63,44
1786948520,100,8388,177.02,44
1786948521,100,8388,181.14,44
1786948522,100,8388,179.28,44
1786948523,100,8388,181.05,44
1786948524,100,8388,179.09,44
1786948525,100,8388,179.48,44
1786948526,100,8388,179.91,44
1786948527,100,8388,178.21,44
1786948528,100,8388,178.23,44
1786948530,100,8388,174.15,44
1786948531,100,8388,172.08,44
1786948532,100,8388,170.98,44
1786948533,100,8388,172.06,44
1786948534,100,8388,170.51,44
1786948535,100,8388,173.62,44
1786948536,100,8388,173.68,44
1786948537,100,8388,176.46,44
1786948538,100,8388,177.02,44
1786948539,100,8388,174.07,44
1786948540,100,8388,175.37,44
1786948541,100,8388,173.77,44
1786948543,100,8388,181.76,44
1786948544,100,8388,180.70,44
1786948545,100,8388,186.14,44
1786948546,100,8388,185.40,44
1786948547,100,8388,188.26,44
1786948548,100,8388,177.11,44
1786948549,100,8388,180.14,44
1786948550,100,8388,180.48,44
1786948551,100,8388,180.66,44
1786948552,100,8388,184.49,44
1786948553,100,8388,187.10,44
1786948554,100,8388,181.83,44
1786948556,100,8388,179.67,44
1786948557,100,8388,181.79,44
1786948558,100,8388,178.49,44
1786948559,100,8388,181.02,44
1786948560,100,8388,179.54,44
1786948561,100,8388,177.92,44
1786948562,100,8388,179.75,44
1786948563,100,8388,178.26,44
1786948564,100,8388,183.15,44
1786948565,100,8388,184.73,44
1786948566,100,8388,181.64,44
1786948567,100,8388,185.35,44
1786948569,100,8388,183.25,44
1786948570,100,8388,183.07,44
1786948571,100,8388,181.15,44
1786948572,100,8388,179.16,44
1786948573,100,8388,178.40,44
1786948574,100,8388,177.82,44
1786948575,100,8388,179.11,44
1786948576,100,8388,178.13,44
1786948577,100,8388,178.95,44
1786948578,100,8388,178.29,44
1786948579,100,8388,177.85,44
1786948580,100,8388,182.84,44
1786948582,100,8388,182.04,44
1786948583,100,8388,183.34,44
1786948584,100,8388,182.88,44
1786948585,100,8388,183.58,44
1786948586,100,8388,181.65,44
1786948587,100,8388,176.35,44
1786948588,100,8388,173.00,44
1786948589,100,8388,173.32,44
1786948590,100,8388,171.32,44
1786948591,58,8388,164.64,44
1786948592,57,8388,154.94,44
1786948594,55,8388,152.06,43
1786948595,56,8388,150.20,43
1786948596,50,8388,149.12,43
1786948597,54,8388,147.62,43
1786948598,52,8388,148.01,43
1786948599,50,8388,145.85,43
1786948600,50,8388,140.95,43
1786948601,49,8388,139.04,43
1786948602,48,8388,138.50,43
1786948603,48,8388,138.62,43
1786948604,48,8388,139.11,42
1786948605,50,8388,139.04,42
1786948607,48,8388,139.25,42
1786948608,0,8388,129.61,42
1786948609,0,8388,118.27,42
1786948610,0,8388,118.26,42
1786948611,0,8388,118.13,42
1786948612,0,8388,117.89,41
1786948613,0,8388,117.92,41
1786948614,0,8388,118.07,41
1786948615,0,8388,117.94,41
1786948616,0,8388,117.99,41
1786948617,0,8388,117.88,41
1786948618,0,8388,117.86,41
1786948619,0,8388,117.70,41
1786948621,0,8388,117.98,41
1786948622,0,8388,117.54,41
1786948623,0,8388,117.90,41
1786948624,0,8388,117.62,41
1786948625,0,8388,117.85,41
1786948626,0,8388,117.51,41
1786948627,0,8388,117.72,41
1786948628,0,8388,117.63,41
1786948629,0,8388,117.61,41
1786948630,0,8388,117.73,41
1786948631,0,8388,117.46,41
1786948632,0,8388,117.65,40
1786948633,0,8388,117.30,40
1786948635,0,8388,117.71,40
1786948636,0,8388,117.29,40
1786948637,0,8388,117.62,40
1786948638,0,8388,117.19,40
1786948639,0,8388,117.49,40
1786948640,0,8388,117.31,40
1786948641,0,8388,117.34,40
1786948642,0,8388,117.46,40
1786948643,0,8388,117.22,40
1786948644,0,8388,117.39,40
1786948645,0,8388,117.17,40
1786948646,0,8388,117.33,40
1786948647,0,8388,117.23,40
1786948649,0,8388,117.25,40
1786948650,0,8388,117.32,40
1786948651,0,8388,117.20,40
1786948652,0,8388,117.18,40
1786948653,0,8388,117.06,40
1786948654,0,8388,117.15,40
1786948655,0,8388,116.96,40
1786948656,0,8388,117.26,40
1786948657,0,8388,117.02,40
1786948658,0,8388,117.04,40
1786948659,0,8388,117.09,40
1786948660,0,8388,117.06,40
1786948661,0,8388,117.16,39
1786948663,0,8388,116.91,39
1786948664,0,8388,117.09,39
1786948665,0,8388,116.78,39
1786948666,0,8388,116.78,39
1786948667,0,8388,117.09,39
1786948668,0,8388,116.92,39
1786948669,0,8388,117.15,39
1786948670,0,8388,116.83,39
1786948671,0,8388,116.90,39
1786948672,0,8388,117.06,39
1786948673,0,8388,116.75,39
1786948674,0,8388,116.96,39
1786948675,0,8388,116.71,39
1786948677,0,8388,116.81,39
1786948678,0,8388,116.68,39
1786948679,0,8388,116.65,39
1786948680,0,8388,116.96,39
1786948681,0,8388,116.75,39
1786948682,0,8388,116.78,39
1786948683,0,8388,116.81,39
1786948684,0,8388,116.75,39
1786948685,0,8388,116.93,39
1786948686,0,8388,116.58,39
1786948687,0,8388,116.69,39
1786948688,0,8388,116.75,39
1786948689,0,8388,116.58,39
1786948691,0,8388,116.85,39
1786948692,0,8388,116.54,39
1786948693,0,8388,116.65,39
1786948694,0,8388,116.79,39
1786948695,0,8388,116.47,39
1786948696,0,8388,116.78,39
1786948697,0,8388,116.78,39
1786948698,0,8388,116.62,39
1786948699,0,8388,116.78,39
1786948700,0,8388,116.44,39
1786948701,0,8388,116.56,39
1786948702,0,8388,116.81,39
1786948703,0,8388,116.57,39
1786948705,0,8388,116.65,39
1786948706,0,8388,116.40,39
1786948707,0,8388,116.40,39
1786948708,0,8388,116.75,39
1786948709,0,8388,116.54,39
1786948710,0,8388,116.53,39
1786948711,0,8388,116.65,39
1786948712,0,8388,116.27,39
1786948713,0,8388,116.54,39
1786948714,99,8388,277.19,42
1786948715,99,8388,279.88,43
1786948716,99,8388,281.60,43
1786948717,99,8388,277.76,43
1786948718,98,8388,278.12,44
1786948720,98,8388,280.86,44
1786948721,99,8388,278.41,44
1786948722,99,8388,281.56,44
1786948723,99,8388,282.62,45
1786948724,99,8388,279.18,45
1786948725,99,8388,280.55,45
1786948726,98,8388,276.54,45
1786948727,99,8388,278.56,45
1786948728,99,8388,280.82,45
1786948729,99,8388,282.28,45
1786948730,99,8388,280.58,46
1786948731,98,8388,274.83,46
1786948733,98,8388,279.94,46
1786948734,98,8388,282.35,46
1786948735,99,8388,282.34,46
1786948736,99,8388,279.56,46
1786948737,99,8388,276.23,46
1786948738,99,8388,282.69,46
1786948739,99,8388,279.35,47
1786948740,99,8388,280.09,46
1786948741,99,8388,282.95,47
1786948742,99,8388,279.66,47
1786948743,99,8388,279.65,47
1786948744,99,8388,278.13,47
1786948745,98,8388,278.71,47
1786948746,98,8388,280.28,47
1786948748,98,8388,278.80,47
1786948749,99,8388,285.68,47
1786948750,99,8388,276.95,47
1786948751,99,8388,277.88,47
1786948752,99,8388,282.76,47
1786948753,98,8388,281.54,48
1786948754,99,8388,280.15,47
1786948755,99,8388,285.86,48
1786948756,99,8388,279.62,48
1786948757,99,8388,279.90,48
1786948758,99,8388,278.46,48
1786948759,99,8388,279.20,48
1786948760,98,8388,283.77,48
1786948762,99,8388,281.31,48
1786948763,99,8388,284.02,48
1786948764,99,8388,280.89,48
1786948765,99,8388,284.33,48
1786948766,99,8388,278.54,48
1786948767,98,8388,281.80,48
1786948768,99,8388,280.60,48
1786948769,99,8388,282.67,48
1786948770,99,8388,283.97,48
1786948771,99,8388,279.88,48
1786948772,99,8388,282.08,49
1786948773,98,8388,278.46,48
1786948775,99,8388,282.76,49
1786948776,99,8388,283.34,48
1786948777,99,8388,280.28,49
1786948778,99,8388,277.36,49
1786948779,99,8388,280.09,49
1786948780,99,8388,281.13,49
1786948781,98,8388,281.14,49
1786948782,98,8388,280.49,49
1786948783,98,8388,279.90,49
1786948784,99,8388,282.42,49
1786948785,99,8388,277.45,49
1786948786,99,8388,282.21,49
1786948787,99,8388,280.06,49
1786948789,99,8388,281.50,49
1786948790,98,8388,282.58,49
1786948791,98,8388,279.72,49
1786948792,98,8388,281.94,49
1786948793,99,8388,279.65,49
1786948794,99,8388,281.19,49
1786948795,99,8388,279.91,49
1786948796,99,8388,283.16,49
1786948797,99,8388,282.67,49
1786948798,98,8388,281.30,49
1786948799,98,8388,283.57,49
1786948800,99,8388,279.99,49
1786948802,99,8388,279.97,49
1786948803,99,8388,280.82,49
1786948804,99,8388,282.34,49
1786948805,99,8388,277.29,49
1786948806,99,8388,282.58,49
1786948807,99,8388,281.61,49
1786948808,99,8388,280.25,49
1786948809,99,8388,284.60,50
1786948810,99,8388,280.28,49
1786948811,99,8388,282.21,49
1786948812,99,8388,278.22,50
1786948813,99,8388,282.55,49
1786948815,99,8388,280.66,50
1786948816,98,8388,280.36,49
1786948817,98,8388,282.17,50
1786948818,99,8388,278.43,49
1786948819,99,8388,284.94,50
1786948820,99,8388,280.02,49
1786948821,99,8388,280.26,50
1786948822,99,8388,281.38,50
1786948823,99,8388,280.39,50
1786948824,98,8388,281.62,50
1786948825,98,8388,281.81,50
1786948826,98,8388,281.23,50
1786948827,99,8388,281.71,50
1786948828,99,8388,282.75,50
1786948830,100,8388,176.47,48
1786948831,100,8388,214.49,48
1786948832,100,8388,213.26,48
1786948833,100,8388,213.98,48
1786948834,100,8388,214.20,48
1786948835,100,8388,213.93,47
1786948836,100,8388,213.51,47
1786948837,100,8388,213.69,47
1786948838,100,8388,213.31,47
1786948839,100,8388,212.27,47
1786948840,100,8388,213.81,47
1786948842,100,8388,213.45,47
1786948843,100,8388,211.88,47
1786948844,100,8388,212.32,47
1786948845,100,8388,213.94,47
1786948846,100,8388,212.24,47
1786948847,100,8388,210.72,47
1786948848,100,8388,214.04,47
1786948849,100,8388,213.62,47
1786948850,100,8388,213.80,47
1786948851,100,8388,212.52,47
1786948852,100,8388,212.93,47
1786948854,100,8388,212.72,47
1786948855,100,8388,212.12,47
1786948856,100,8388,213.49,47
1786948857,100,8388,213.78,47
1786948858,100,8388,212.54,47
1786948859,100,8388,214.48,47
1786948860,100,8388,212.11,47
1786948861,100,8388,211.88,47
1786948862,100,8388,213.31,47
1786948863,100,8388,211.94,47
1786948864,100,8388,211.93,47
1786948866,100,8388,214.91,47
1786948867,100,8388,214.32,47
1786948868,100,8388,212.09,47
1786948869,100,8388,213.76,47
1786948870,100,8388,213.09,47
1786948871,100,8388,213.45,47
1786948872,99,8388,209.74,47
1786948873,100,8388,213.77,47
1786948874,100,8388,213.36,47
1786948875,100,8388,212.10,47
1786948876,100,8388,212.22,47
1786948877,100,8388,214.84,47
1786948879,100,8388,213.79,47
1786948880,100,8388,213.18,47
1786948881,100,8388,213.73,47
1786948882,100,8388,213.54,47
1786948883,100,8388,212.98,47
1786948884,100,8388,213.81,47
1786948885,100,8388,214.10,47
1786948886,100,8388,212.95,47
1786948887,100,8388,213.90,47
1786948888,100,8388,213.61,47
1786948890,100,8388,214.50,47
1786948891,100,8388,213.60,47
1786948892,100,8388,213.32,47
1786948893,100,8388,212.17,47
1786948894,100,8388,213.92,47
1786948895,100,8388,214.97,47
1786948896,100,8388,213.77,47
1786948897,100,8388,214.78,47
1786948898,100,8388,212.53,47
1786948899,100,8388,212.89,47
1786948900,100,8388,213.70,47
1786948902,100,8388,213.81,47
1786948903,100,8388,213.13,47
1786948904,100,8388,212.82,47
1786948905,100,8388,213.52,47
1786948906,100,8388,213.01,47
1786948907,100,8388,214.56,47
1786948908,100,8388,214.30,47
1786948909,100,8388,212.63,47
1786948910,100,8388,214.43,47
1786948911,100,8388,214.13,47
1786948912,100,8388,213.70,47
1786948913,100,8388,215.83,47
1786948915,100,8388,214.26,47
1786948916,100,8388,212.60,47
1786948917,100,8388,214.61,47
1786948918,100,8388,214.88,47
1786948919,100,8388,214.26,47
1786948920,100,8388,213.29,47
1786948921,100,8388,215.52,47
1786948922,100,8388,213.93,47
1786948923,100,8388,214.05,47
1786948924,100,8388,214.99,47
1786948925,100,8388,214.42,47
1786948927,100,8388,214.73,47
1786948928,100,8388,215.96,47
1786948929,100,8388,215.37,47
1786948930,100,8388,216.66,47
1786948931,100,8388,216.26,47
1786948932,100,8388,215.12,47
1786948933,100,8388,216.17,47
1786948934,100,8388,218.38,47
1786948935,100,8388,215.94,47
1786948936,100,8388,213.40,47
1786948937,100,8388,213.22,47
1786948939,100,8388,213.89,47
1786948940,100,8388,215.08,48
1786948941,100,8388,217.20,48
1786948942,100,8388,214.80,48
1786948943,100,8388,216.41,48
1786948944,100,8388,214.69,48
1786948945,100,8388,216.27,48
1786948946,100,8388,217.32,48
1786948947,100,8388,218.59,48
1786948948,100,8388,214.01,48
1786948949,100,8388,214.36,48
1786948951,100,8388,216.66,48
1786948952,100,8388,214.99,48
1786948953,100,8388,216.31,48
1786948954,100,8388,216.85,48
1786948955,100,8388,215.39,48
1786948956,100,8388,215.74,48
1786948957,100,8388,213.98,48
1786948958,100,8388,219.71,48
1786948959,100,8388,218.38,48
1786948960,100,8388,219.42,48
1786948962,100,8388,222.66,48
1786948963,100,8388,222.11,48
1786948964,100,8388,220.77,48
1786948965,100,8388,219.00,48
1786948966,100,8388,211.63,48
1786948967,100,8388,205.56,48
1786948968,100,8388,208.53,48
1786948969,100,8388,205.60,48
1786948970,99,8388,204.79,48
1786948971,100,8388,205.59,48
1786948972,100,8388,208.52,48
1786948973,100,8388,208.28,48
1786948975,100,8388,206.95,48
1786948976,100,8388,210.16,48
1786948977,100,8388,207.80,48
1786948978,100,8388,207.42,48
1786948979,100,8388,206.51,48
1786948980,100,8388,207.73,48
1786948981,100,8388,208.38,48
1786948982,100,8388,207.21,48
1786948983,100,8388,205.92,48
1786948984,100,8388,206.98,48
1786948985,100,8388,206.08,48
1786948986,100,8388,208.44,48
1786948988,100,8388,208.54,48
1786948989,100,8388,207.26,48
1786948990,100,8388,203.88,48
1786948991,100,8388,201.44,48
1786948992,100,8388,198.24,47
1786948993,100,8388,195.27,47
1786948994,100,8388,194.42,47
1786948995,100,8388,193.75,47
1786948996,100,8388,198.61,47
1786948997,100,8388,194.38,47
1786948999,100,8388,190.98,47
1786949000,100,8388,191.30,47
1786949001,100,8388,191.96,47
1786949002,100,8388,191.46,47
1786949003,100,8388,187.92,47
1786949004,100,8388,188.49,47
1786949005,100,8388,190.15,47
1786949006,100,8388,189.57,47
1786949007,100,8388,188.22,47
1786949008,100,8388,187.62,47
1786949009,100,8388,185.37,47
1786949011,100,8388,186.21,47
1786949012,100,8388,186.27,47
1786949013,100,8388,189.30,47
1786949014,100,8388,188.60,47
1786949015,100,8388,186.58,47
1786949016,100,8388,186.21,47
1786949017,100,8388,185.32,47
1786949019,100,8388,182.02,47
1786949020,100,8388,183.51,46
1786949021,100,8388,183.34,46
1786949022,100,8388,183.36,46
1786949023,100,8388,183.72,46
1786949024,100,8388,183.51,46
1786949025,100,8388,183.67,46
1786949026,100,8388,183.94,46
1786949027,100,8388,184.09,46
1786949028,100,8388,182.13,46
1786949029,100,8388,182.57,46
1786949031,100,8388,182.94,46
1786949032,100,8388,183.17,46
1786949033,100,8388,184.37,46
1786949034,100,8388,182.26,46
1786949035,100,8388,180.14,46
1786949036,100,8388,181.79,46
1786949037,100,8388,180.24,46
1786949038,100,8388,182.16,46
1786949039,100,8388,180.56,46
1786949040,100,8388,183.00,46
1786949041,100,8388,182.93,46
1786949042,100,8388,183.47,46
1786949044,100,8388,182.54,46
1786949045,100,8388,180.91,46
1786949046,100,8388,177.78,46
1786949047,100,8388,178.29,46
1786949048,100,8388,180.41,46
1786949049,100,8388,177.21,46
1786949050,100,8388,179.26,46
1786949051,100,8388,176.33,46
1786949052,100,8388,177.42,46
1786949053,100,8388,177.55,46
1786949054,100,8388,176.90,46
1786949056,100,8388,178.95,46
1786949057,100,8388,175.66,45
1786949058,100,8388,175.87,45
1786949059,100,8388,174.21,45
1786949060,100,8388,175.37,45
1786949061,100,8388,175.21,45
1786949062,100,8388,169.73,45
1786949063,100,8388,169.85,45
1786949064,100,8388,177.94,45
1786949065,100,8388,178.16,45
1786949066,100,8388,183.42,45
1786949067,100,8388,180.85,45
1786949069,100,8388,176.10,45
1786949070,100,8388,181.46,45
1786949071,100,8388,176.54,45
1786949072,100,8388,181.96,45
1786949073,100,8388,183.01,45
1786949074,100,8388,185.28,45
1786949075,100,8388,183.57,45
1786949076,100,8388,179.77,45
1786949077,100,8388,178.32,45
1786949078,100,8388,179.32,45
1786949079,100,8388,181.89,45
1786949081,100,8388,180.85,45
1786949082,100,8388,183.43,45
1786949083,100,8388,181.89,45
1786949084,100,8388,181.46,45
1786949085,100,8388,181.55,45
1786949086,100,8388,182.77,45
1786949087,100,8388,183.17,45
1786949088,100,8388,181.24,45
1786949089,100,8388,177.76,45
1786949090,100,8388,176.20,45
1786949091,100,8388,172.94,45
1786949092,100,8388,174.91,45
1786949094,100,8388,173.68,45
1786949095,100,8388,173.60,45
1786949096,100,8388,172.18,45
1786949097,100,8388,173.70,45
1786949098,100,8388,172.49,45
1786949099,100,8388,173.74,45
1786949100,100,8388,175.44,45
1786949101,100,8388,173.00,45
1786949102,100,8388,170.80,45
1786949103,100,8388,169.43,44
1786949104,100,8388,168.20,44
1786949105,100,8388,169.70,44
1786949106,100,8388,168.29,44
1786949108,100,8388,169.50,44
1786949109,100,8388,172.69,44
1786949110,99,8388,165.78,44
1786949111,99,8388,165.08,44
1786949112,99,8388,162.01,44
1786949113,99,8388,161.07,44
1786949114,97,8388,160.90,44
1786949115,96,8388,157.85,44
1786949116,61,8388,151.06,43
1786949117,48,8388,138.74,43
1786949118,47,8388,139.25,43
1786949119,47,8388,138.82,43
1786949120,48,8388,138.69,43
1786949122,48,8388,138.73,43
1786949123,48,8388,138.57,43
1786949124,47,8388,138.82,43
1786949125,48,8388,138.53,43
1786949126,48,8388,138.73,42
1786949127,48,8388,138.52,42
1786949128,48,8388,138.72,42
1786949129,46,8388,138.83,42
1786949130,48,8388,136.36,42
1786949131,0,8388,118.41,42
1786949132,0,8388,118.33,42
1786949133,0,8388,118.29,41
1786949134,0,8388,118.21,41
1786949136,0,8388,117.90,41
1786949137,0,8388,118.12,41
1786949138,0,8388,117.88,41
1786949139,0,8388,118.14,41
1786949140,0,8388,117.86,41
1786949141,0,8388,117.80,41
1786949142,0,8388,117.94,41
1786949143,0,8388,117.71,41
1786949144,0,8388,117.94,41
1786949145,0,8388,117.61,41
1786949146,0,8388,117.80,41
1786949147,0,8388,117.53,41
1786949148,0,8388,117.74,41
1786949149,0,8388,117.70,41
1786949151,0,8388,117.68,40
1786949152,0,8388,117.59,40
1786949153,0,8388,117.37,40
1786949154,0,8388,117.50,40
1786949155,0,8388,117.31,40
1786949156,0,8388,117.53,40
1786949157,0,8388,117.25,40
1786949158,0,8388,117.61,40
1786949159,0,8388,117.26,40
1786949160,0,8388,117.46,40
1786949161,0,8388,117.18,40
1786949162,0,8388,117.43,40
1786949163,0,8388,117.14,40
1786949165,0,8388,117.40,40
1786949166,0,8388,117.00,40
1786949167,0,8388,117.27,40
1786949168,99,8388,263.62,43
1786949169,99,8388,275.49,44
1786949170,99,8388,280.89,44
1786949171,99,8388,276.17,44
1786949172,99,8388,281.18,45
1786949173,99,8388,276.65,45
1786949174,98,8388,278.54,45
1786949175,98,8388,279.14,45
1786949176,98,8388,280.40,45
1786949177,99,8388,277.20,46
1786949178,99,8388,275.45,46
1786949180,99,8388,281.19,46
1786949181,99,8388,280.25,46
1786949182,99,8388,277.17,46
1786949183,99,8388,278.80,46
1786949184,99,8388,282.39,46
1786949185,99,8388,278.30,46
1786949186,99,8388,280.46,46
1786949187,99,8388,279.00,47
1786949188,98,8388,281.63,47
1786949189,98,8388,280.22,47
1786949190,98,8388,281.41,47
1786949191,99,8388,278.89,47
1786949193,99,8388,276.48,47
1786949194,99,8388,278.02,47
1786949195,99,8388,283.92,47
1786949196,99,8388,280.36,47
1786949197,99,8388,280.21,47
1786949198,99,8388,284.87,47
1786949199,99,8388,282.70,48
1786949200,99,8388,282.42,47
1786949201,99,8388,279.78,48
1786949202,98,8388,282.96,48
1786949203,98,8388,277.38,48
1786949204,99,8388,281.86,48
1786949205,99,8388,283.86,48
1786949206,99,8388,275.21,48
1786949208,99,8388,281.60,48
1786949209,99,8388,279.31,48
1786949210,98,8388,278.37,48
1786949211,99,8388,282.35,48
1786949212,99,8388,278.43,48
1786949213,99,8388,279.64,48
1786949214,99,8388,277.29,48
1786949215,99,8388,279.96,48
1786949216,99,8388,284.13,48
1786949217,98,8388,276.03,48
1786949218,99,8388,284.48,48
1786949219,99,8388,277.11,49
1786949220,99,8388,278.71,48
1786949222,99,8388,278.37,49
1786949223,99,8388,282.36,49
1786949224,99,8388,281.82,49
1786949225,99,8388,282.90,49
1786949226,99,8388,278.76,49
1786949227,99,8388,281.65,49
1786949228,99,8388,282.28,49
1786949229,99,8388,280.14,49
1786949230,99,8388,280.37,49
1786949231,99,8388,279.62,49
1786949232,99,8388,283.76,49
1786949233,98,8388,280.11,49
1786949234,98,8388,280.30,49
1786949236,99,8388,280.78,49
1786949237,99,8388,284.58,49
1786949238,99,8388,282.42,49
1786949239,99,8388,278.64,49
1786949240,99,8388,279.14,49
1786949241,99,8388,282.63,49
1786949242,98,8388,278.95,49
1786949243,98,8388,280.15,49
1786949244,98,8388,282.38,49
1786949245,99,8388,278.22,49
1786949246,99,8388,281.93,49
1786949247,99,8388,282.04,49
1786949248,99,8388,278.46,49
1786949250,99,8388,281.14,49
1786949251,98,8388,281.41,49
1786949252,98,8388,281.59,50
1786949253,99,8388,280.72,49
1786949254,99,8388,280.85,50
1786949255,99,8388,279.85,49
1786949256,99,8388,281.72,50
1786949257,99,8388,278.99,49
1786949258,99,8388,282.06,49
1786949259,98,8388,280.59,50
1786949260,98,8388,281.71,49
1786949261,99,8388,283.39,50
1786949262,99,8388,282.11,50
1786949264,99,8388,279.31,50
1786949265,99,8388,279.99,50
1786949266,99,8388,282.67,50
1786949267,99,8388,279.45,50
1786949268,99,8388,281.96,50
1786949269,99,8388,281.23,50
1786949270,99,8388,281.53,50
1786949271,99,8388,282.24,50
1786949272,99,8388,279.21,50
1786949273,99,8388,282.26,50
1786949274,99,8388,278.37,50
1786949275,99,8388,279.67,50
1786949276,99,8388,282.54,50
1786949278,99,8388,280.91,50
1786949279,98,8388,281.93,50
1786949280,99,8388,280.31,50
1786949281,99,8388,284.25,50
1786949282,99,8388,280.02,50
1786949283,71,8388,225.10,48
1786949284,72,8388,177.23,47
1786949285,70,8388,173.99,47
1786949286,71,8388,175.09,47
1786949287,70,8388,175.24,46
1786949288,71,8388,174.81,46
1786949289,70,8388,171.06,46
1786949290,69,8388,175.57,46
1786949292,71,8388,175.94,46
1786949293,69,8388,175.55,46
1786949294,58,8388,169.89,45
1786949295,71,8388,161.95,46
1786949296,54,8388,156.65,45
1786949297,72,8388,174.80,45
1786949298,73,8388,175.36,45
1786949299,70,8388,174.78,45
1786949300,71,8388,175.12,45
1786949301,73,8388,173.60,45
1786949302,69,8388,172.95,45
1786949303,71,8388,173.56,45
1786949304,68,8388,174.65,45
1786949306,67,8388,171.74,45
1786949307,71,8388,172.52,45
1786949308,68,8388,173.77,45
1786949309,67,8388,173.40,45
1786949310,70,8388,173.06,44
1786949311,68,8388,173.77,44
1786949312,71,8388,173.06,44
1786949313,64,8388,171.04,44
1786949314,68,8388,174.38,44
1786949315,71,8388,171.07,44
1786949316,68,8388,171.38,44
1786949317,70,8388,172.70,44
1786949318,67,8388,165.44,44
1786949320,69,8388,173.18,44
1786949321,71,8388,171.81,44
1786949322,65,8388,171.44,44
1786949323,68,8388,171.87,44
1786949324,71,8388,172.48,44
1786949325,68,8388,171.43,44
1786949326,71,8388,172.89,44
1786949327,68,8388,172.82,44
1786949328,57,8388,168.27,44
1786949329,70,8388,173.56,44
1786949330,71,8388,173.76,44
1786949331,68,8388,171.92,43
1786949332,68,8388,172.97,43
1786949334,70,8388,173.19,43
1786949335,68,8388,172.82,43
1786949336,68,8388,173.11,43
1786949337,66,8388,171.94,43
1786949338,71,8388,173.55,43
1786949339,71,8388,173.07,43
1786949340,66,8388,171.16,43
1786949341,66,8388,171.00,43
1786949342,69,8388,173.63,43
1786949343,70,8388,172.10,43
1786949344,67,8388,170.66,43
1786949345,71,8388,173.60,43
1786949346,68,8388,167.89,43
1786949348,69,8388,174.16,43
1786949349,71,8388,173.84,43
1786949350,71,8388,172.98,43
1786949351,69,8388,174.61,43
1786949352,71,8388,174.04,43
1786949353,70,8388,173.56,43
1786949354,67,8388,173.18,43
1786949355,71,8388,171.03,43
1786949356,71,8388,174.27,43
1786949357,71,8388,174.38,43
1786949358,70,8388,174.23,43
1786949359,70,8388,174.34,43
1786949360,70,8388,173.42,43
1786949362,71,8388,173.63,43
1786949363,68,8388,172.89,43
1786949364,70,8388,171.74,43
1786949365,70,8388,173.19,43
1786949366,71,8388,173.98,43
1786949367,71,8388,173.87,43
1786949368,68,8388,172.21,43
1786949369,71,8388,173.36,43
1786949370,69,8388,171.83,42
1786949371,71,8388,173.01,42
1786949372,68,8388,172.38,42
1786949373,69,8388,171.00,42
1786949374,69,8388,172.38,42
1786949376,71,8388,173.02,42
1786949377,70,8388,174.47,42
1786949378,69,8388,166.26,42
1786949379,69,8388,173.58,42
1786949380,68,8388,171.91,42
1786949381,70,8388,173.42,42
1786949382,68,8388,172.01,42
1786949383,70,8388,172.69,42
1786949384,71,8388,171.37,42
1786949385,71,8388,174.71,42
1786949386,71,8388,173.00,42
1786949387,68,8388,173.49,42
1786949388,69,8388,171.86,42
1786949390,71,8388,172.05,42
1786949391,71,8388,173.97,42
1786949392,71,8388,174.44,42
1786949393,70,8388,174.37,42
1786949394,69,8388,174.10,42
1786949395,69,8388,172.57,42
1786949396,68,8388,172.11,42
1786949397,67,8388,171.88,42
1786949398,68,8388,172.21,42
1786949399,71,8388,171.01,42
1786949400,69,8388,172.17,42
1786949401,71,8388,173.73,42
1786949402,70,8388,169.99,42
1786949404,71,8388,173.23,42
1786949405,71,8388,174.23,42
1786949406,70,8388,172.85,42
1786949407,74,8388,163.91,42
1786949408,34,8388,158.58,41
1786949409,72,8388,156.35,42
1786949410,70,8388,164.44,41
1786949411,74,8388,140.87,42
1786949412,71,8388,166.24,42
1786949413,75,8388,141.46,41
1786949414,74,8388,167.18,42
1786949415,53,8388,143.39,41
1786949417,72,8388,165.66,41
1786949418,0,8388,142.07,40
1786949419,73,8388,162.33,41
1786949420,8,8388,152.13,40
1786949421,63,8388,158.85,41
1786949422,0,8388,136.95,40
1786949423,63,8388,155.66,41
1786949424,1,8388,133.67,40
1786949425,73,8388,144.37,41
1786949426,75,8388,169.88,41
1786949427,75,8388,169.14,41
1786949428,74,8388,168.79,41
1786949429,75,8388,168.21,41
1786949430,74,8388,168.03,41
1786949432,75,8388,168.14,41
1786949433,74,8388,160.90,41
1786949434,75,8388,168.12,41
1786949435,73,8388,167.78,41
1786949436,75,8388,166.71,41
1786949437,73,8388,165.79,41
1786949438,76,8388,165.11,41
1786949439,76,8388,164.97,41
1786949440,72,8388,158.24,41
1786949441,55,8388,156.17,41
1786949442,76,8388,156.96,41
1786949443,79,8388,153.33,41
1786949444,50,8388,137.81,40
1786949446,49,8388,137.74,40
1786949447,49,8388,137.55,40
1786949448,50,8388,137.25,40
1786949449,49,8388,137.38,40
1786949450,50,8388,137.19,40
1786949451,50,8388,137.95,40
1786949452,49,8388,137.00,40
1786949453,49,8388,137.37,40
1786949454,47,8388,137.43,40
1786949455,100,8388,181.15,41
1786949456,100,8388,209.80,42
1786949457,100,8388,209.74,42
1786949458,100,8388,210.36,42
1786949459,100,8388,208.94,42
1786949461,100,8388,210.98,42
1786949462,100,8388,209.48,42
1786949463,100,8388,209.99,42
1786949464,100,8388,210.01,43
1786949465,100,8388,210.75,43
1786949466,100,8388,210.30,43
1786949467,100,8388,210.02,43
1786949468,100,8388,209.84,43
1786949469,100,8388,211.07,43
1786949470,100,8388,210.66,43
1786949471,100,8388,210.86,43
1786949472,100,8388,210.93,43
1786949474,100,8388,212.34,43
1786949475,100,8388,210.70,43
1786949476,100,8388,211.16,43
1786949477,100,8388,210.21,43
1786949478,100,8388,211.22,43
1786949479,100,8388,210.43,43
1786949480,100,8388,209.88,43
1786949481,100,8388,211.50,44
1786949482,100,8388,210.32,44
1786949483,100,8388,210.23,44
1786949485,100,8388,209.48,44
1786949486,100,8388,211.40,44
1786949487,100,8388,212.14,44
1786949488,100,8388,210.24,44
1786949489,100,8388,211.29,44
1786949490,100,8388,211.32,44
1786949491,100,8388,212.00,44
1786949492,100,8388,211.69,44
1786949493,100,8388,211.96,44
1786949494,100,8388,212.26,44
1786949495,100,8388,211.64,44
1786949496,100,8388,211.62,44
1786949497,100,8388,205.23,44
1786949499,100,8388,212.15,44
1786949500,100,8388,212.29,44
1786949501,100,8388,211.84,44
1786949502,100,8388,211.59,44
1786949503,100,8388,212.08,45
1786949504,100,8388,212.35,45
1786949505,100,8388,211.86,45
1786949506,100,8388,211.94,45
1786949507,100,8388,210.67,45
1786949508,100,8388,211.77,45
1786949509,100,8388,211.92,45
1786949511,100,8388,212.81,45
1786949512,100,8388,212.44,45
1786949513,100,8388,211.80,45
1786949514,100,8388,213.89,45
1786949515,100,8388,212.35,45
1786949516,100,8388,212.08,45
1786949517,100,8388,211.72,45
1786949518,100,8388,213.05,45
1786949519,100,8388,212.16,45
1786949520,100,8388,212.63,45
1786949521,100,8388,211.87,45
1786949522,100,8388,213.73,45
1786949524,100,8388,212.64,45
1786949525,100,8388,212.30,45
1786949526,100,8388,212.81,45
1786949527,100,8388,213.77,45
1786949528,100,8388,213.15,45
1786949529,100,8388,213.42,46
1786949530,100,8388,213.22,46
1786949531,100,8388,214.05,46
1786949532,100,8388,212.29,46
1786949533,100,8388,212.83,46
1786949534,100,8388,212.52,46
1786949535,100,8388,214.62,46
1786949537,100,8388,213.41,46
1786949538,100,8388,212.97,46
1786949539,100,8388,212.64,46
1786949540,100,8388,213.62,46
1786949541,100,8388,213.99,46
1786949542,100,8388,214.04,46
1786949543,100,8388,213.96,46
1786949544,100,8388,215.09,46
1786949545,100,8388,212.98,46
1786949546,100,8388,214.99,46
1786949547,100,8388,213.78,46
1786949549,100,8388,215.56,46
1786949550,100,8388,215.80,46
1786949551,100,8388,213.82,46
1786949552,100,8388,213.93,46
1786949553,100,8388,215.26,46
1786949554,100,8388,215.51,46
1786949555,100,8388,215.69,46
1786949556,100,8388,214.76,46
1786949557,100,8388,216.18,46
1786949558,100,8388,216.03,46
1786949559,100,8388,213.61,46
1786949561,100,8388,215.79,46
1786949562,100,8388,214.47,46
1786949563,100,8388,215.38,46
1786949564,100,8388,214.21,47
1786949565,100,8388,215.18,47
1786949566,100,8388,214.78,47
1786949567,100,8388,214.56,47
1786949568,100,8388,212.52,47
1786949569,100,8388,215.44,47
1786949570,100,8388,214.05,47
1786949571,100,8388,216.27,47
1786949573,100,8388,216.19,47
1786949574,100,8388,216.60,47
1786949575,100,8388,214.58,47
1786949576,100,8388,216.13,47
1786949577,100,8388,217.59,47
1786949578,100,8388,215.78,47
1786949579,100,8388,217.01,47
1786949580,100,8388,216.08,47
1786949581,100,8388,216.85,47
1786949582,100,8388,219.22,47
1786949583,100,8388,219.40,47
1786949585,100,8388,220.28,47
1786949586,100,8388,219.33,47
1786949587,100,8388,224.76,47
1786949588,100,8388,225.46,47
1786949589,100,8388,227.44,47
1786949590,100,8388,219.37,47
1786949591,100,8388,211.11,47
1786949592,100,8388,206.88,47
1786949593,100,8388,207.94,47
1786949594,100,8388,208.86,47
1786949595,99,8388,207.38,47
1786949596,100,8388,207.02,47
1786949597,100,8388,202.99,47
1786949599,100,8388,204.02,47
1786949600,100,8388,207.10,47
1786949601,100,8388,204.06,47
1786949602,100,8388,206.04,47
1786949603,100,8388,206.04,47
1786949604,100,8388,205.10,47
1786949605,100,8388,204.19,47
1786949606,100,8388,205.26,47
1786949607,100,8388,205.35,47
1786949608,99,8388,203.24,47
1786949609,100,8388,204.88,47
1786949611,100,8388,205.98,47
1786949612,100,8388,204.44,47
1786949613,100,8388,203.07,47
1786949614,100,8388,202.04,47
1786949615,100,8388,201.79,47
1786949616,100,8388,201.16,47
1786949617,100,8388,197.33,47
1786949618,100,8388,198.54,47
1786949619,100,8388,194.79,47
1786949620,100,8388,193.21,47
1786949621,100,8388,185.80,46
1786949623,100,8388,184.49,46
1786949624,100,8388,185.90,46
1786949625,100,8388,183.90,46
1786949626,100,8388,185.35,46
1786949627,100,8388,182.93,46
1786949628,100,8388,183.91,46
1786949629,100,8388,183.63,46
1786949630,100,8388,183.73,46
1786949631,100,8388,184.31,46
1786949632,100,8388,183.98,46
1786949633,100,8388,180.85,46
1786949634,100,8388,181.46,46
1786949636,100,8388,181.46,46
1786949637,100,8388,184.19,46
1786949638,100,8388,182.74,46
1786949639,100,8388,182.93,46
1786949640,100,8388,182.80,46
1786949641,100,8388,182.19,46
1786949642,100,8388,181.21,46
1786949644,100,8388,180.44,46
1786949645,100,8388,180.29,46
1786949646,100,8388,179.43,46
1786949647,100,8388,180.34,46
1786949648,100,8388,179.20,46
1786949649,100,8388,180.92,46
1786949650,100,8388,183.60,46
1786949651,99,8388,183.64,46
1786949652,100,8388,182.77,46
1786949654,98,8388,184.55,46
1786949655,100,8388,182.99,46
1786949656,100,8388,185.29,46
1786949657,100,8388,185.41,46
1786949658,100,8388,184.96,46
1786949659,100,8388,190.55,46
1786949660,100,8388,188.56,46
1786949661,100,8388,186.42,46
1786949662,100,8388,183.36,46
1786949663,100,8388,183.78,46
1786949664,100,8388,183.00,46
1786949665,100,8388,179.62,46
1786949667,100,8388,179.56,46
1786949668,100,8388,180.76,45
1786949669,100,8388,180.68,45
1786949670,100,8388,179.13,45
1786949671,100,8388,178.15,45
1786949672,100,8388,179.87,45
1786949673,100,8388,177.28,45
1786949674,100,8388,178.90,45
1786949675,100,8388,182.96,45
1786949676,100,8388,180.86,45
1786949677,100,8388,179.19,45
1786949678,100,8388,182.23,45
1786949680,100,8388,180.54,45
1786949681,100,8388,179.54,45
1786949682,100,8388,177.82,45
1786949683,100,8388,177.69,45
1786949684,100,8388,181.95,45
1786949685,100,8388,180.97,45
1786949686,100,8388,173.70,45
1786949687,100,8388,172.49,45
1786949688,100,8388,175.36,45
1786949689,100,8388,177.01,45
1786949690,100,8388,175.22,45
1786949691,100,8388,177.99,45
1786949693,100,8388,177.28,45
1786949694,100,8388,174.55,45
1786949695,100,8388,172.36,45
1786949696,100,8388,176.26,45
1786949697,100,8388,183.30,45
1786949698,100,8388,182.93,45
1786949699,100,8388,180.87,45
1786949700,100,8388,181.25,45
1786949701,100,8388,184.18,45
1786949702,100,8388,180.51,45
1786949703,100,8388,177.38,45
1786949704,100,8388,179.93,45
1786949706,100,8388,181.52,45
1786949707,100,8388,178.89,45
1786949708,100,8388,178.34,45
1786949709,100,8388,177.35,45
1786949710,100,8388,177.97,45
1786949711,100,8388,174.29,45
1786949712,100,8388,173.77,45
1786949713,100,8388,171.89,45
1786949714,100,8388,171.57,44
1786949715,100,8388,171.17,44
1786949716,100,8388,170.22,44
1786949717,100,8388,169.93,44
1786949719,100,8388,169.88,44
1786949720,100,8388,175.49,44
1786949721,98,8388,172.08,44
1786949722,99,8388,170.10,44
1786949723,99,8388,166.00,44
1786949724,99,8388,171.34,44
1786949725,99,8388,170.99,44
1786949726,100,8388,171.69,44
1786949727,100,8388,170.81,44
1786949728,99,8388,170.78,44
1786949729,100,8388,172.52,44
1786949730,97,8388,170.47,44
1786949732,52,8388,156.84,44
1786949733,49,8388,146.67,43
1786949734,48,8388,140.53,43
1786949735,51,8388,142.35,43
1786949736,50,8388,144.20,43
1786949737,47,8388,139.05,43
1786949738,48,8388,138.07,43
1786949739,47,8388,138.26,43
1786949740,47,8388,138.78,43
1786949741,49,8388,138.55,43
1786949742,48,8388,138.55,43
1786949743,48,8388,138.62,43
1786949745,49,8388,138.59,43
1786949746,47,8388,138.25,43
1786949747,1,8388,130.66,42
1786949748,0,8388,118.50,42
1786949749,0,8388,118.29,42
1786949750,0,8388,118.54,42
1786949751,0,8388,118.07,42
1786949752,0,8388,118.32,42
1786949753,0,8388,118.01,42
1786949754,0,8388,118.20,42
1786949755,0,8388,118.14,41
1786949756,0,8388,118.05,41
1786949757,0,8388,118.02,41
1786949759,0,8388,117.82,41
1786949760,0,8388,118.17,41
1786949761,0,8388,117.77,41
1786949762,0,8388,118.27,41
1786949763,0,8388,117.74,41
1786949764,0,8388,117.77,41
1786949765,0,8388,117.81,41
1786949766,0,8388,117.64,41
1786949767,0,8388,117.68,41
1786949768,0,8388,117.68,41
1786949769,0,8388,117.77,41
1786949770,0,8388,117.60,41
1786949771,0,8388,117.77,41
1786949773,0,8388,117.40,41
1786949774,0,8388,117.73,41
1786949775,0,8388,117.47,40
1786949776,0,8388,117.63,40
1786949777,0,8388,117.32,40
1786949778,0,8388,117.54,40
1786949779,0,8388,117.37,40
1786949780,0,8388,117.58,40
1786949781,0,8388,117.31,40
1786949782,0,8388,117.53,40
1786949783,0,8388,117.19,40
1786949784,0,8388,117.43,40
1786949785,0,8388,117.11,40
1786949786,0,8388,117.46,40
1786949788,0,8388,117.10,40
1786949789,0,8388,117.47,40
1786949790,0,8388,117.13,40
1786949791,0,8388,117.31,40
1786949792,0,8388,116.92,40
1786949793,0,8388,117.25,40
1786949794,0,8388,117.00,40
1786949795,0,8388,117.21,40
1786949796,0,8388,117.03,40
1786949797,0,8388,117.09,40
1786949798,0,8388,116.91,39
1786949799,0,8388,117.04,39
1786949800,0,8388,116.92,39
1786949801,0,8388,116.79,39
1786949803,0,8388,117.02,39
1786949804,0,8388,116.78,39
1786949805,0,8388,117.05,39
1786949806,0,8388,116.68,39
1786949807,0,8388,116.99,39
1786949808,0,8388,116.75,39
1786949809,0,8388,117.09,39
1786949810,0,8388,116.57,39
1786949811,0,8388,116.78,39
1786949812,0,8388,116.75,39
1786949813,0,8388,116.79,39
1786949814,0,8388,116.64,39
1786949815,0,8388,116.56,39
1786949817,0,8388,116.90,39
1786949818,0,8388,116.53,39
1786949819,0,8388,116.89,39
1786949820,0,8388,116.51,39
1786949821,0,8388,116.75,39
1786949822,0,8388,116.78,39
1786949823,0,8388,116.54,39
1786949824,0,8388,116.75,39
1786949825,0,8388,116.44,39
1786949826,0,8388,116.72,39
1786949827,0,8388,116.45,39
1786949828,0,8388,116.50,39
1786949829,0,8388,116.69,39
1786949830,0,8388,116.34,39
1786949831,0,8388,116.60,39
1786949833,0,8388,116.38,38
1786949834,0,8388,116.44,38
1786949835,0,8388,116.49,38
1786949836,0,8388,116.32,38
1786949837,0,8388,116.59,38
1786949838,0,8388,116.28,38
1786949839,0,8388,116.51,38
1786949840,0,8388,116.21,38
1786949841,0,8388,116.31,38
1786949842,0,8388,116.61,38
1786949843,0,8388,116.11,38
1786949844,0,8388,116.51,38
1786949845,0,8388,116.27,38
1786949847,0,8388,116.29,38
1786949848,0,8388,116.59,38
1786949849,0,8388,116.31,38
1786949850,0,8388,116.26,38
1786949851,0,8388,116.35,38
1786949852,0,8388,116.14,38
1786949853,0,8388,116.48,38
1786949854,0,8388,116.18,38
1786949855,0,8388,116.23,38
1786949856,0,8388,116.29,38
1786949857,0,8388,116.08,38
1786949858,0,8388,116.42,38
1786949859,0,8388,116.15,38
1786949860,0,8388,116.08,38
1786949862,0,8388,116.33,38
1786949863,0,8388,116.08,38
1786949864,0,8388,116.08,38
1786949865,0,8388,116.27,38
1786949866,0,8388,115.99,38
1786949867,0,8388,116.08,38
1786949868,0,8388,116.26,38
1786949869,0,8388,116.05,38
1786949870,0,8388,116.25,38
1786949871,0,8388,116.05,38
1786949872,0,8388,115.86,38
1786949873,0,8388,116.22,38
1786949874,0,8388,115.96,38
1786949875,0,8388,115.98,38
1786949877,0,8388,116.18,38
1786949878,0,8388,115.87,38
1786949879,0,8388,116.15,38
1786949880,0,8388,116.18,38
1786949881,0,8388,115.91,38
1786949882,0,8388,116.08,38
1786949883,0,8388,116.20,38
1786949884,0,8388,115.86,38
1786949885,0,8388,116.11,38
1786949886,0,8388,116.14,38
1786949887,0,8388,115.92,38
1786949888,99,8388,217.55,40
1786949889,99,8388,275.73,41
1786949890,99,8388,276.80,42
1786949892,99,8388,272.71,42
1786949893,98,8388,278.79,42
1786949894,98,8388,280.25,43
1786949895,99,8388,277.96,43
1786949896,99,8388,275.91,43
1786949897,99,8388,276.68,43
1786949898,99,8388,273.84,44
1786949899,99,8388,279.08,44
1786949900,98,8388,280.00,44
1786949901,99,8388,279.05,44
1786949902,99,8388,275.88,44
1786949903,99,8388,278.89,45
1786949904,99,8388,273.12,44
1786949906,99,8388,279.41,45
1786949907,98,8388,278.00,45
1786949908,98,8388,282.74,45
1786949909,99,8388,278.87,45
1786949910,99,8388,283.04,45
1786949911,99,8388,279.87,45
1786949912,99,8388,278.70,45
1786949913,99,8388,275.20,46
1786949914,99,8388,278.60,45
1786949915,99,8388,279.14,46
1786949916,99,8388,280.68,46
1786949917,99,8388,281.47,46
1786949919,99,8388,280.21,46
1786949920,98,8388,277.75,46
1786949921,98,8388,278.18,46
1786949922,98,8388,277.62,46
1786949923,99,8388,281.07,46
1786949924,99,8388,276.68,46
1786949925,99,8388,279.82,47
1786949926,99,8388,278.39,46
1786949927,98,8388,276.44,47
1786949928,99,8388,278.51,47
1786949929,99,8388,281.29,47
1786949930,99,8388,279.69,47
1786949931,99,8388,281.91,47
1786949933,99,8388,281.77,47
1786949934,98,8388,277.58,47
1786949935,98,8388,283.49,47
1786949936,99,8388,282.21,47
1786949937,99,8388,280.43,47
1786949938,99,8388,282.81,47
1786949939,99,8388,282.78,47
1786949940,99,8388,279.69,47
1786949941,99,8388,278.73,47
1786949942,99,8388,282.58,48
1786949943,99,8388,282.82,47
1786949944,99,8388,281.40,48
1786949946,99,8388,278.80,48
1786949947,98,8388,278.13,48
1786949948,98,8388,281.70,48
1786949949,98,8388,284.94,48
1786949950,99,8388,279.69,48
1786949951,99,8388,276.26,48
1786949952,99,8388,275.39,48
1786949953,99,8388,282.18,48
1786949954,99,8388,284.35,48
1786949955,99,8388,281.53,48
1786949956,99,8388,275.33,48
1786949957,99,8388,279.47,48
1786949958,99,8388,282.88,48
1786949960,99,8388,279.41,48
1786949961,98,8388,280.80,48
1786949962,98,8388,280.45,48
1786949963,99,8388,279.57,48
1786949964,99,8388,283.13,48
1786949965,99,8388,284.91,48
1786949966,99,8388,282.42,48
1786949967,99,8388,279.07,48
1786949968,98,8388,283.72,49
1786949969,99,8388,280.61,48
1786949970,99,8388,275.17,49
1786949971,99,8388,277.89,48
1786949972,99,8388,282.91,49
1786949974,99,8388,278.03,48
1786949975,99,8388,278.76,49
1786949976,98,8388,282.51,48
1786949977,98,8388,280.63,49
1786949978,99,8388,278.65,49
1786949979,99,8388,277.59,48
1786949980,99,8388,278.24,49
1786949981,99,8388,278.21,49
1786949982,99,8388,277.66,49
1786949983,99,8388,280.71,49
1786949984,98,8388,275.69,49
1786949985,98,8388,278.25,49
1786949986,99,8388,275.97,49
1786949988,99,8388,281.10,49
1786949989,99,8388,277.66,49
1786949990,99,8388,282.24,49
1786949991,99,8388,275.79,49
1786949992,99,8388,281.05,49
1786949993,98,8388,278.44,49
1786949994,98,8388,283.50,49
1786949995,99,8388,275.68,49
1786949996,99,8388,279.54,49
1786949997,99,8388,279.10,49
1786949998,99,8388,281.79,49
1786949999,99,8388,275.05,49
1786950000,99,8388,279.22,49
1786950001,98,8388,277.94,49
1786950003,98,8388,280.95,49
1786950004,100,8388,212.91,47
1786950005,100,8388,212.15,47
1786950006,100,8388,212.74,47
1786950007,100,8388,213.15,47
1786950008,100,8388,213.29,47
1786950009,100,8388,213.82,47
1786950010,100,8388,213.17,47
1786950011,100,8388,212.90,47
1786950012,100,8388,212.33,47
1786950013,100,8388,213.29,47
1786950015,100,8388,212.75,47
1786950016,100,8388,213.04,47
1786950017,100,8388,212.55,47
1786950018,100,8388,212.33,47
1786950019,100,8388,212.95,46
1786950020,100,8388,212.13,46
1786950021,100,8388,212.93,46
1786950022,100,8388,212.29,46
1786950023,100,8388,212.06,46
1786950024,100,8388,212.79,46
1786950025,100,8388,213.53,46
1786950027,100,8388,212.54,46
1786950028,100,8388,212.52,46
1786950029,100,8388,212.43,46
1786950030,100,8388,212.22,46
1786950031,100,8388,212.95,46
1786950032,100,8388,210.95,46
1786950033,100,8388,213.03,46
1786950034,100,8388,212.38,46
1786950035,100,8388,212.07,46
1786950036,100,8388,211.68,46
1786950037,100,8388,212.53,46
1786950038,100,8388,212.98,46
1786950040,100,8388,212.15,46
1786950041,100,8388,213.01,46
1786950042,100,8388,212.34,46
1786950043,100,8388,212.09,46
1786950044,100,8388,212.15,46
1786950045,100,8388,212.08,46
1786950046,100,8388,213.20,46
1786950047,100,8388,212.80,46
1786950048,100,8388,212.91,46
1786950049,100,8388,213.35,46
1786950050,100,8388,212.93,46
1786950052,100,8388,213.48,46
1786950053,100,8388,213.73,46
1786950054,100,8388,213.54,46
1786950055,100,8388,211.87,46
1786950056,100,8388,212.97,46
1786950057,100,8388,213.61,46
1786950058,100,8388,213.21,46
1786950059,100,8388,213.33,46
1786950060,100,8388,212.76,46
1786950061,100,8388,214.09,46
1786950062,100,8388,213.62,46
1786950063,100,8388,212.22,46
1786950065,100,8388,212.69,46
1786950066,100,8388,214.07,46
1786950067,100,8388,212.46,46
1786950068,100,8388,212.97,46
1786950069,100,8388,213.22,47
1786950070,100,8388,213.15,47
1786950071,100,8388,212.43,47
1786950072,100,8388,212.61,47
1786950073,100,8388,211.34,47
1786950074,100,8388,212.44,47
1786950075,100,8388,213.38,47
1786950077,100,8388,214.13,47
1786950078,100,8388,212.84,47
1786950079,100,8388,213.33,47
1786950080,100,8388,213.44,47
1786950081,100,8388,213.49,47
1786950082,100,8388,213.75,47
1786950083,100,8388,212.46,47
1786950084,100,8388,213.72,47
1786950085,100,8388,213.73,47
1786950086,100,8388,214.83,47
1786950087,100,8388,212.93,47
1786950088,100,8388,213.03,47
1786950090,100,8388,214.22,47
1786950091,100,8388,213.16,47
1786950092,100,8388,214.11,47
1786950093,100,8388,214.19,47
1786950094,100,8388,213.95,47
1786950095,100,8388,214.94,47
1786950096,100,8388,213.75,47
1786950097,100,8388,213.35,47
1786950098,100,8388,214.01,47
1786950099,100,8388,214.56,47
1786950100,100,8388,212.79,47
1786950102,100,8388,214.56,47
1786950103,100,8388,213.31,47
1786950104,100,8388,215.76,47
1786950105,100,8388,215.67,47
1786950106,100,8388,215.42,47
1786950107,100,8388,213.46,47
1786950108,100,8388,213.81,47
1786950109,100,8388,214.93,47
1786950110,100,8388,213.57,47
1786950111,100,8388,213.33,47
1786950112,100,8388,213.34,47
1786950113,100,8388,214.77,47
1786950115,100,8388,214.88,47
1786950116,100,8388,214.60,47
1786950117,100,8388,214.61,47
1786950118,100,8388,213.74,47
1786950119,100,8388,214.16,47
1786950120,100,8388,216.48,47
1786950121,100,8388,216.15,47
1786950122,100,8388,216.45,47
1786950123,100,8388,215.85,47
1786950124,100,8388,216.61,47
1786950125,100,8388,217.11,47
1786950127,100,8388,215.76,47
1786950128,100,8388,216.90,47
1786950129,100,8388,214.92,47
1786950130,100,8388,215.68,47
1786950131,100,8388,213.62,47
1786950132,100,8388,214.68,47
1786950133,100,8388,216.50,47
1786950134,100,8388,215.86,47
1786950135,100,8388,217.14,47
1786950136,100,8388,216.11,47
1786950137,100,8388,216.75,48
1786950139,100,8388,220.50,48
1786950140,100,8388,223.80,48
1786950141,100,8388,216.49,48
1786950142,100,8388,209.45,47
1786950143,100,8388,205.47,47
1786950144,100,8388,206.08,47
1786950145,100,8388,204.22,47
1786950146,99,8388,203.66,47
1786950147,100,8388,203.37,47
1786950148,100,8388,202.53,47
1786950149,100,8388,203.51,47
1786950151,100,8388,210.32,47
1786950152,100,8388,211.27,47
1786950153,100,8388,209.92,47
1786950154,100,8388,209.82,47
1786950155,100,8388,208.37,48
1786950156,100,8388,210.99,47
1786950157,100,8388,211.57,47
1786950158,100,8388,213.46,48
1786950159,100,8388,211.68,48
1786950160,100,8388,211.20,48
1786950161,100,8388,210.03,48
1786950162,100,8388,208.33,47
1786950164,100,8388,209.17,47
1786950165,100,8388,208.56,47
1786950166,100,8388,207.16,47
1786950167,100,8388,203.41,47
1786950168,100,8388,200.96,47
1786950169,100,8388,199.55,47
1786950170,100,8388,196.71,47
1786950171,100,8388,196.65,47
1786950172,100,8388,193.46,47
1786950173,100,8388,193.07,47
1786950174,100,8388,189.34,47
1786950175,100,8388,189.21,47
1786950177,100,8388,190.90,47
1786950178,100,8388,189.21,47
1786950179,100,8388,189.64,47
1786950180,100,8388,189.51,47
1786950181,100,8388,190.77,47
1786950182,100,8388,189.57,47
1786950183,100,8388,189.06,47
1786950184,100,8388,191.20,47
1786950185,100,8388,190.05,47
1786950186,100,8388,191.80,47
1786950187,100,8388,191.18,47
1786950188,100,8388,190.52,47
1786950190,100,8388,189.85,46
1786950191,100,8388,189.10,46
1786950192,100,8388,187.23,46
1786950193,100,8388,185.63,46
1786950194,100,8388,186.02,46
1786950195,100,8388,185.47,46
1786950196,100,8388,184.21,46
1786950197,100,8388,183.11,46
1786950198,100,8388,186.67,46
1786950199,100,8388,185.11,46
1786950200,100,8388,185.81,46
1786950201,100,8388,185.33,46
1786950202,100,8388,187.43,46
1786950204,100,8388,187.56,46
1786950205,100,8388,185.20,46
1786950206,100,8388,186.22,46
1786950207,100,8388,187.18,46
1786950208,100,8388,185.65,46
1786950209,100,8388,185.14,46
1786950210,100,8388,184.86,46
1786950211,100,8388,181.66,46
1786950212,100,8388,181.49,46
1786950213,100,8388,181.62,46
1786950214,100,8388,183.46,46
1786950216,98,8388,184.75,46
1786950217,100,8388,181.76,46
1786950218,100,8388,181.49,46
1786950219,99,8388,179.91,46
1786950220,100,8388,180.07,46
1786950221,100,8388,182.46,46
1786950222,100,8388,186.74,46
1786950223,100,8388,186.24,46
1786950224,100,8388,186.11,46
1786950225,100,8388,183.74,46
1786950226,100,8388,182.11,46
1786950227,100,8388,182.37,46
1786950229,100,8388,182.77,46
1786950230,100,8388,175.64,45
1786950231,100,8388,176.32,45
1786950232,100,8388,178.49,45
1786950233,100,8388,182.53,45
1786950234,100,8388,183.67,45
1786950235,100,8388,185.08,46
1786950236,100,8388,181.22,45
1786950237,100,8388,181.73,45
1786950238,100,8388,182.81,45
1786950239,100,8388,181.08,45
1786950241,100,8388,176.26,45
1786950242,100,8388,173.99,45
1786950243,100,8388,172.95,45
1786950244,100,8388,171.56,45
1786950245,100,8388,171.25,45
1786950246,100,8388,170.84,45
1786950247,100,8388,167.78,45
1786950248,100,8388,166.71,45
1786950249,100,8388,166.79,45
1786950250,100,8388,165.72,45
1786950251,100,8388,171.39,45
1786950252,100,8388,170.71,45
1786950254,100,8388,172.02,45
1786950255,100,8388,176.87,45
1786950256,100,8388,179.74,45
1786950257,100,8388,177.91,45
1786950258,100,8388,179.43,45
1786950259,100,8388,179.70,45
1786950260,100,8388,182.16,45
1786950261,100,8388,182.80,45
1786950262,100,8388,188.22,45
1786950263,100,8388,186.91,45
1786950264,100,8388,183.48,45
1786950265,100,8388,179.93,45
1786950267,100,8388,176.70,45
1786950268,100,8388,176.54,45
1786950269,100,8388,174.72,45
1786950270,100,8388,172.98,45
1786950271,100,8388,174.92,45
1786950272,100,8388,172.36,45
1786950273,100,8388,169.34,44
1786950274,100,8388,169.18,44
1786950275,100,8388,169.49,44
1786950276,100,8388,168.15,44
1786950277,100,8388,168.72,44
1786950278,100,8388,167.27,44
1786950280,100,8388,167.47,44
1786950281,100,8388,167.03,44
1786950282,100,8388,167.95,44
1786950283,100,8388,167.40,44
1786950284,100,8388,166.56,44
1786950285,100,8388,167.61,44
1786950286,100,8388,165.49,44
1786950287,100,8388,167.33,44
1786950288,100,8388,167.59,44
1786950289,100,8388,166.54,44
1786950291,100,8388,167.43,44
1786950292,100,8388,166.88,44
1786950293,100,8388,166.37,44
1786950294,100,8388,166.39,44
1786950295,100,8388,162.81,44
1786950296,100,8388,162.79,44
1786950297,100,8388,163.61,44
1786950298,100,8388,164.44,44
1786950299,100,8388,162.06,44
1786950300,100,8388,162.29,44
1786950301,100,8388,162.32,44
1786950303,100,8388,162.57,44
1786950304,100,8388,162.27,44
1786950305,100,8388,161.52,44
1786950306,100,8388,162.08,43
1786950307,100,8388,161.68,43
1786950308,100,8388,161.95,43
1786950309,99,8388,159.18,43
1786950310,99,8388,156.54,43
1786950311,99,8388,156.87,43
1786950312,99,8388,156.41,43
1786950313,49,8388,139.73,43
1786950314,50,8388,139.24,43
1786950316,49,8388,138.93,43
1786950317,49,8388,139.70,42
1786950318,50,8388,139.05,42
1786950319,49,8388,139.09,42
1786950320,49,8388,138.74,42
1786950321,49,8388,138.80,42
1786950322,49,8388,138.91,42
1786950323,49,8388,138.78,42
1786950324,49,8388,139.04,42
1786950325,49,8388,137.95,42
1786950326,49,8388,138.74,42
1786950328,49,8388,138.60,42
1786950329,49,8388,138.86,42
1786950330,50,8388,139.17,42
1786950331,49,8388,138.51,42
1786950332,49,8388,139.32,42
1786950333,49,8388,138.89,42
1786950334,49,8388,138.93,42
1786950335,48,8388,138.68,42
1786950336,49,8388,138.68,42
1786950337,49,8388,138.68,42
1786950338,50,8388,138.30,42
1786950339,49,8388,139.08,42
1786950341,49,8388,138.07,42
1786950342,49,8388,138.54,41
1786950343,49,8388,137.85,41
1786950344,49,8388,138.54,41
1786950345,49,8388,138.54,41
1786950346,49,8388,138.13,41
1786950347,48,8388,138.92,41
1786950348,49,8388,138.55,41
1786950349,49,8388,138.88,41
1786950350,45,8388,137.31,41
1786950351,46,8388,137.40,41
1786950352,0,8388,129.44,41
1786950354,0,8388,117.83,41
1786950355,0,8388,117.50,41
1786950356,0,8388,117.68,40
1786950357,0,8388,117.41,40
1786950358,0,8388,117.53,40
1786950359,0,8388,117.48,40
1786950360,0,8388,117.45,40
1786950361,0,8388,117.45,40
1786950362,0,8388,117.45,40
1786950363,0,8388,117.59,40
1786950364,0,8388,117.34,40
1786950365,0,8388,117.36,40
1786950366,0,8388,117.27,40
1786950368,0,8388,117.38,40
1786950369,0,8388,117.27,40
1786950370,0,8388,117.36,40
1786950371,0,8388,117.14,40
1786950372,0,8388,117.18,40
1786950373,0,8388,117.12,40
1786950374,0,8388,117.18,40
1786950375,0,8388,117.09,40
1786950376,0,8388,117.13,40
1786950377,0,8388,117.05,40
1786950378,0,8388,117.07,40
1786950379,0,8388,117.00,40
1786950380,0,8388,116.96,40
1786950382,0,8388,117.22,39
1786950383,0,8388,116.92,39
1786950384,0,8388,117.15,39
1786950385,0,8388,116.85,39
1786950386,0,8388,117.15,39
1786950387,0,8388,116.75,39
1786950388,0,8388,117.09,39
1786950389,0,8388,116.78,39
1786950390,0,8388,117.09,39
1786950391,0,8388,116.70,39
1786950392,0,8388,117.02,39
1786950393,0,8388,116.72,39
1786950394,0,8388,116.69,39
1786950396,0,8388,116.91,39
1786950397,0,8388,116.75,39
1786950398,0,8388,116.87,39
1786950399,0,8388,116.66,39
1786950400,0,8388,116.82,39
1786950401,0,8388,116.55,39
1786950402,0,8388,116.95,39
1786950403,0,8388,116.51,39
1786950404,0,8388,116.68,39
1786950405,0,8388,116.78,39
1786950406,0,8388,116.55,39
1786950407,0,8388,116.73,39
1786950408,0,8388,116.53,39
1786950409,0,8388,116.75,39
1786950411,0,8388,116.43,39
1786950412,0,8388,116.47,39
1786950413,0,8388,116.69,39
1786950414,0,8388,116.48,39
1786950415,0,8388,116.75,39
1786950416,0,8388,116.39,39
1786950417,0,8388,116.57,39
1786950418,0,8388,116.38,39
1786950419,99,8388,224.41,41
1786950420,98,8388,274.72,42
1786950421,98,8388,277.82,43
1786950422,99,8388,271.62,43
1786950424,99,8388,277.18,43
1786950425,99,8388,274.83,44
1786950426,99,8388,275.92,44
1786950427,99,8388,279.64,44
1786950428,98,8388,281.67,44
1786950429,99,8388,279.70,45
1786950430,99,8388,278.17,45
1786950431,99,8388,278.40,45
1786950432,99,8388,278.33,45
1786950433,98,8388,274.72,45
1786950434,98,8388,277.82,45
1786950435,98,8388,276.23,45
1786950436,99,8388,276.60,45
1786950438,99,8388,279.81,45
1786950439,99,8388,283.02,46
1786950440,99,8388,278.34,45
1786950441,99,8388,276.31,46
1786950442,99,8388,273.70,46
1786950443,99,8388,281.38,46
1786950444,99,8388,277.65,46
1786950445,99,8388,280.49,46
1786950446,99,8388,279.51,46
1786950447,98,8388,282.35,46
1786950448,98,8388,279.16,47
1786950449,98,8388,275.61,46
1786950450,99,8388,279.61,47
1786950452,99,8388,278.62,46
1786950453,99,8388,280.15,47
1786950454,99,8388,285.21,47
1786950455,99,8388,282.88,47
1786950456,99,8388,277.35,47
1786950457,99,8388,280.39,47
1786950458,99,8388,278.49,47
1786950459,99,8388,282.40,47
1786950460,99,8388,277.05,47
1786950461,98,8388,280.15,47
1786950462,98,8388,283.12,47
1786950463,99,8388,278.00,47
1786950464,99,8388,281.44,48
1786950466,99,8388,284.48,48
1786950467,99,8388,278.33,48
1786950468,99,8388,285.43,48
1786950469,99,8388,277.90,48
1786950470,99,8388,277.45,48
1786950471,99,8388,282.38,48
1786950472,99,8388,280.29,48
1786950473,99,8388,283.42,48
1786950474,99,8388,276.43,48
1786950475,98,8388,281.44,48
1786950476,98,8388,278.37,48
1786950477,99,8388,281.23,48
1786950478,99,8388,283.00,48
1786950480,99,8388,275.10,48
1786950481,99,8388,282.82,48
1786950482,99,8388,282.24,48
1786950483,98,8388,281.84,48
1786950484,99,8388,281.54,48
1786950485,99,8388,279.63,48
1786950486,99,8388,280.83,49
1786950487,99,8388,282.34,48
1786950488,99,8388,276.53,49
1786950489,98,8388,279.98,49
1786950490,98,8388,281.26,48
1786950491,99,8388,283.77,48
1786950492,99,8388,280.96,49
1786950494,99,8388,279.38,49
1786950495,99,8388,277.56,49
1786950496,99,8388,281.68,49
1786950497,99,8388,278.98,49
1786950498,99,8388,283.06,49
1786950499,98,8388,281.07,49
1786950500,99,8388,278.58,49
1786950501,99,8388,282.30,49
1786950502,99,8388,278.99,49
1786950503,99,8388,278.32,49
1786950504,99,8388,283.73,49
1786950505,99,8388,280.85,49
1786950506,99,8388,279.14,49
1786950508,98,8388,279.24,49
1786950509,99,8388,283.63,49
1786950510,99,8388,281.50,49
1786950511,99,8388,277.15,49
1786950512,99,8388,279.64,49
1786950513,99,8388,280.52,49
1786950514,99,8388,282.91,49
1786950515,99,8388,278.89,49
1786950516,98,8388,277.08,49
1786950517,99,8388,284.03,49
1786950518,99,8388,280.15,49
1786950519,99,8388,280.70,49
1786950520,99,8388,280.05,49
1786950522,99,8388,279.86,49
1786950523,99,8388,282.39,49
1786950524,99,8388,278.37,49
1786950525,99,8388,279.60,49
1786950526,99,8388,280.05,49
1786950527,99,8388,284.91,49
1786950528,99,8388,279.29,49
1786950529,99,8388,279.21,49
1786950530,99,8388,283.74,49
1786950531,99,8388,281.71,49
1786950532,99,8388,280.19,49
1786950533,99,8388,277.93,49
1786950534,0,8388,221.12,46
1786950536,100,8388,213.57,47
1786950537,100,8388,212.38,47
1786950538,100,8388,213.69,47
1786950539,100,8388,213.70,47
1786950540,100,8388,212.89,47
1786950541,100,8388,212.71,47
1786950542,100,8388,213.81,47
1786950543,100,8388,210.88,47
1786950544,100,8388,213.67,47
1786950545,100,8388,212.68,47
1786950546,100,8388,212.49,47
1786950548,100,8388,212.91,47
1786950549,100,8388,212.89,47
1786950550,100,8388,212.01,47
1786950551,100,8388,212.24,47
1786950552,100,8388,213.69,47
1786950553,100,8388,212.38,47
1786950554,100,8388,212.42,47
1786950555,100,8388,212.83,47
1786950556,100,8388,205.66,46
1786950557,100,8388,211.79,47
1786950558,100,8388,213.56,46
1786950560,100,8388,212.44,47
1786950561,100,8388,213.28,46
1786950562,100,8388,211.56,46
1786950563,100,8388,212.77,46
1786950564,100,8388,213.01,46
1786950565,100,8388,211.77,46
1786950566,100,8388,212.75,46
1786950567,100,8388,213.16,46
1786950568,100,8388,212.06,46
1786950569,100,8388,212.30,46
1786950570,100,8388,212.85,46
1786950572,100,8388,211.84,46
1786950573,100,8388,211.39,46
1786950574,100,8388,212.62,46
1786950575,100,8388,212.12,46
1786950576,100,8388,212.10,46
1786950577,100,8388,213.25,46
1786950578,100,8388,210.26,46
1786950579,100,8388,213.11,46
1786950580,100,8388,213.02,46
1786950581,100,8388,212.83,46
1786950582,100,8388,213.65,47
1786950583,100,8388,212.29,47
1786950585,100,8388,212.66,47
1786950586,100,8388,212.89,47
1786950587,100,8388,212.93,47
1786950588,100,8388,213.05,47
1786950589,100,8388,212.35,47
1786950590,100,8388,212.76,47
1786950591,100,8388,212.59,47
1786950592,100,8388,213.24,47
1786950593,100,8388,212.84,47
1786950594,100,8388,213.13,47
1786950595,100,8388,212.48,47
1786950597,100,8388,213.70,47
1786950598,100,8388,211.65,47
1786950599,100,8388,212.68,47
1786950600,100,8388,213.81,47
1786950601,100,8388,213.46,47
1786950602,100,8388,212.84,47
1786950603,100,8388,213.63,47
1786950604,100,8388,212.37,47
1786950605,100,8388,212.88,47
1786950606,100,8388,214.45,47
1786950607,100,8388,213.33,47
1786950608,100,8388,214.37,47
1786950610,100,8388,213.14,47
1786950611,100,8388,213.68,47
1786950612,100,8388,212.92,47
1786950613,100,8388,214.44,47
1786950614,100,8388,212.69,47
1786950615,100,8388,212.82,47
1786950616,100,8388,212.91,47
1786950617,100,8388,212.36,47
1786950618,100,8388,213.70,47
1786950619,100,8388,214.32,47
1786950620,100,8388,213.89,47
1786950622,100,8388,213.44,47
1786950623,100,8388,213.63,47
1786950624,100,8388,213.92,47
1786950625,100,8388,213.52,47
1786950626,100,8388,213.36,47
1786950627,100,8388,214.54,47
1786950628,100,8388,215.08,47
1786950629,100,8388,214.38,47
1786950630,100,8388,216.25,47
1786950631,100,8388,214.81,47
1786950632,100,8388,214.16,47
1786950633,100,8388,215.19,47
1786950635,100,8388,214.84,47
1786950636,100,8388,216.62,47
1786950637,100,8388,216.25,47
1786950638,100,8388,214.10,47
1786950639,100,8388,215.35,47
1786950640,100,8388,215.30,47
1786950641,100,8388,214.65,47
1786950642,100,8388,214.67,47
1786950643,100,8388,216.23,47
1786950644,100,8388,214.24,47
1786950645,100,8388,213.96,47
1786950647,100,8388,216.45,47
1786950648,100,8388,214.67,47
1786950649,100,8388,215.91,47
1786950650,100,8388,214.68,47
1786950651,100,8388,215.06,47
1786950652,100,8388,215.88,47
1786950653,100,8388,215.71,47
1786950654,100,8388,216.77,47
1786950655,100,8388,216.66,47
1786950656,100,8388,215.34,47
1786950657,100,8388,214.99,47
1786950659,100,8388,215.24,47
1786950660,100,8388,214.25,47
1786950661,100,8388,217.28,47
1786950662,95,8388,213.22,47
1786950663,100,8388,215.60,47
1786950664,100,8388,215.64,47
1786950665,100,8388,218.19,47
1786950666,100,8388,216.72,47
1786950667,100,8388,222.65,48
1786950668,100,8388,220.63,48
1786950669,100,8388,226.77,48
1786950670,100,8388,223.53,48
1786950672,100,8388,217.58,48
1786950673,100,8388,210.62,47
1786950674,100,8388,206.89,47
1786950675,100,8388,201.46,47
1786950676,100,8388,204.90,47
1786950677,100,8388,203.91,47
1786950678,100,8388,206.66,47
1786950679,100,8388,204.76,47
1786950680,100,8388,207.37,47
1786950681,100,8388,215.71,48
1786950682,100,8388,214.46,48
1786950683,100,8388,209.17,47
1786950685,100,8388,212.11,48
1786950686,100,8388,210.69,48
1786950687,100,8388,211.98,48
1786950688,100,8388,210.43,48
1786950689,100,8388,210.56,48
1786950690,100,8388,210.64,48
1786950691,100,8388,209.76,48
1786950692,100,8388,210.42,48
1786950693,100,8388,208.11,48
1786950694,100,8388,209.08,48
1786950695,100,8388,208.28,48
1786950696,100,8388,205.56,47
1786950698,100,8388,201.74,47
1786950699,100,8388,198.61,47
1786950700,100,8388,198.50,47
1786950701,100,8388,196.41,47
1786950702,100,8388,196.56,47
1786950703,100,8388,195.90,47
1786950704,100,8388,193.68,47
1786950705,100,8388,192.06,47
1786950706,100,8388,193.78,47
1786950707,100,8388,188.26,47
1786950708,100,8388,191.45,47
1786950709,100,8388,192.42,47
1786950711,100,8388,190.17,47
1786950712,100,8388,190.52,47
1786950713,100,8388,191.13,47
1786950714,100,8388,191.37,47
1786950715,100,8388,192.89,47
1786950716,100,8388,190.03,47
1786950717,100,8388,190.49,47
1786950718,100,8388,193.73,47
1786950719,100,8388,192.77,47
1786950720,100,8388,193.59,47
1786950721,100,8388,195.51,47
1786950722,100,8388,193.84,47
1786950723,100,8388,193.04,47
1786950725,100,8388,191.41,47
1786950726,100,8388,193.11,47
1786950727,100,8388,193.81,47
1786950728,100,8388,192.45,47
1786950729,99,8388,190.82,47
1786950730,100,8388,190.93,47
1786950731,100,8388,190.83,47
1786950732,100,8388,191.23,46
1786950733,100,8388,190.09,46
1786950734,100,8388,189.14,46
1786950735,100,8388,192.06,46
1786950736,100,8388,189.33,46
1786950738,100,8388,190.12,46
1786950739,100,8388,188.60,46
1786950740,100,8388,186.64,46
1786950741,100,8388,182.93,46
1786950742,100,8388,181.40,46
1786950743,100,8388,182.30,46
1786950744,100,8388,180.78,46
1786950745,100,8388,180.60,46
1786950746,100,8388,180.45,46
1786950747,100,8388,181.58,46
1786950748,100,8388,179.27,46
1786950750,100,8388,178.40,46
1786950751,100,8388,184.07,46
1786950752,100,8388,181.25,46
1786950753,100,8388,179.63,46
1786950754,100,8388,179.50,46
1786950755,100,8388,180.60,46
1786950756,100,8388,181.34,46
1786950757,100,8388,177.98,46
1786950758,100,8388,178.52,46
1786950759,100,8388,176.64,45
1786950760,100,8388,171.42,45
1786950761,100,8388,174.89,45
1786950763,100,8388,181.39,45
1786950764,100,8388,180.89,45
1786950765,100,8388,178.94,45
1786950766,100,8388,178.84,45
1786950767,100,8388,180.73,45
1786950768,100,8388,181.79,45
1786950769,100,8388,180.18,45
1786950770,100,8388,180.48,45
1786950771,100,8388,182.60,45
1786950772,100,8388,181.00,45
1786950773,100,8388,181.36,45
1786950774,100,8388,178.70,45
1786950776,100,8388,180.72,45
1786950777,100,8388,179.71,45
1786950778,100,8388,184.52,45
1786950779,100,8388,185.23,45
1786950780,100,8388,183.48,45
1786950781,100,8388,183.81,45
1786950782,100,8388,185.48,45
1786950783,100,8388,184.42,45
1786950784,100,8388,184.26,45
1786950785,100,8388,185.06,45
1786950786,100,8388,181.59,45
1786950787,100,8388,180.18,45
1786950789,100,8388,178.51,45
1786950790,100,8388,179.28,45
1786950791,100,8388,173.44,45
1786950792,100,8388,173.33,45
1786950793,100,8388,178.18,45
1786950794,100,8388,170.81,45
1786950795,100,8388,169.26,45
1786950796,100,8388,169.21,45
1786950797,100,8388,167.80,45
1786950798,100,8388,166.80,45
1786950799,100,8388,168.59,45
1786950801,100,8388,175.45,45
1786950802,100,8388,175.73,45
1786950803,100,8388,176.81,45
1786950804,100,8388,177.14,45
1786950805,100,8388,179.36,45
1786950806,100,8388,178.52,45
1786950807,100,8388,178.93,45
1786950808,100,8388,177.11,45
1786950809,100,8388,178.00,45
1786950810,100,8388,178.61,45
1786950811,100,8388,177.95,45
1786950812,100,8388,178.89,45
1786950814,100,8388,178.53,45
1786950815,100,8388,177.42,45
1786950816,100,8388,179.37,45
1786950817,100,8388,176.55,45
1786950818,100,8388,178.34,45
1786950819,100,8388,179.41,45
1786950820,100,8388,178.10,45
1786950821,100,8388,177.96,45
1786950822,100,8388,178.74,45
1786950823,100,8388,177.83,45
1786950824,100,8388,176.54,44
1786950825,100,8388,175.90,44
1786950827,100,8388,176.20,44
1786950828,100,8388,175.31,44
1786950829,100,8388,175.49,44
1786950830,100,8388,174.90,44
1786950831,100,8388,171.99,44
1786950832,100,8388,174.02,44
1786950833,100,8388,175.54,44
1786950834,100,8388,174.35,44
1786950835,100,8388,171.69,44
1786950836,100,8388,170.67,44
1786950837,100,8388,169.02,44
1786950838,100,8388,170.58,44
1786950840,100,8388,168.38,44
1786950841,100,8388,168.13,44
1786950842,100,8388,166.93,44
1786950843,100,8388,167.30,44
1786950844,100,8388,167.44,44
1786950845,100,8388,166.94,44
1786950846,100,8388,167.40,44
1786950847,100,8388,167.46,44
1786950848,100,8388,167.13,44
1786950849,100,8388,163.69,44
1786950850,99,8388,159.32,43
1786950851,99,8388,158.83,43
1786950853,99,8388,156.17,43
1786950854,99,8388,158.71,43
1786950855,99,8388,159.05,43
1786950856,99,8388,155.28,43
1786950857,99,8388,157.56,43
1786950858,99,8388,155.61,43
1786950859,99,8388,156.03,43
1786950860,99,8388,155.90,43
1786950861,99,8388,155.81,43
1786950862,99,8388,155.52,43
1786950863,100,8388,156.69,43
1786950864,99,8388,155.28,43
1786950866,99,8388,156.77,43
1786950867,99,8388,155.59,43
1786950868,99,8388,158.03,43
1786950869,97,8388,155.02,43
1786950870,99,8388,153.66,43
1786950871,61,8388,152.62,42
1786950872,47,8388,138.04,42
1786950873,48,8388,138.57,42
1786950874,48,8388,137.93,42
1786950875,48,8388,138.03,42
1786950876,48,8388,138.26,42
1786950877,48,8388,137.87,42
1786950879,47,8388,138.05,42
1786950880,46,8388,137.68,42
1786950881,45,8388,136.42,42
1786950882,0,8388,119.89,41
1786950883,0,8388,118.00,41
1786950884,0,8388,117.79,41
1786950885,0,8388,117.85,41
1786950886,0,8388,117.71,41
1786950887,0,8388,117.67,41
1786950888,0,8388,117.73,41
1786950889,0,8388,117.57,41
1786950891,0,8388,117.74,40
1786950892,0,8388,117.25,40
1786950893,0,8388,117.60,40
1786950894,0,8388,117.38,40
1786950895,0,8388,117.59,40
1786950896,0,8388,117.22,40
1786950897,0,8388,117.53,40
1786950898,0,8388,117.31,40
1786950899,0,8388,117.50,40
1786950900,0,8388,117.14,40
1786950901,0,8388,117.47,40
1786950902,0,8388,117.13,40
1786950903,0,8388,117.33,40
1786950905,0,8388,117.00,40
1786950906,0,8388,117.19,40
1786950907,0,8388,116.90,40
1786950908,0,8388,117.19,40
1786950909,0,8388,117.00,40
1786950910,0,8388,117.18,40
1786950911,0,8388,116.84,39
1786950912,0,8388,117.09,39
1786950913,0,8388,116.78,39
1786950914,0,8388,117.22,39
1786950915,0,8388,116.90,39
1786950916,0,8388,117.02,39
1786950917,0,8388,116.75,39
1786950918,0,8388,117.02,39
1786950920,0,8388,116.65,39
1786950921,0,8388,116.86,39
1786950922,0,8388,116.75,39
1786950923,0,8388,116.81,39
1786950924,0,8388,116.81,39
1786950925,0,8388,116.65,39
1786950926,0,8388,116.92,39
1786950927,0,8388,116.57,39
1786950928,0,8388,116.92,39
1786950929,0,8388,116.61,39
1786950930,0,8388,116.95,39
1786950931,0,8388,116.56,39
1786950932,0,8388,116.66,39
1786950934,0,8388,116.58,39
1786950935,0,8388,116.57,39
1786950936,0,8388,116.64,39
1786950937,0,8388,116.53,39
1786950938,0,8388,116.78,39
1786950939,0,8388,116.47,39
1786950940,0,8388,116.69,39
1786950941,0,8388,116.60,39
1786950942,0,8388,116.47,39
1786950943,0,8388,116.58,38
1786950944,0,8388,116.28,38
1786950945,0,8388,116.64,38
1786950946,0,8388,116.32,38
1786950947,0,8388,116.41,38
1786950949,0,8388,116.69,38
1786950950,0,8388,116.38,38
1786950951,0,8388,116.52,38
1786950952,0,8388,116.30,38
1786950953,0,8388,116.39,38
1786950954,0,8388,116.36,38
1786950955,0,8388,116.31,38
1786950956,0,8388,116.65,38
1786950957,0,8388,116.17,38
1786950958,0,8388,116.51,38
1786950959,0,8388,116.36,38
1786950960,0,8388,116.20,38
1786950961,0,8388,116.54,38
1786950962,0,8388,116.26,38
1786950964,0,8388,116.28,38
1786950965,0,8388,116.36,38
1786950966,0,8388,116.21,38
1786950967,0,8388,116.29,38
1786950968,0,8388,116.27,38
1786950969,0,8388,116.14,38
1786950970,0,8388,116.35,38
1786950971,0,8388,116.08,38
1786950972,0,8388,116.21,38
1786950973,0,8388,116.20,38
1786950974,0,8388,115.96,38
1786950975,0,8388,116.29,38
1786950976,0,8388,116.05,38
1786950977,0,8388,115.93,38
1786950979,0,8388,116.30,38
1786950980,0,8388,115.98,38
1786950981,0,8388,116.04,38
1786950982,0,8388,116.24,38
1786950983,0,8388,115.98,38
1786950984,0,8388,116.08,38
1786950985,0,8388,115.97,38
1786950986,0,8388,115.86,38
1786950987,0,8388,116.08,38
1786950988,0,8388,116.05,38
1786950989,0,8388,115.94,38
1786950990,0,8388,116.07,38
1786950991,0,8388,115.92,38
1786950992,0,8388,115.88,38
1786950994,0,8388,116.19,38
1786950995,0,8388,115.95,38
1786950996,0,8388,116.01,38
1786950997,0,8388,116.14,38
1786950998,0,8388,115.96,37
1786950999,0,8388,115.95,37
1786951000,0,8388,116.14,37
1786951001,0,8388,115.85,37
1786951002,0,8388,115.93,37
1786951003,0,8388,116.14,37
1786951004,0,8388,115.81,37
1786951005,0,8388,115.93,37
1786951006,0,8388,116.18,37
1786951007,0,8388,115.85,37
1786951009,0,8388,116.01,37
1786951010,0,8388,116.14,37
1786951011,0,8388,115.84,37
1786951012,0,8388,115.75,37
1786951013,0,8388,116.08,37
1786951014,0,8388,115.78,37
1786951015,0,8388,115.71,37
1786951016,0,8388,115.95,37
1786951017,0,8388,115.75,37
1786951018,98,8388,270.70,40
1786951019,99,8388,276.47,41
1786951020,99,8388,274.96,42
1786951021,99,8388,272.96,42
1786951022,99,8388,274.23,42
1786951024,99,8388,277.89,43
1786951025,99,8388,275.36,43
1786951026,98,8388,275.73,43
1786951027,99,8388,276.62,43
1786951028,99,8388,276.41,43
1786951029,99,8388,279.54,44
1786951030,99,8388,275.82,44
1786951031,99,8388,278.64,44
1786951032,98,8388,275.73,44
1786951033,98,8388,279.81,44
1786951034,99,8388,277.88,44
1786951035,99,8388,274.96,44
1786951037,99,8388,277.19,44
1786951038,99,8388,281.53,45
1786951039,99,8388,277.32,45
1786951040,98,8388,283.52,45
1786951041,99,8388,277.15,45
1786951042,99,8388,278.65,45
1786951043,99,8388,279.66,45
1786951044,99,8388,283.25,45
1786951045,99,8388,276.37,46
1786951046,98,8388,274.85,45
1786951047,98,8388,281.07,46
1786951048,99,8388,279.90,46
1786951049,99,8388,276.34,46
1786951051,99,8388,280.60,46
1786951052,99,8388,283.01,46
1786951053,99,8388,279.21,46
1786951054,99,8388,280.52,46
1786951055,99,8388,278.95,46
1786951056,99,8388,280.09,46
1786951057,99,8388,280.90,47
1786951058,99,8388,279.08,46
1786951059,99,8388,281.30,47
1786951060,98,8388,281.85,47
1786951061,98,8388,279.05,47
1786951062,99,8388,280.00,47
1786951063,99,8388,281.84,47
1786951065,99,8388,278.22,47
1786951066,99,8388,283.10,47
1786951067,99,8388,282.93,47
1786951068,98,8388,279.63,47
1786951069,99,8388,277.78,47
1786951070,99,8388,279.49,47
1786951071,99,8388,282.72,47
1786951072,99,8388,282.04,47
1786951073,99,8388,279.96,47
1786951074,98,8388,278.54,47
1786951075,99,8388,277.02,48
1786951076,99,8388,284.49,47
1786951077,99,8388,276.72,48
1786951079,99,8388,282.21,48
1786951080,99,8388,278.79,48
1786951081,98,8388,282.23,48
1786951082,98,8388,280.36,48
1786951083,99,8388,277.92,48
1786951084,99,8388,282.08,48
1786951085,99,8388,278.70,48
1786951086,99,8388,281.74,48
1786951087,99,8388,283.36,48
1786951088,98,8388,282.84,48
1786951089,99,8388,282.47,48
1786951090,99,8388,280.90,48
1786951091,99,8388,279.66,48
1786951093,99,8388,281.53,48
1786951094,99,8388,278.77,48
1786951095,98,8388,280.92,48
1786951096,98,8388,280.73,48
1786951097,99,8388,279.42,48
1786951098,99,8388,279.91,48
1786951099,99,8388,283.42,48
1786951100,99,8388,282.44,48
1786951101,99,8388,280.17,48
1786951102,99,8388,280.39,48
1786951103,99,8388,280.52,48
1786951104,99,8388,282.08,48
1786951105,99,8388,280.94,48
1786951107,99,8388,285.02,48
1786951108,99,8388,281.34,48
1786951109,98,8388,276.10,49
1786951110,98,8388,280.77,48
1786951111,99,8388,281.37,49
1786951112,99,8388,282.49,49
1786951113,99,8388,278.37,49
1786951114,99,8388,284.33,49
1786951115,99,8388,278.56,49
1786951116,99,8388,281.33,49
1786951117,98,8388,276.44,49
1786951118,99,8388,281.38,49
1786951119,99,8388,283.43,49
1786951121,99,8388,282.35,49
1786951122,99,8388,279.69,49
1786951123,99,8388,280.57,49
1786951124,99,8388,278.21,49
1786951125,99,8388,281.24,49
1786951126,98,8388,279.31,49
1786951127,99,8388,281.29,49
1786951128,99,8388,277.62,49
1786951129,99,8388,277.15,49
1786951130,99,8388,284.57,49
1786951131,99,8388,278.37,49
1786951132,99,8388,277.79,49
1786951133,100,8388,191.01,47
1786951135,100,8388,213.28,47
1786951136,100,8388,211.98,47
1786951137,100,8388,213.68,47
1786951138,100,8388,212.21,47
1786951139,100,8388,213.40,47
1786951140,100,8388,212.87,47
1786951141,100,8388,212.10,47
1786951142,100,8388,212.99,47
1786951143,100,8388,213.23,47
1786951144,100,8388,212.90,46
1786951145,100,8388,212.37,46
1786951146,100,8388,212.79,46
1786951148,100,8388,212.24,46
1786951149,100,8388,211.63,46
1786951150,100,8388,212.71,46
1786951151,100,8388,212.18,46
1786951152,100,8388,211.42,46
1786951153,100,8388,213.10,46
1786951154,100,8388,211.85,46
1786951155,100,8388,211.69,46
1786951156,100,8388,212.42,46
1786951157,100,8388,212.08,46
1786951158,100,8388,212.48,46
1786951160,100,8388,212.83,46
1786951161,100,8388,211.97,46
1786951162,100,8388,212.59,46
1786951163,100,8388,212.99,46
1786951164,100,8388,212.21,46
1786951165,100,8388,211.53,46
1786951166,100,8388,212.21,46
1786951167,100,8388,212.58,46
1786951168,100,8388,211.58,46
1786951169,100,8388,213.09,46
1786951170,100,8388,211.30,46
1786951171,100,8388,211.79,46
1786951173,100,8388,212.04,46
1786951174,100,8388,212.98,46
1786951175,100,8388,211.95,46
1786951176,100,8388,210.70,46
1786951177,100,8388,213.06,46
1786951178,100,8388,213.32,46
1786951179,100,8388,213.74,46
1786951180,100,8388,213.22,46
1786951181,100,8388,213.16,46
1786951182,100,8388,213.42,46
1786951183,100,8388,211.61,46
1786951185,100,8388,212.28,46
1786951186,100,8388,212.57,46
1786951187,100,8388,212.08,46
1786951188,100,8388,212.12,46
1786951189,100,8388,212.17,46
1786951190,100,8388,212.94,46
1786951191,100,8388,214.05,46
1786951192,100,8388,212.52,46
1786951193,100,8388,213.72,46
1786951194,100,8388,213.04,46
1786951195,100,8388,213.29,46
1786951196,100,8388,212.99,46
1786951198,100,8388,212.82,46
1786951199,100,8388,212.92,46
1786951200,100,8388,212.94,46
1786951201,100,8388,212.68,46
1786951202,100,8388,213.28,46
1786951203,100,8388,211.42,46
1786951204,100,8388,213.15,46
1786951206,100,8388,213.22,46
1786951207,100,8388,214.52,46
1786951208,100,8388,213.41,46
1786951209,100,8388,213.22,46
1786951210,100,8388,212.51,46
1786951211,100,8388,212.75,47
1786951212,100,8388,213.18,47
1786951213,100,8388,211.84,47
1786951214,100,8388,214.23,47
1786951215,100,8388,213.46,47
1786951216,100,8388,212.81,47
1786951218,100,8388,212.75,47
1786951219,100,8388,209.65,47
1786951220,100,8388,213.49,47
1786951221,100,8388,213.59,47
1786951222,100,8388,212.76,47
1786951223,100,8388,213.37,47
1786951224,100,8388,212.48,47
1786951225,100,8388,213.05,47
1786951226,100,8388,212.52,47
1786951227,100,8388,213.40,47
1786951228,100,8388,213.83,47
1786951230,100,8388,214.37,47
1786951231,100,8388,213.62,47
1786951232,100,8388,214.32,47
1786951233,100,8388,214.19,47
1786951234,100,8388,214.43,47
1786951235,100,8388,213.89,47
1786951236,100,8388,213.26,47
1786951237,100,8388,215.24,47
1786951238,100,8388,213.52,47
1786951239,99,8388,214.32,47
1786951240,100,8388,214.24,47
1786951242,100,8388,213.45,47
1786951243,100,8388,216.16,47
1786951244,100,8388,213.65,47
1786951245,100,8388,214.73,47
1786951246,100,8388,214.56,47
1786951247,100,8388,213.49,47
1786951248,100,8388,213.83,47
1786951249,100,8388,215.30,47
1786951250,100,8388,213.76,47
1786951251,100,8388,215.05,47
1786951252,100,8388,215.61,47
1786951254,100,8388,214.86,47
1786951255,100,8388,214.66,47
1786951256,100,8388,215.56,47
1786951257,100,8388,213.23,47
1786951258,100,8388,216.83,47
1786951259,100,8388,216.11,47
1786951260,100,8388,214.41,47
1786951261,100,8388,215.95,47
1786951262,100,8388,216.52,47
1786951263,100,8388,216.23,47
1786951264,100,8388,215.76,47
1786951266,100,8388,216.73,47
1786951267,100,8388,214.45,47
1786951268,100,8388,218.34,47
1786951269,100,8388,224.53,48
1786951270,100,8388,223.25,48
1786951271,100,8388,215.71,47
1786951272,100,8388,208.77,47
1786951273,100,8388,205.20,47
1786951274,99,8388,206.60,47
1786951275,100,8388,208.18,47
1786951276,100,8388,207.29,47
1786951277,99,8388,204.30,47
1786951279,100,8388,198.90,47
1786951280,100,8388,205.71,47
1786951281,100,8388,212.21,47
1786951282,100,8388,209.39,47
1786951283,100,8388,204.52,47
1786951284,100,8388,207.24,47
1786951285,100,8388,208.50,47
1786951286,100,8388,204.82,47
1786951287,100,8388,206.10,47
1786951288,100,8388,206.76,47
1786951289,100,8388,203.30,47
1786951291,100,8388,202.31,47
1786951292,100,8388,204.15,47
1786951293,100,8388,204.03,47
1786951294,100,8388,201.85,47
1786951295,100,8388,202.17,47
1786951296,100,8388,199.11,47
1786951297,100,8388,197.99,47
1786951298,100,8388,196.37,47
1786951299,100,8388,194.53,47
1786951300,100,8388,192.54,47
1786951301,100,8388,191.14,47
1786951302,100,8388,191.11,47
1786951304,100,8388,191.14,47
1786951305,100,8388,192.94,47
1786951306,100,8388,191.90,47
1786951307,100,8388,187.55,47
1786951308,100,8388,189.26,47
1786951309,100,8388,188.07,46
1786951310,100,8388,187.32,46
1786951311,100,8388,187.98,46
1786951312,100,8388,187.43,46
1786951313,100,8388,187.99,46
1786951314,100,8388,187.51,46
1786951315,100,8388,187.40,46
1786951317,100,8388,186.64,46
1786951318,100,8388,189.41,46
1786951319,100,8388,192.88,46
1786951320,100,8388,193.31,46
1786951321,100,8388,190.45,46
1786951322,100,8388,192.30,46
1786951323,98,8388,189.23,46
1786951324,99,8388,188.15,46
1786951325,100,8388,188.10,46
1786951326,100,8388,189.77,46
1786951327,99,8388,188.70,46
1786951328,100,8388,186.82,46
1786951330,100,8388,186.76,46
1786951331,100,8388,185.41,46
1786951332,100,8388,182.20,46
1786951333,99,8388,184.24,46
1786951334,100,8388,183.63,46
1786951335,100,8388,182.54,46
1786951336,100,8388,183.67,46
1786951337,100,8388,181.12,46
1786951338,100,8388,185.49,46
1786951339,100,8388,182.53,46
1786951340,100,8388,180.41,46
1786951341,100,8388,189.78,46
1786951343,100,8388,186.43,46
1786951344,100,8388,182.91,46
1786951345,100,8388,183.60,46
1786951346,100,8388,183.27,46
1786951347,100,8388,178.97,46
1786951348,100,8388,181.07,46
1786951349,100,8388,185.70,46
1786951350,100,8388,183.26,46
1786951351,100,8388,185.38,46
1786951352,100,8388,181.02,46
1786951353,100,8388,183.38,46
1786951354,100,8388,182.43,46
1786951356,100,8388,186.58,46
1786951357,100,8388,185.20,46
1786951358,100,8388,181.23,45
1786951359,100,8388,179.20,45
1786951360,100,8388,179.66,45
1786951361,100,8388,182.23,45
1786951362,100,8388,181.56,45
1786951363,100,8388,184.15,46
1786951364,100,8388,180.92,45
1786951365,100,8388,178.86,45
1786951366,100,8388,178.67,45
1786951367,100,8388,180.32,45
1786951369,100,8388,179.54,45
1786951370,100,8388,179.20,45
1786951371,100,8388,175.50,45
1786951372,100,8388,171.89,45
1786951373,100,8388,176.56,45
1786951374,100,8388,176.96,45
1786951375,100,8388,177.82,45
1786951376,100,8388,175.19,45
1786951377,100,8388,175.52,45
1786951378,100,8388,178.09,45
1786951379,100,8388,177.48,45
1786951380,100,8388,180.54,45
1786951382,100,8388,181.15,45
1786951383,100,8388,179.17,45
1786951384,100,8388,174.98,45
1786951385,100,8388,176.83,45
1786951386,100,8388,181.00,45
1786951387,100,8388,181.89,45
1786951388,100,8388,181.50,45
1786951389,100,8388,182.10,45
1786951390,100,8388,179.10,45
1786951391,100,8388,178.64,45
1786951392,100,8388,179.38,45
1786951393,100,8388,177.61,45
1786951395,100,8388,178.95,45
1786951396,100,8388,179.67,45
1786951397,100,8388,177.93,45
1786951398,100,8388,177.54,45
1786951399,100,8388,181.49,45
1786951400,100,8388,180.62,45
1786951401,100,8388,179.35,45
1786951402,100,8388,176.98,45
1786951403,100,8388,177.21,45
1786951404,100,8388,177.22,45
1786951405,100,8388,175.32,45
1786951406,100,8388,175.00,45
1786951407,100,8388,174.75,45
1786951409,100,8388,176.23,45
1786951410,100,8388,175.18,45
1786951411,100,8388,175.24,45
1786951412,100,8388,175.76,44
1786951413,100,8388,175.15,44
1786951414,100,8388,174.94,44
1786951415,100,8388,171.66,44
1786951416,100,8388,171.29,44
1786951417,100,8388,170.32,44
1786951418,100,8388,169.58,44
1786951419,100,8388,171.11,44
1786951420,100,8388,169.65,44
1786951422,100,8388,172.15,44
1786951423,100,8388,170.62,44
1786951424,100,8388,170.78,44
1786951425,100,8388,170.68,44
1786951426,100,8388,168.05,44
1786951427,100,8388,169.46,44
1786951428,100,8388,169.95,44
1786951429,100,8388,170.07,44
1786951430,100,8388,169.60,44
1786951431,100,8388,169.25,44
1786951432,100,8388,167.60,44
1786951433,100,8388,169.55,44
1786951435,100,8388,168.12,44
1786951436,100,8388,168.39,44
1786951437,100,8388,167.16,44
1786951438,98,8388,155.68,44
1786951439,98,8388,160.06,44
1786951440,98,8388,161.24,43
1786951441,98,8388,160.98,43
1786951442,98,8388,162.54,43
1786951443,98,8388,160.48,43
1786951444,98,8388,156.43,43
1786951445,99,8388,156.26,43
1786951446,98,8388,156.18,43
1786951447,99,8388,156.73,43
1786951449,98,8388,155.85,43
1786951450,99,8388,156.68,43
1786951451,99,8388,154.63,43
1786951452,99,8388,155.88,43
1786951453,99,8388,155.72,43
1786951454,99,8388,155.24,43
1786951455,93,8388,155.28,43
1786951456,0,8388,124.21,42
1786951457,0,8388,118.59,42
1786951458,0,8388,118.15,42
1786951459,0,8388,118.19,41
1786951460,0,8388,118.04,41
1786951461,0,8388,117.98,41
1786951463,0,8388,118.18,41
1786951464,0,8388,117.81,41
1786951465,0,8388,117.92,41
1786951466,0,8388,117.61,41
1786951467,0,8388,117.89,41
1786951468,0,8388,117.76,41
1786951469,0,8388,117.84,41
1786951470,0,8388,117.83,41
1786951471,0,8388,117.68,41
1786951472,0,8388,117.61,41
1786951473,0,8388,117.50,41
1786951474,0,8388,117.81,40
1786951475,0,8388,117.49,40
1786951477,0,8388,117.81,40
1786951478,0,8388,117.38,40
1786951479,0,8388,117.58,40
1786951480,0,8388,117.29,40
1786951481,0,8388,117.61,40
1786951482,0,8388,117.30,40
1786951483,0,8388,117.50,40
1786951484,0,8388,117.23,40
1786951485,0,8388,117.40,40
1786951486,0,8388,117.07,40
1786951487,0,8388,117.44,40
1786951488,0,8388,117.19,40
1786951489,0,8388,117.28,40
1786951490,0,8388,117.07,40
1786951492,0,8388,117.18,40
1786951493,0,8388,117.00,40
1786951494,0,8388,117.09,40
1786951495,0,8388,116.97,40
1786951496,0,8388,117.24,39
1786951497,0,8388,116.96,39
1786951498,0,8388,117.00,39
1786951499,0,8388,116.89,39
1786951500,0,8388,117.21,39
1786951501,0,8388,116.85,39
1786951502,0,8388,117.03,39
1786951503,0,8388,116.78,39
1786951504,0,8388,117.03,39
1786951506,0,8388,116.64,39
1786951507,0,8388,116.90,39
1786951508,0,8388,116.64,39
1786951509,0,8388,116.93,39
1786951510,0,8388,116.61,39
1786951511,0,8388,116.75,39
1786951512,0,8388,116.75,39
1786951513,0,8388,116.63,39
1786951514,0,8388,116.87,39
1786951515,0,8388,116.64,39
1786951516,0,8388,117.00,39
1786951517,0,8388,116.47,39
1786951518,0,8388,116.82,39
1786951519,0,8388,116.47,39
1786951521,0,8388,116.79,39
1786951522,0,8388,116.53,39
1786951523,0,8388,116.62,39
1786951524,0,8388,116.66,39
1786951525,0,8388,116.51,39
1786951526,0,8388,116.69,39
1786951527,0,8388,116.41,39
1786951528,0,8388,116.81,39
1786951529,0,8388,116.44,38
1786951530,0,8388,116.62,38
1786951531,0,8388,116.51,38
1786951532,0,8388,116.35,38
1786951534,0,8388,116.59,38
1786951535,0,8388,116.28,38
1786951536,0,8388,116.50,38
1786951537,0,8388,116.27,38
1786951538,0,8388,116.26,38
1786951539,0,8388,116.41,38
1786951540,0,8388,116.31,38
1786951541,0,8388,116.54,38
1786951542,0,8388,116.35,38
1786951543,0,8388,116.23,38
1786951544,0,8388,116.42,38
1786951545,0,8388,116.21,38
1786951546,0,8388,116.32,38
1786951547,0,8388,116.14,38
1786951549,0,8388,116.23,38
1786951550,0,8388,116.35,38
1786951551,0,8388,116.08,38
1786951552,0,8388,116.34,38
1786951553,0,8388,116.29,38
1786951554,0,8388,116.11,38
1786951555,0,8388,116.48,38
1786951556,0,8388,116.11,38
1786951557,0,8388,116.14,38
1786951558,0,8388,116.36,38
1786951559,0,8388,116.03,38
1786951560,0,8388,116.39,38
1786951561,0,8388,116.19,38
1786951562,0,8388,116.18,38
1786951564,0,8388,116.35,38
1786951565,0,8388,116.02,38
1786951566,0,8388,116.21,38
1786951567,0,8388,116.24,38
1786951568,0,8388,116.01,38
1786951569,0,8388,116.39,38
1786951570,99,8388,180.19,40
1786951571,99,8388,274.32,41
1786951572,99,8388,277.27,42
1786951573,99,8388,275.85,42
1786951574,99,8388,276.38,43
1786951575,98,8388,279.40,43
1786951576,99,8388,277.08,43
1786951578,99,8388,275.36,43
1786951579,99,8388,276.61,44
1786951580,99,8388,281.13,44
1786951581,99,8388,280.63,44
1786951582,98,8388,278.00,44
1786951583,98,8388,279.11,44
1786951584,99,8388,278.28,44
1786951585,99,8388,275.74,45
1786951586,99,8388,279.41,45
1786951587,99,8388,277.76,45
1786951588,98,8388,273.63,45
1786951589,98,8388,277.85,45
1786951590,99,8388,280.83,45
1786951592,99,8388,280.48,45
1786951593,99,8388,279.04,45
1786951594,99,8388,280.28,45
1786951595,99,8388,280.60,46
1786951596,98,8388,273.95,46
1786951597,99,8388,276.25,46
1786951598,99,8388,279.54,46
1786951599,99,8388,274.35,46
1786951600,99,8388,278.45,46
1786951601,99,8388,277.28,46
1786951602,98,8388,281.60,46
1786951603,99,8388,280.23,46
1786951605,99,8388,281.22,46
1786951606,99,8388,279.27,47
1786951607,99,8388,277.51,46
1786951608,99,8388,276.80,47
1786951609,98,8388,277.90,46
1786951610,98,8388,283.02,47
1786951611,99,8388,282.05,47
1786951612,99,8388,278.03,47
1786951613,99,8388,278.06,47
1786951614,99,8388,280.45,47
1786951615,99,8388,279.10,47
1786951616,98,8388,282.57,47
1786951617,99,8388,278.00,47
1786951618,99,8388,279.41,47
1786951620,99,8388,279.78,47
1786951621,99,8388,277.08,47
1786951622,99,8388,281.19,48
1786951623,98,8388,280.23,47
1786951624,99,8388,279.32,48
1786951625,99,8388,281.58,47
1786951626,99,8388,278.43,48
1786951627,99,8388,282.35,48
1786951628,99,8388,280.49,48
1786951629,98,8388,281.11,48
1786951630,98,8388,277.56,48
1786951631,99,8388,278.67,48
1786951633,99,8388,283.66,48
1786951634,99,8388,281.44,48
1786951635,99,8388,279.91,48
1786951636,99,8388,279.97,48
1786951637,98,8388,276.64,48
1786951638,99,8388,283.08,48
1786951639,99,8388,279.14,48
1786951640,99,8388,278.74,48
1786951641,99,8388,282.63,48
1786951642,99,8388,277.75,48
1786951643,98,8388,282.89,48
1786951644,99,8388,279.28,48
1786951645,99,8388,278.36,49
1786951647,99,8388,278.19,48
1786951648,99,8388,279.44,49
1786951649,99,8388,278.80,48
1786951650,99,8388,281.22,49
1786951651,98,8388,277.45,48
1786951652,99,8388,278.53,49
1786951653,99,8388,282.79,48
1786951654,99,8388,279.65,49
1786951655,99,8388,279.92,49
1786951656,99,8388,279.13,49
1786951657,99,8388,281.64,49
1786951658,98,8388,279.91,48
1786951659,99,8388,280.61,49
1786951661,99,8388,282.31,49
1786951662,99,8388,283.31,49
1786951663,99,8388,278.33,49
1786951664,99,8388,279.11,49
1786951665,99,8388,279.37,49
1786951666,99,8388,280.30,49
1786951667,98,8388,277.89,49
1786951668,98,8388,279.63,49
1786951669,99,8388,279.12,49
1786951670,99,8388,278.46,49
1786951671,99,8388,280.05,49
1786951672,99,8388,280.33,49
1786951673,99,8388,280.23,49
1786951675,99,8388,282.94,49
1786951676,98,8388,280.06,49
1786951677,98,8388,280.33,49
1786951678,99,8388,281.71,49
1786951679,99,8388,281.63,49
1786951680,99,8388,283.74,49
1786951681,99,8388,282.99,49
1786951682,99,8388,284.07,49
1786951683,99,8388,280.15,49
1786951684,98,8388,273.39,49
1786951685,1,8388,238.36,46
1786951686,100,8388,210.67,47
1786951687,100,8388,213.40,47
1786951689,100,8388,213.43,47
1786951690,100,8388,213.61,47
1786951691,100,8388,212.49,47
1786951692,100,8388,212.41,47
1786951693,100,8388,213.23,47
1786951694,100,8388,211.70,47
1786951695,100,8388,212.65,47
1786951696,100,8388,213.08,47
1786951697,100,8388,212.40,47
1786951698,100,8388,213.26,47
1786951699,100,8388,213.63,47
1786951701,100,8388,212.58,47
1786951702,100,8388,214.00,46
1786951703,100,8388,212.31,46
1786951704,100,8388,212.48,46
1786951705,100,8388,210.67,46
1786951706,100,8388,212.85,46
1786951707,100,8388,212.83,46
1786951708,100,8388,212.28,46
1786951709,100,8388,211.84,46
1786951710,100,8388,211.32,46
1786951711,100,8388,211.20,46
1786951712,100,8388,211.91,46
1786951713,100,8388,212.29,46
1786951715,100,8388,212.32,46
1786951716,100,8388,212.11,46
1786951717,100,8388,212.35,46
1786951718,100,8388,213.50,46
1786951719,100,8388,212.68,46
1786951720,100,8388,213.32,46
1786951721,100,8388,211.93,46
1786951722,100,8388,212.62,46
1786951723,100,8388,212.41,46
1786951724,100,8388,212.34,46
1786951725,100,8388,211.86,46
1786951727,100,8388,212.27,46
1786951728,100,8388,211.58,46
1786951729,100,8388,212.30,46
1786951730,100,8388,212.46,46
1786951731,100,8388,212.10,46
1786951732,100,8388,212.14,46
1786951733,100,8388,213.89,46
1786951734,100,8388,212.32,46
1786951735,100,8388,213.90,46
1786951736,100,8388,212.21,46
1786951737,100,8388,212.11,46
1786951738,100,8388,212.75,46
1786951740,100,8388,212.71,47
1786951741,100,8388,212.84,47
1786951742,100,8388,212.86,47
1786951743,100,8388,212.72,47
1786951744,100,8388,211.83,47
1786951745,100,8388,213.27,47
1786951746,100,8388,212.41,47
1786951747,100,8388,214.47,47
1786951748,100,8388,212.81,47
1786951749,100,8388,212.46,47
1786951750,100,8388,212.89,47
1786951752,100,8388,214.22,47
1786951753,100,8388,213.92,47
1786951754,100,8388,212.70,47
1786951755,100,8388,212.93,47
1786951756,100,8388,213.07,47
1786951757,100,8388,213.38,47
1786951758,100,8388,212.15,47
1786951759,100,8388,214.01,47
1786951760,100,8388,212.59,47
1786951761,100,8388,213.93,47
1786951762,100,8388,212.64,47
1786951764,100,8388,213.40,47
1786951765,100,8388,213.42,47
1786951766,100,8388,212.46,47
1786951767,100,8388,213.39,47
1786951768,100,8388,212.89,47
1786951769,100,8388,213.86,47
1786951770,100,8388,212.76,47
1786951771,100,8388,213.95,47
1786951772,100,8388,213.39,47
1786951773,100,8388,213.48,47
1786951774,100,8388,212.96,47
1786951776,100,8388,214.01,47
1786951777,100,8388,211.91,47
1786951778,100,8388,214.01,47
1786951779,100,8388,215.82,47
1786951780,100,8388,213.74,47
1786951781,100,8388,215.59,47
1786951782,100,8388,215.29,47
1786951783,100,8388,214.40,47
1786951784,100,8388,213.50,47
1786951785,100,8388,214.65,47
1786951786,100,8388,215.33,47
1786951787,100,8388,214.27,47
1786951789,100,8388,214.50,47
1786951790,100,8388,215.50,47
1786951791,100,8388,216.67,47
1786951792,100,8388,214.71,47
1786951793,100,8388,213.56,47
1786951794,100,8388,213.76,47
1786951795,100,8388,213.73,47
1786951796,100,8388,215.25,47
1786951797,100,8388,214.22,47
1786951798,100,8388,215.73,47
1786951800,100,8388,216.31,47
1786951801,100,8388,214.17,47
1786951802,100,8388,217.56,47
1786951803,100,8388,215.28,47
1786951804,100,8388,216.64,47
1786951805,100,8388,215.93,47
1786951806,100,8388,214.65,47
1786951807,100,8388,216.73,47
1786951808,100,8388,216.32,47
1786951809,100,8388,215.53,47
1786951810,100,8388,216.83,47
1786951812,100,8388,217.85,47
1786951813,100,8388,213.69,47
1786951814,100,8388,215.70,47
1786951815,100,8388,217.29,48
1786951816,100,8388,217.31,48
1786951817,100,8388,218.49,48
1786951818,100,8388,215.77,47
1786951819,100,8388,220.35,48
1786951820,100,8388,222.65,48
1786951821,100,8388,219.51,48
1786951822,100,8388,215.62,48
1786951823,100,8388,211.20,47
1786951825,99,8388,208.43,47
1786951826,100,8388,207.27,47
1786951827,100,8388,207.70,47
1786951828,100,8388,206.54,47
1786951829,97,8388,207.39,47
1786951830,100,8388,208.01,47
1786951831,100,8388,207.08,47
1786951832,100,8388,207.96,47
1786951833,100,8388,207.79,47
1786951834,100,8388,207.79,47
1786951835,100,8388,207.93,47
1786951836,100,8388,208.19,48
1786951838,100,8388,209.88,47
1786951839,100,8388,208.80,47
1786951840,100,8388,207.92,47
1786951841,100,8388,208.68,47
1786951842,100,8388,207.79,47
1786951843,100,8388,206.93,47
1786951844,100,8388,208.25,47
1786951845,100,8388,208.89,47
1786951846,100,8388,205.19,47
1786951847,100,8388,204.80,47
1786951848,100,8388,204.55,47
1786951850,100,8388,199.65,47
1786951851,100,8388,198.60,47
1786951852,100,8388,197.66,47
1786951853,100,8388,194.60,47
1786951854,100,8388,194.18,47
1786951855,100,8388,193.35,47
1786951856,100,8388,194.01,47
1786951857,100,8388,194.29,47
1786951858,100,8388,195.15,47
1786951859,100,8388,193.32,47
1786951860,100,8388,193.15,47
1786951861,100,8388,194.79,47
1786951863,100,8388,193.74,47
1786951864,100,8388,190.45,47
1786951865,100,8388,191.80,47
1786951866,100,8388,192.30,47
1786951867,100,8388,190.40,47
1786951868,100,8388,190.41,47
1786951869,100,8388,191.73,47
1786951870,100,8388,189.13,47
1786951871,100,8388,188.10,47
1786951872,100,8388,187.78,47
1786951873,100,8388,188.01,47
1786951875,100,8388,186.26,46
1786951876,100,8388,187.16,47
1786951877,100,8388,187.40,46
1786951878,100,8388,187.08,46
1786951879,100,8388,186.07,46
1786951880,100,8388,185.81,46
1786951881,100,8388,184.86,46
1786951882,100,8388,183.61,46
1786951883,100,8388,184.58,46
1786951884,100,8388,184.37,46
1786951885,100,8388,185.19,46
1786951886,100,8388,183.71,46
1786951888,100,8388,183.66,46
1786951889,100,8388,185.07,46
1786951890,100,8388,182.26,46
1786951891,100,8388,181.34,46
1786951892,100,8388,180.86,46
1786951893,100,8388,183.44,46
1786951894,100,8388,181.97,46
1786951895,100,8388,185.97,46
1786951896,100,8388,188.32,46
1786951897,100,8388,185.77,46
1786951898,100,8388,186.00,46
1786951900,100,8388,184.72,46
1786951901,100,8388,185.68,46
1786951902,100,8388,186.72,46
1786951903,100,8388,185.70,46
1786951904,100,8388,183.94,46
1786951905,100,8388,180.32,46
1786951906,100,8388,174.14,46
1786951907,100,8388,178.19,46
1786951908,100,8388,175.55,46
1786951909,99,8388,177.75,46
1786951910,100,8388,180.74,46
1786951911,100,8388,182.96,46
1786951913,100,8388,184.95,46
1786951914,100,8388,182.81,46
1786951915,100,8388,176.13,45
1786951916,100,8388,176.81,46
1786951917,100,8388,177.07,45
1786951918,100,8388,178.49,45
1786951919,100,8388,176.94,45
1786951920,100,8388,177.93,45
1786951921,100,8388,177.67,45
1786951922,100,8388,177.82,45
1786951923,100,8388,179.75,45
1786951925,100,8388,181.59,45
1786951926,100,8388,174.73,45
1786951927,100,8388,175.39,45
1786951928,100,8388,178.66,45
1786951929,100,8388,181.85,45
1786951930,100,8388,182.80,45
1786951931,100,8388,178.67,45
1786951932,100,8388,182.30,45
1786951933,100,8388,182.26,45
1786951934,100,8388,179.68,45
1786951935,100,8388,178.83,45
1786951936,100,8388,182.57,45
1786951938,100,8388,183.51,45
1786951939,100,8388,183.04,45
1786951940,100,8388,181.74,45
1786951941,100,8388,182.22,45
1786951942,100,8388,181.34,45
1786951943,100,8388,179.35,45
1786951944,100,8388,178.05,45
1786951945,100,8388,178.15,45
1786951946,100,8388,178.48,45
1786951947,100,8388,177.51,45
1786951948,100,8388,176.75,45
1786951950,100,8388,177.14,45
1786951951,100,8388,177.09,45
1786951952,100,8388,176.77,45
1786951953,100,8388,177.48,45
1786951954,100,8388,177.64,45
1786951955,100,8388,174.78,45
1786951956,100,8388,175.49,45
1786951957,100,8388,174.00,45
1786951958,100,8388,174.13,45
1786951959,100,8388,174.76,45
1786951960,100,8388,177.65,45
1786951961,100,8388,175.99,45
1786951963,100,8388,175.86,45
1786951964,100,8388,175.15,45
1786951965,100,8388,174.65,45
1786951966,100,8388,173.49,45
1786951967,100,8388,173.86,44
1786951968,100,8388,171.90,44
1786951969,100,8388,172.22,44
1786951970,100,8388,177.96,45
1786951971,100,8388,175.09,44
1786951972,100,8388,174.15,44
1786951973,100,8388,173.35,44
1786951974,100,8388,172.60,44
1786951976,100,8388,171.01,44
1786951977,100,8388,171.32,44
1786951978,100,8388,173.84,44
1786951979,100,8388,175.16,44
1786951980,100,8388,173.79,44
1786951981,100,8388,172.76,44
1786951982,100,8388,172.27,44
1786951983,100,8388,173.84,44
1786951984,100,8388,172.60,44
1786951985,100,8388,170.59,44
1786951986,100,8388,171.32,44
1786951987,100,8388,171.69,44
1786951989,100,8388,171.85,44
1786951990,100,8388,172.06,44
1786951991,100,8388,171.69,44
1786951992,100,8388,171.26,44
1786951993,100,8388,171.66,44
1786951994,100,8388,171.15,44
1786951995,100,8388,169.85,44
1786951996,100,8388,169.32,44
1786951997,100,8388,170.38,44
1786951998,100,8388,174.05,44
1786951999,100,8388,171.28,44
1786952000,100,8388,172.70,44
1786952002,100,8388,169.57,44
1786952003,100,8388,170.49,44
1786952004,100,8388,170.54,44
1786952005,100,8388,171.72,44
1786952006,100,8388,170.07,44
1786952007,100,8388,170.11,44
1786952008,100,8388,169.67,44
1786952009,100,8388,170.38,44
1786952010,100,8388,169.55,44
1786952011,99,8388,169.71,44
1786952012,100,8388,167.83,44
1786952013,100,8388,168.60,44
1786952015,100,8388,167.25,44
1786952016,100,8388,166.85,44
1786952017,100,8388,166.93,44
1786952018,100,8388,167.23,44
1786952019,100,8388,167.44,44
1786952020,100,8388,167.28,44
1786952021,100,8388,167.40,44
1786952022,100,8388,167.23,44
1786952023,100,8388,167.07,44
1786952024,100,8388,167.04,44
1786952025,100,8388,167.03,44
1786952026,100,8388,167.62,44
1786952028,100,8388,166.91,44
1786952029,100,8388,167.13,44
1786952030,100,8388,166.91,44
1786952031,100,8388,166.91,44
1786952032,100,8388,166.62,44
1786952033,100,8388,167.04,44
1786952034,100,8388,166.71,44
1786952035,100,8388,166.58,44
1786952036,100,8388,166.27,44
1786952037,100,8388,166.16,44
1786952038,100,8388,167.24,44
1786952040,100,8388,163.63,43
1786952041,99,8388,159.06,43
1786952042,99,8388,156.13,43
1786952043,99,8388,157.81,43
1786952044,99,8388,156.56,43
1786952045,98,8388,154.94,43
1786952046,49,8388,147.32,43
1786952047,49,8388,138.82,43
1786952048,49,8388,139.31,43
1786952049,50,8388,139.07,43
1786952050,49,8388,138.92,42
1786952052,49,8388,138.59,42
1786952053,49,8388,138.68,42
1786952054,49,8388,138.50,42
1786952055,49,8388,138.54,42
1786952056,49,8388,139.07,42
1786952057,49,8388,138.22,42
1786952058,48,8388,139.16,42
1786952059,48,8388,138.87,42
1786952060,49,8388,136.47,42
1786952061,50,8388,138.99,42
1786952062,49,8388,138.66,42
1786952063,49,8388,138.40,42
1786952066,49,8388,137.89,42
1786952068,48,8388,138.01,42
1786952069,48,8388,138.34,42
1786952070,0,8388,121.75,41
1786952072,0,8388,117.98,41
1786952073,0,8388,117.92,41
1786952074,0,8388,118.22,41
1786952076,0,8388,117.71,41
1786952077,0,8388,117.88,41
1786952078,0,8388,117.60,41
1786952079,0,8388,118.01,41
1786952080,0,8388,117.64,41
1786952081,0,8388,117.99,41
1786952082,0,8388,117.64,41
1786952083,0,8388,117.80,41
1786952084,0,8388,117.53,41
1786952085,0,8388,117.77,41
1786952086,0,8388,117.44,41
1786952087,0,8388,117.60,41
1786952088,0,8388,117.64,40
1786952090,0,8388,117.57,40
1786952091,0,8388,117.31,40
1786952092,0,8388,117.56,40
1786952093,0,8388,117.41,40
1786952094,0,8388,117.58,40
1786952095,0,8388,117.29,40
1786952096,0,8388,117.51,40
1786952097,0,8388,117.19,40
1786952098,0,8388,117.60,40
1786952099,0,8388,117.19,40
1786952100,0,8388,117.44,40
1786952101,0,8388,117.37,40
1786952102,0,8388,117.50,40
1786952104,0,8388,117.17,40
1786952105,0,8388,117.41,40
1786952106,0,8388,117.14,40
1786952107,0,8388,117.46,40
1786952108,0,8388,117.06,40
1786952109,0,8388,117.47,40
1786952110,0,8388,117.14,40
1786952111,0,8388,117.27,40
1786952112,0,8388,117.18,40
1786952113,0,8388,117.07,40
1786952114,0,8388,117.28,40
1786952115,0,8388,117.00,40
1786952116,0,8388,117.12,40
1786952117,0,8388,116.96,40
1786952119,0,8388,117.25,40
1786952120,0,8388,116.96,40
1786952121,0,8388,117.25,40
1786952122,0,8388,116.96,40
1786952123,0,8388,117.05,40
1786952124,0,8388,116.96,40
1786952125,0,8388,117.00,40
1786952126,0,8388,116.97,39
1786952127,0,8388,116.88,39
1786952128,0,8388,117.28,39
1786952129,0,8388,116.89,39
1786952130,0,8388,117.00,39
1786952131,0,8388,116.81,39
1786952133,0,8388,117.09,39
1786952134,0,8388,116.79,39
1786952135,0,8388,116.89,39
1786952136,0,8388,117.05,39
1786952137,0,8388,116.81,39
1786952138,0,8388,116.99,39
1786952139,0,8388,116.78,39
1786952140,0,8388,116.96,39
1786952141,0,8388,116.84,39
1786952142,0,8388,116.86,39
1786952143,0,8388,116.78,39
1786952144,0,8388,116.65,39
1786952145,0,8388,116.99,39
1786952147,0,8388,116.64,39
1786952148,0,8388,116.85,39
1786952149,0,8388,116.91,39
1786952150,0,8388,116.69,39
1786952151,0,8388,116.75,39
1786952152,0,8388,116.59,39
1786952153,0,8388,116.95,39
1786952154,0,8388,116.72,39
1786952155,0,8388,116.82,39
1786952156,0,8388,116.85,39
1786952157,0,8388,116.61,39
1786952158,0,8388,116.89,39
1786952159,0,8388,116.56,39
1786952160,0,8388,116.64,39
1786952162,0,8388,116.72,39
1786952163,0,8388,116.50,39
1786952164,0,8388,116.87,39
1786952165,0,8388,116.50,39
1786952166,0,8388,116.72,39
1786952167,0,8388,116.92,39
1786952168,0,8388,116.71,39
1786952169,0,8388,116.88,39
1786952170,0,8388,116.51,39
1786952171,0,8388,116.72,39
1786952172,0,8388,116.72,39
1786952173,0,8388,116.41,39
1786952174,0,8388,116.72,39
1786952175,0,8388,116.59,39
1786952177,0,8388,116.47,39
1786952178,0,8388,116.58,39
1786952179,0,8388,116.53,39
1786952180,0,8388,116.69,39
1786952181,0,8388,116.57,39
1786952182,0,8388,116.51,39
1786952183,0,8388,116.71,39
1786952184,0,8388,116.44,39
1786952185,0,8388,116.58,39
1786952186,0,8388,116.72,39
1786952187,0,8388,116.54,39
1786952188,0,8388,116.72,39
1786952189,0,8388,116.50,39
1786952191,0,8388,116.47,39
1786952192,0,8388,116.75,39
1786952193,0,8388,116.45,39
1786952194,0,8388,116.58,39
1786952195,0,8388,116.60,39
1786952196,0,8388,116.42,39
1786952197,0,8388,116.55,39
1786952198,0,8388,116.45,39
1786952199,0,8388,116.54,39
1786952200,0,8388,116.56,39
1786952201,0,8388,116.35,39
1786952202,0,8388,116.54,39
1786952203,0,8388,116.35,39
1786952205,0,8388,116.27,38
1786952206,0,8388,116.54,38
1786952207,0,8388,116.35,38
1786952208,0,8388,116.38,38
1786952209,0,8388,116.65,38
1786952210,0,8388,116.35,38
1786952211,0,8388,116.39,38
1786952212,0,8388,116.56,38
1786952213,0,8388,116.29,38
1786952214,0,8388,116.46,38
1786952215,0,8388,116.35,38
1786952216,0,8388,116.23,38
1786952217,0,8388,116.41,38
1786952218,0,8388,116.45,38
1786952220,0,8388,116.35,38
1786952221,0,8388,116.60,38
1786952222,0,8388,116.35,38
1786952223,0,8388,116.26,38
1786952224,0,8388,116.57,38
1786952225,0,8388,116.30,38
1786952226,0,8388,116.38,38
1786952227,0,8388,116.55,38
1786952228,0,8388,116.27,38
1786952229,0,8388,116.35,38
1786952230,0,8388,116.48,38
1786952231,0,8388,116.17,38
1786952232,0,8388,116.35,38
1786952234,0,8388,116.42,38
1786952235,0,8388,116.17,38
1786952236,0,8388,116.28,38
1786952237,0,8388,116.34,38
1786952238,0,8388,116.18,38
1786952239,97,8388,165.40,41
1786952240,99,8388,278.06,42
1786952241,99,8388,274.75,42
1786952242,99,8388,278.18,43
1786952243,99,8388,278.32,43
1786952244,98,8388,271.27,43
1786952245,98,8388,275.73,44
1786952246,99,8388,281.77,44
1786952247,99,8388,277.55,44
1786952249,99,8388,278.73,44
1786952250,99,8388,275.52,44
1786952251,99,8388,281.92,45
1786952252,98,8388,273.61,45
1786952253,99,8388,276.31,45
1786952254,99,8388,279.40,45
1786952255,99,8388,282.17,45
1786952256,99,8388,279.57,45
1786952257,99,8388,276.74,45
1786952258,98,8388,274.04,45
1786952259,98,8388,280.09,45
1786952260,99,8388,282.63,46
1786952262,99,8388,280.27,46
1786952263,99,8388,274.29,46
1786952264,99,8388,274.69,46
1786952265,99,8388,278.66,46
1786952266,98,8388,280.55,46
1786952267,99,8388,282.49,46
1786952268,99,8388,276.67,46
1786952269,99,8388,275.80,46
1786952270,99,8388,282.92,47
1786952271,98,8388,280.32,46
1786952272,98,8388,281.31,47
1786952273,98,8388,274.75,47
1786952274,99,8388,277.14,47
1786952276,99,8388,279.55,47
1786952277,99,8388,276.58,47
1786952278,99,8388,283.00,47
1786952279,99,8388,277.97,47
1786952280,99,8388,277.23,47
1786952281,99,8388,281.96,47
1786952282,99,8388,282.96,47
1786952283,99,8388,281.03,47
1786952284,99,8388,275.08,48
1786952285,98,8388,280.46,47
1786952286,98,8388,281.46,48
1786952287,98,8388,276.08,47
1786952288,99,8388,282.72,48
1786952290,99,8388,275.09,48
1786952291,99,8388,279.59,48
1786952292,99,8388,278.83,48
1786952293,98,8388,282.34,48
1786952294,99,8388,280.99,48
1786952295,99,8388,286.49,48
1786952296,99,8388,282.37,48
1786952297,99,8388,280.30,48
1786952298,98,8388,279.42,48
1786952299,98,8388,280.59,48
1786952300,98,8388,283.43,48
1786952301,99,8388,278.68,48
1786952303,99,8388,281.13,48
1786952304,99,8388,278.50,48
1786952305,99,8388,283.28,48
1786952306,99,8388,274.12,48
1786952307,99,8388,281.60,48
1786952308,99,8388,277.14,48
1786952309,99,8388,278.91,48
1786952310,99,8388,281.81,49
1786952311,99,8388,283.18,48
1786952312,99,8388,279.41,48
1786952313,98,8388,283.15,49
1786952314,98,8388,281.52,48
1786952315,99,8388,280.11,49
1786952316,99,8388,281.87,49
1786952318,99,8388,278.06,49
1786952319,99,8388,279.78,49
1786952320,99,8388,277.27,49
1786952321,99,8388,282.61,49
1786952322,98,8388,278.67,49
1786952323,98,8388,279.45,49
1786952324,99,8388,277.90,49
1786952325,99,8388,280.39,49
1786952326,99,8388,282.11,49
1786952327,99,8388,277.32,49
1786952328,99,8388,280.95,49
1786952329,99,8388,278.95,49
1786952330,98,8388,283.60,49
1786952332,98,8388,277.79,49
1786952333,99,8388,279.68,49
1786952334,99,8388,280.22,49
1786952335,99,8388,282.94,49
1786952336,99,8388,279.80,49
1786952337,99,8388,277.20,49
1786952338,99,8388,280.99,49
1786952339,98,8388,280.76,49
1786952340,98,8388,281.55,49
1786952341,99,8388,277.24,49
1786952342,99,8388,279.30,49
1786952343,99,8388,278.27,49
1786952344,99,8388,283.18,49
1786952346,99,8388,280.65,49
1786952347,99,8388,280.39,49
1786952348,99,8388,279.23,49
1786952349,98,8388,279.39,49
1786952350,99,8388,283.19,49
1786952351,99,8388,281.25,49
1786952352,99,8388,278.47,49
1786952353,99,8388,280.61,49
1786952354,99,8388,271.20,48
1786952355,71,8388,176.07,47
1786952356,72,8388,176.09,46
1786952357,70,8388,175.45,46
1786952358,71,8388,174.00,46
1786952359,71,8388,174.84,46
1786952361,70,8388,174.00,46
1786952362,71,8388,175.36,46
1786952363,69,8388,173.32,45
1786952364,69,8388,174.67,45
1786952365,71,8388,173.93,45
1786952366,51,8388,159.26,45
1786952367,52,8388,159.36,44
1786952368,72,8388,161.16,45
1786952369,69,8388,173.90,45
1786952370,70,8388,174.27,45
1786952371,70,8388,173.22,45
1786952372,67,8388,173.64,45
1786952373,69,8388,173.09,45
1786952374,70,8388,172.08,44
1786952376,69,8388,173.94,44
1786952377,72,8388,173.95,44
1786952378,69,8388,169.82,44
1786952379,70,8388,173.49,44
1786952380,72,8388,173.15,44
1786952381,67,8388,172.54,44
1786952382,64,8388,171.53,44
1786952383,67,8388,173.37,44
1786952384,68,8388,172.21,44
1786952385,65,8388,168.93,44
1786952386,64,8388,172.41,44
1786952387,70,8388,171.09,44
1786952388,63,8388,168.71,44
1786952390,68,8388,172.93,44
1786952391,67,8388,170.58,43
1786952392,67,8388,171.81,43
1786952393,43,8388,169.18,43
1786952394,65,8388,169.44,43
1786952395,71,8388,173.31,43
1786952396,69,8388,171.33,43
1786952397,68,8388,170.30,43
1786952398,70,8388,170.52,43
1786952399,66,8388,168.34,43
1786952400,66,8388,172.38,43
1786952401,68,8388,171.64,43
1786952402,71,8388,171.16,43
1786952404,70,8388,172.75,43
1786952405,69,8388,171.40,43
1786952406,69,8388,172.61,43
1786952407,68,8388,171.42,43
1786952408,67,8388,170.61,43
1786952409,70,8388,172.51,43
1786952410,67,8388,172.14,43
1786952411,68,8388,172.42,43
1786952412,68,8388,171.61,43
1786952413,65,8388,168.91,43
1786952414,72,8388,173.34,43
1786952415,69,8388,170.69,43
1786952416,69,8388,172.57,43
1786952417,69,8388,170.18,43
1786952419,67,8388,172.91,43
1786952420,71,8388,173.33,43
1786952421,69,8388,172.57,43
1786952422,69,8388,168.03,42
1786952423,69,8388,170.76,42
1786952424,66,8388,168.58,42
1786952425,70,8388,171.47,42
1786952426,71,8388,172.81,42
1786952427,69,8388,171.50,42
1786952428,70,8388,172.96,42
1786952429,71,8388,169.78,42
1786952430,69,8388,172.21,42
1786952432,71,8388,173.84,42
1786952433,67,8388,171.41,42
1786952434,68,8388,171.94,42
1786952435,72,8388,172.82,42
1786952436,69,8388,171.46,42
1786952437,68,8388,171.65,42
1786952438,69,8388,172.08,42
1786952439,69,8388,172.20,42
1786952440,70,8388,172.92,42
1786952441,65,8388,169.93,42
1786952442,70,8388,171.81,42
1786952443,71,8388,172.80,42
1786952444,68,8388,171.96,42
1786952446,70,8388,170.49,42
1786952447,66,8388,169.72,42
1786952448,70,8388,168.88,42
1786952449,43,8388,170.91,42
1786952450,70,8388,169.27,42
1786952451,68,8388,171.71,42
1786952452,67,8388,171.95,42
1786952453,70,8388,170.86,42
1786952454,66,8388,170.52,42
1786952455,71,8388,171.40,42
1786952456,66,8388,171.93,42
1786952457,67,8388,170.46,42
1786952458,48,8388,166.13,42
1786952459,75,8388,167.27,42
1786952461,0,8388,147.01,41
1786952462,72,8388,165.80,41
1786952463,21,8388,151.19,41
1786952464,75,8388,154.16,41
1786952465,67,8388,165.24,41
1786952466,75,8388,144.43,41
1786952467,72,8388,165.13,41
1786952468,75,8388,142.24,41
1786952469,72,8388,165.30,41
1786952470,71,8388,143.23,41
1786952471,72,8388,164.71,41
1786952472,0,8388,143.24,41
1786952473,61,8388,162.45,41
1786952475,40,8388,132.29,41
1786952476,61,8388,157.94,41
1786952477,1,8388,134.71,40
1786952478,74,8388,148.48,41
1786952479,76,8388,169.01,41
1786952480,74,8388,167.92,41
1786952481,74,8388,168.53,41
1786952482,74,8388,167.30,41
1786952483,73,8388,169.10,41
1786952484,76,8388,168.43,41
1786952485,74,8388,163.92,41
1786952486,76,8388,167.95,41
1786952487,74,8388,166.58,41
1786952488,74,8388,167.27,41
1786952490,69,8388,165.19,41
1786952491,74,8388,166.17,41
1786952492,69,8388,163.18,41
1786952493,72,8388,163.24,41
1786952494,62,8388,160.39,41
1786952495,75,8388,158.86,41
1786952496,61,8388,154.40,41
1786952497,57,8388,154.53,40
1786952498,49,8388,142.51,40
1786952499,50,8388,136.30,40
1786952500,73,8388,161.45,41
1786952501,74,8388,166.96,41
1786952503,76,8388,166.50,41
1786952504,73,8388,166.20,41
1786952505,76,8388,166.80,41
1786952506,73,8388,166.60,41
1786952507,74,8388,166.74,41
1786952508,86,8388,150.81,40
1786952509,75,8388,164.19,40
1786952510,76,8388,155.46,41
1786952511,84,8388,160.03,40
1786952512,76,8388,158.28,41
1786952513,86,8388,157.54,40
1786952514,70,8388,168.40,41
1786952515,84,8388,153.69,40
1786952516,81,8388,161.10,40
1786952518,63,8388,153.75,40
1786952519,69,8388,170.39,41
1786952520,70,8388,169.81,41
1786952521,68,8388,171.37,41
1786952522,69,8388,170.80,41
1786952523,62,8388,168.89,41
1786952524,63,8388,160.14,41
1786952525,58,8388,158.85,40
1786952526,57,8388,149.39,40
1786952527,50,8388,145.78,40
1786952528,49,8388,137.07,40
1786952529,50,8388,137.43,40
1786952530,49,8388,136.73,40
1786952531,50,8388,137.23,40
1786952533,50,8388,137.07,40
1786952534,50,8388,137.96,40
1786952535,50,8388,137.34,39
1786952536,50,8388,137.71,39
1786952537,50,8388,137.72,39
1786952538,50,8388,137.15,39
1786952539,50,8388,136.91,39
1786952540,4,8388,131.57,39
1786952541,100,8388,191.37,41
1786952542,100,8388,208.99,41
1786952543,100,8388,209.57,41
1786952544,100,8388,209.32,42
1786952546,100,8388,208.74,42
1786952547,100,8388,209.57,42
1786952548,100,8388,211.95,42
1786952549,100,8388,209.24,42
1786952550,100,8388,209.95,42
1786952551,100,8388,209.07,42
1786952552,100,8388,209.10,42
1786952553,100,8388,208.38,42
1786952554,100,8388,210.21,42
1786952555,100,8388,209.21,42
1786952556,100,8388,210.25,42
1786952557,100,8388,209.07,42
1786952559,100,8388,210.76,42
1786952560,100,8388,211.02,43
1786952561,100,8388,209.54,43
1786952562,100,8388,209.76,43
1786952563,100,8388,210.82,43
1786952564,100,8388,210.14,43
1786952565,100,8388,210.67,43
1786952566,100,8388,210.61,43
1786952567,100,8388,209.93,43
1786952568,100,8388,210.61,43
1786952570,100,8388,210.36,43
1786952571,100,8388,209.64,43
1786952572,100,8388,210.69,43
1786952573,100,8388,210.09,43
1786952574,100,8388,210.89,43
1786952575,100,8388,210.86,43
1786952576,100,8388,211.34,43
1786952577,100,8388,211.23,43
1786952578,100,8388,211.10,44
1786952579,100,8388,210.67,44
1786952580,100,8388,210.83,44
1786952581,100,8388,211.07,44
1786952583,100,8388,210.79,44
1786952584,100,8388,211.02,44
1786952585,100,8388,211.65,44
1786952586,100,8388,210.89,44
1786952587,100,8388,210.77,44
1786952588,100,8388,210.93,44
1786952589,100,8388,211.40,44
1786952590,100,8388,211.64,44
1786952591,100,8388,210.79,44
1786952592,100,8388,211.75,44
1786952593,100,8388,210.52,44
1786952595,100,8388,211.54,44
1786952596,100,8388,212.17,44
1786952597,100,8388,210.73,44
1786952598,100,8388,211.90,44
1786952599,100,8388,211.93,44
1786952600,100,8388,211.30,44
1786952601,100,8388,211.17,44
1786952602,100,8388,212.14,45
1786952603,100,8388,212.42,45
1786952604,100,8388,212.18,45
1786952605,100,8388,211.93,45
1786952606,100,8388,211.64,45
1786952608,100,8388,211.26,45
1786952609,100,8388,212.29,45
1786952610,100,8388,211.90,45
1786952611,100,8388,212.78,45
1786952612,100,8388,211.64,45
1786952613,100,8388,211.99,45
1786952614,100,8388,212.11,45
1786952615,100,8388,212.64,45
1786952616,100,8388,212.66,45
1786952617,100,8388,211.44,45
1786952618,100,8388,212.35,45
1786952620,100,8388,211.28,45
1786952621,100,8388,211.78,45
1786952622,100,8388,212.08,45
1786952623,100,8388,211.77,45
1786952624,100,8388,211.71,45
1786952625,100,8388,212.77,45
1786952626,100,8388,213.15,45
1786952627,100,8388,212.05,45
1786952628,100,8388,212.32,45
1786952629,100,8388,212.02,45
1786952630,100,8388,212.38,45
1786952631,100,8388,213.03,46
1786952633,100,8388,213.09,46
1786952634,100,8388,213.30,46
1786952635,100,8388,212.64,46
1786952636,100,8388,213.85,46
1786952637,100,8388,212.25,46
1786952638,100,8388,212.10,46
1786952639,100,8388,212.42,46
1786952640,100,8388,212.60,46
1786952641,100,8388,212.84,46
1786952642,100,8388,213.86,46
1786952643,100,8388,213.65,46
1786952645,100,8388,213.58,46
1786952646,100,8388,212.88,46
1786952647,100,8388,214.11,46
1786952648,100,8388,211.33,46
1786952649,100,8388,213.21,46
1786952650,100,8388,213.35,46
1786952651,100,8388,213.63,46
1786952652,100,8388,212.94,46
1786952653,100,8388,212.07,46
1786952654,100,8388,215.85,46
1786952655,100,8388,213.93,46
1786952657,100,8388,214.19,46
1786952658,100,8388,213.21,46
1786952659,100,8388,213.22,46
1786952660,100,8388,214.63,46
1786952661,100,8388,214.15,46
1786952662,100,8388,214.35,46
1786952663,100,8388,213.03,46
1786952664,100,8388,214.16,46
1786952665,100,8388,213.68,46
1786952666,100,8388,213.50,46
1786952667,99,8388,213.55,46
1786952669,100,8388,214.59,46
1786952670,100,8388,217.55,46
1786952671,100,8388,214.67,46
1786952672,100,8388,216.29,46
1786952673,100,8388,216.23,47
1786952674,100,8388,216.09,47
1786952675,100,8388,219.14,47
1786952676,100,8388,224.35,47
1786952677,98,8388,213.25,47
1786952678,100,8388,207.45,46
1786952680,100,8388,205.30,46
1786952681,100,8388,205.23,46
1786952682,100,8388,208.78,47
1786952683,100,8388,206.07,47
1786952684,100,8388,205.43,47
1786952685,100,8388,202.55,47
1786952686,100,8388,203.45,47
1786952687,100,8388,207.42,47
1786952688,100,8388,208.46,47
1786952689,100,8388,207.42,47
1786952690,100,8388,207.83,47
1786952691,100,8388,207.63,47
1786952693,100,8388,207.23,47
1786952694,100,8388,208.02,47
1786952695,100,8388,207.63,47
1786952696,100,8388,206.55,47
1786952697,100,8388,206.75,47
1786952698,100,8388,206.88,47
1786952699,100,8388,204.63,47
1786952700,100,8388,201.90,47
1786952701,100,8388,199.01,46
1786952702,100,8388,195.97,46
1786952703,100,8388,191.05,46
1786952704,100,8388,190.01,46
1786952706,100,8388,189.43,46
1786952707,100,8388,187.82,46
1786952708,100,8388,188.13,46
1786952709,100,8388,184.76,46
1786952710,100,8388,180.47,46
1786952711,100,8388,181.63,46
1786952712,100,8388,180.72,46
1786952713,100,8388,182.50,46
1786952714,100,8388,181.31,46
1786952715,100,8388,181.56,46
1786952716,100,8388,182.07,46
1786952717,100,8388,180.51,46
1786952719,100,8388,182.76,46
1786952720,100,8388,182.52,46
1786952721,100,8388,183.13,46
1786952722,100,8388,181.21,46
1786952723,100,8388,182.37,46
1786952724,100,8388,180.74,46
1786952725,100,8388,182.68,46
1786952726,100,8388,181.69,46
1786952727,100,8388,182.60,46
1786952728,100,8388,182.20,45
1786952729,100,8388,182.86,45
1786952731,100,8388,182.01,45
1786952732,100,8388,181.54,45
1786952733,100,8388,180.88,45
1786952734,100,8388,181.29,46
1786952735,100,8388,184.77,45
1786952736,100,8388,184.95,45
1786952737,100,8388,184.76,46
1786952738,100,8388,186.13,45
1786952739,100,8388,184.43,45
1786952740,100,8388,185.17,45
1786952741,100,8388,183.63,45
1786952742,99,8388,183.68,45
1786952744,100,8388,182.66,45
1786952745,100,8388,181.43,45
1786952746,100,8388,177.71,45
1786952747,100,8388,176.85,45
1786952748,100,8388,178.96,45
1786952749,100,8388,176.10,45
1786952750,100,8388,176.68,45
1786952751,100,8388,176.44,45
1786952752,100,8388,178.73,45
1786952753,100,8388,179.43,45
1786952754,100,8388,177.48,45
1786952755,100,8388,179.95,45
1786952756,100,8388,183.45,45
1786952758,100,8388,178.22,45
1786952759,100,8388,178.93,45
1786952760,100,8388,179.30,45
1786952761,100,8388,178.34,45
1786952762,100,8388,178.60,45
1786952763,100,8388,181.46,45
1786952764,100,8388,180.32,45
1786952765,100,8388,179.47,45
1786952766,100,8388,180.18,45
1786952767,100,8388,178.39,45
1786952768,100,8388,181.73,45
1786952770,100,8388,177.43,45
1786952771,100,8388,173.91,45
1786952772,100,8388,174.65,45
1786952773,100,8388,174.62,45
1786952774,100,8388,173.86,45
1786952775,100,8388,170.72,44
1786952776,100,8388,170.28,45
1786952777,100,8388,172.19,45
1786952778,100,8388,170.54,44
1786952779,100,8388,170.77,44
1786952780,100,8388,170.40,44
1786952781,100,8388,169.43,44
1786952783,100,8388,169.79,44
1786952784,100,8388,168.03,44
1786952785,100,8388,171.20,44
1786952786,100,8388,168.14,44
1786952787,100,8388,169.26,44
1786952788,100,8388,170.19,44
1786952789,100,8388,170.74,44
1786952790,100,8388,172.70,44
1786952791,100,8388,177.27,44
1786952792,100,8388,181.05,45
1786952793,100,8388,187.88,45
1786952794,100,8388,185.05,45
1786952796,100,8388,184.27,45
1786952797,100,8388,186.51,45
1786952798,100,8388,186.44,45
1786952799,100,8388,183.98,45
1786952800,100,8388,182.40,45
1786952801,100,8388,183.81,45
1786952802,100,8388,179.29,45
1786952803,100,8388,179.16,45
1786952804,100,8388,179.01,45
1786952805,100,8388,178.89,45
1786952806,100,8388,178.15,45
1786952807,100,8388,178.71,45
1786952809,100,8388,178.59,45
1786952810,100,8388,181.52,45
1786952811,100,8388,182.96,45
1786952812,100,8388,183.61,45
1786952813,100,8388,182.44,45
1786952814,100,8388,184.50,45
1786952815,100,8388,182.27,45
1786952816,100,8388,180.34,45
1786952817,100,8388,179.60,45
1786952818,100,8388,179.43,45
1786952819,100,8388,178.56,45
1786952821,100,8388,176.81,44
1786952822,100,8388,174.39,44
1786952823,100,8388,173.16,44
1786952824,100,8388,174.11,44
1786952825,100,8388,172.30,44
1786952826,100,8388,173.74,44
1786952827,100,8388,174.81,44
1786952828,100,8388,171.87,44
1786952829,100,8388,172.94,44
1786952830,100,8388,172.06,44
1786952831,100,8388,171.58,44
1786952832,100,8388,170.85,44
1786952834,100,8388,173.07,44
1786952835,100,8388,173.44,44
1786952836,100,8388,172.06,44
1786952837,100,8388,168.86,44
1786952838,100,8388,171.08,44
1786952839,100,8388,169.37,44
1786952840,100,8388,170.44,44
1786952841,100,8388,170.58,44
1786952842,100,8388,167.67,44
1786952843,100,8388,167.38,44
1786952844,100,8388,168.29,44
1786952845,100,8388,170.91,44
1786952847,100,8388,169.18,44
1786952848,100,8388,170.47,44
1786952849,100,8388,169.33,44
1786952850,100,8388,169.52,44
1786952851,100,8388,168.54,44
1786952852,100,8388,167.10,44
1786952853,100,8388,167.44,44
1786952854,100,8388,167.58,44
1786952855,100,8388,166.93,44
1786952856,100,8388,166.79,44
1786952857,100,8388,166.70,44
1786952858,100,8388,166.54,44
1786952860,100,8388,166.63,44
1786952861,100,8388,166.93,44
1786952862,100,8388,167.38,44
1786952863,100,8388,167.56,44
1786952864,100,8388,166.90,44
1786952865,100,8388,166.83,44
1786952866,100,8388,167.16,43
1786952867,100,8388,167.22,43
1786952868,100,8388,167.25,43
1786952869,100,8388,167.25,43
1786952871,100,8388,167.14,43
1786952872,100,8388,167.48,43
1786952873,100,8388,167.04,43
1786952874,100,8388,167.37,43
1786952875,100,8388,167.56,43
1786952876,100,8388,167.19,43
1786952877,100,8388,167.04,43
1786952878,100,8388,167.03,43
1786952879,100,8388,167.34,43
1786952880,100,8388,167.01,43
1786952881,100,8388,166.88,43
1786952882,100,8388,167.08,43
1786952884,100,8388,167.21,43
1786952885,100,8388,166.47,43
1786952886,100,8388,167.34,43
1786952887,100,8388,167.07,43
1786952888,100,8388,167.25,43
1786952889,100,8388,166.69,43
1786952890,100,8388,166.86,43
1786952891,100,8388,166.91,43
1786952892,100,8388,166.39,43
1786952893,100,8388,166.83,43
1786952895,100,8388,167.14,43
1786952896,100,8388,166.72,43
1786952897,100,8388,167.17,43
1786952898,100,8388,167.07,43
1786952899,100,8388,166.80,43
1786952900,100,8388,166.90,43
1786952901,100,8388,165.75,43
1786952902,100,8388,166.70,43
1786952903,100,8388,166.77,43
1786952904,100,8388,166.77,43
1786952905,100,8388,167.10,43
1786952906,100,8388,166.90,43
1786952908,100,8388,167.35,43
1786952909,100,8388,166.87,43
1786952910,100,8388,167.03,43
1786952911,100,8388,166.62,43
1786952912,100,8388,166.75,43
1786952913,100,8388,166.80,43
1786952914,100,8388,166.40,43
1786952915,100,8388,166.49,43
1786952916,100,8388,166.23,43
1786952917,100,8388,165.87,43
1786952918,100,8388,166.39,43
1786952919,100,8388,166.46,43
1786952921,100,8388,166.06,43
1786952922,100,8388,166.74,43
1786952923,100,8388,166.00,43
1786952924,100,8388,166.87,43
1786952925,100,8388,166.62,43
1786952926,100,8388,166.57,43
1786952927,100,8388,166.41,43
1786952928,100,8388,166.68,43
1786952929,100,8388,166.73,43
1786952930,100,8388,166.98,43
1786952931,100,8388,165.44,43
1786952932,100,8388,165.92,43
1786952934,100,8388,165.63,43
1786952935,100,8388,164.86,43
1786952936,100,8388,165.48,43
1786952937,100,8388,165.33,43
1786952938,100,8388,164.41,43
1786952939,100,8388,164.85,43
1786952940,100,8388,163.40,43
1786952941,100,8388,161.56,42
1786952942,100,8388,161.68,42
1786952943,98,8388,155.88,42
1786952944,98,8388,155.70,42
1786952945,99,8388,154.96,42
1786952946,99,8388,155.32,42
1786952948,97,8388,155.30,42
1786952949,96,8388,153.14,42
1786952950,49,8388,138.90,42
1786952951,49,8388,138.17,42
1786952952,49,8388,138.39,42
1786952953,49,8388,138.25,41
1786952954,49,8388,138.60,41
1786952955,49,8388,137.89,41
1786952956,49,8388,138.02,41
1786952957,49,8388,138.11,41
1786952958,49,8388,138.59,41
1786952959,49,8388,137.81,41
1786952961,49,8388,138.26,41
1786952962,49,8388,137.68,41
1786952963,49,8388,138.79,41
1786952964,49,8388,138.04,41
1786952965,49,8388,137.88,41
1786952966,49,8388,138.39,41
1786952967,49,8388,138.24,41
1786952968,49,8388,137.99,41
1786952969,50,8388,137.96,41
1786952970,49,8388,137.46,41
1786952971,50,8388,138.20,41
1786952972,50,8388,138.08,41
1786952973,49,8388,138.16,41
1786952974,50,8388,137.70,41
1786952976,49,8388,137.77,41
1786952977,49,8388,137.90,41
1786952978,49,8388,137.68,41
1786952979,49,8388,138.09,41
1786952980,49,8388,137.90,41
1786952981,49,8388,137.47,41
1786952982,49,8388,137.48,41
1786952983,49,8388,137.82,40
1786952984,49,8388,137.53,40
1786952985,49,8388,137.81,40
1786952986,49,8388,137.22,40
1786952987,49,8388,137.74,40
1786952988,50,8388,137.24,40
1786952990,49,8388,137.70,40
1786952991,49,8388,137.21,40
1786952992,49,8388,137.54,40
1786952993,49,8388,137.41,40
1786952994,49,8388,137.65,40
1786952995,50,8388,137.88,40
1786952996,48,8388,138.08,40
1786952997,49,8388,137.71,40
1786952998,45,8388,135.42,41
1786952999,99,8388,274.65,43
1786953000,99,8388,275.60,44
1786953001,98,8388,280.05,44
1786953002,98,8388,281.23,45
1786953004,99,8388,278.47,45
1786953005,99,8388,277.42,45
1786953006,99,8388,276.66,45
1786953007,99,8388,279.74,45
1786953008,99,8388,274.93,45
1786953009,99,8388,282.71,46
1786953010,99,8388,280.06,45
1786953011,99,8388,280.86,46
1786953012,99,8388,276.46,46
1786953013,99,8388,275.76,46
1786953014,98,8388,280.82,46
1786953016,98,8388,276.50,46
1786953017,99,8388,275.91,46
1786953018,99,8388,279.10,46
1786953019,99,8388,282.67,46
1786953020,99,8388,278.84,46
1786953021,99,8388,277.75,47
1786953022,99,8388,276.28,47
1786953023,99,8388,282.29,47
1786953024,99,8388,278.49,47
1786953025,99,8388,278.84,47
1786953026,99,8388,281.93,47
1786953027,98,8388,279.69,47
1786953028,98,8388,284.07,47
1786953030,98,8388,277.85,47
1786953031,99,8388,279.62,47
1786953032,99,8388,281.74,47
1786953033,99,8388,280.63,47
1786953034,99,8388,280.37,47
1786953035,99,8388,281.53,47
1786953036,99,8388,282.93,48
1786953037,99,8388,276.16,47
1786953038,99,8388,276.01,48
1786953039,99,8388,280.79,48
1786953040,99,8388,277.36,48
1786953041,98,8388,281.40,48
1786953043,98,8388,282.48,48
1786953044,99,8388,278.91,48
1786953045,99,8388,278.64,48
1786953046,99,8388,282.50,48
1786953047,99,8388,279.48,48
1786953048,99,8388,280.85,48
1786953049,99,8388,280.19,48
1786953050,99,8388,280.52,48
1786953051,99,8388,281.62,48
1786953052,99,8388,280.37,48
1786953053,99,8388,281.35,48
1786953054,98,8388,281.66,48
1786953055,98,8388,280.61,48
1786953057,98,8388,277.72,48
1786953058,99,8388,283.29,49
1786953059,99,8388,280.48,48
1786953060,99,8388,278.73,49
1786953061,99,8388,280.75,49
1786953062,98,8388,281.46,49
1786953063,99,8388,276.83,48
1786953064,99,8388,282.49,49
1786953065,99,8388,280.39,49
1786953066,99,8388,278.90,49
1786953067,99,8388,279.81,49
1786953068,99,8388,280.59,49
1786953069,99,8388,282.91,49
1786953071,99,8388,278.19,49
1786953072,99,8388,278.30,49
1786953073,99,8388,282.00,49
1786953074,99,8388,277.13,49
1786953075,99,8388,278.99,49
1786953076,99,8388,278.02,49
1786953077,99,8388,278.36,49
1786953078,99,8388,285.08,49
1786953079,98,8388,277.54,49
1786953080,98,8388,280.22,49
1786953081,99,8388,278.09,49
1786953082,99,8388,280.14,49
1786953084,99,8388,281.07,49
1786953085,99,8388,280.66,49
1786953086,99,8388,279.48,49
1786953087,99,8388,282.89,49
1786953088,98,8388,279.98,49
1786953089,98,8388,281.32,49
1786953090,98,8388,281.91,49
1786953091,99,8388,279.12,49
1786953092,99,8388,281.58,49
1786953093,99,8388,279.68,49
1786953094,99,8388,282.49,49
1786953095,99,8388,280.67,49
1786953096,98,8388,280.13,49
1786953098,98,8388,284.66,49
1786953099,99,8388,275.24,49
1786953100,99,8388,281.07,49
1786953101,99,8388,277.49,49
1786953102,99,8388,280.32,49
1786953103,99,8388,281.10,49
1786953104,99,8388,283.92,49
1786953105,99,8388,282.31,49
1786953106,98,8388,280.11,49
1786953107,99,8388,280.86,49
1786953108,99,8388,281.98,49
1786953109,99,8388,277.80,49
1786953111,99,8388,276.97,49
1786953112,99,8388,279.02,49
1786953113,99,8388,283.19,49
1786953114,99,8388,266.08,47
1786953115,100,8388,192.20,48
1786953116,100,8388,212.82,48
1786953117,100,8388,211.47,47
1786953118,100,8388,211.77,47
1786953119,100,8388,212.29,47
1786953120,100,8388,212.47,47
1786953121,100,8388,214.78,47
1786953122,100,8388,213.99,47
1786953123,100,8388,213.43,47
1786953125,100,8388,212.44,47
1786953126,100,8388,213.63,47
1786953127,100,8388,212.32,47
1786953128,100,8388,213.06,47
1786953129,100,8388,212.11,47
1786953130,100,8388,211.89,47
1786953131,100,8388,211.51,47
1786953132,100,8388,213.52,47
1786953133,100,8388,212.28,47
1786953134,100,8388,211.85,47
1786953135,100,8388,213.11,47
1786953136,100,8388,212.63,47
1786953138,100,8388,211.97,47
1786953139,100,8388,213.07,46
1786953140,100,8388,213.90,46
1786953141,100,8388,212.33,46
1786953142,100,8388,213.23,46
1786953143,100,8388,213.44,46
1786953144,100,8388,212.66,46
1786953145,100,8388,213.42,46
1786953146,100,8388,212.27,46
1786953147,100,8388,212.70,46
1786953149,100,8388,213.69,46
1786953150,100,8388,212.63,46
1786953151,100,8388,211.59,46
1786953152,100,8388,211.91,46
1786953153,100,8388,210.65,46
1786953154,100,8388,210.97,46
1786953155,100,8388,212.86,46
1786953156,100,8388,212.35,46
1786953157,100,8388,210.80,46
1786953158,100,8388,212.08,46
1786953159,100,8388,213.18,46
1786953161,100,8388,212.57,46
1786953162,100,8388,213.48,46
1786953163,100,8388,211.78,46
1786953164,100,8388,213.05,46
1786953165,100,8388,212.57,46
1786953166,100,8388,212.57,46
1786953167,100,8388,212.44,46
1786953168,100,8388,212.45,46
1786953169,100,8388,212.82,46
1786953170,100,8388,212.02,46
1786953171,100,8388,211.94,46
1786953172,100,8388,212.37,46
1786953174,100,8388,212.40,46
1786953175,100,8388,212.61,46
1786953176,100,8388,212.86,47
1786953177,100,8388,213.08,47
1786953178,100,8388,213.03,47
1786953179,100,8388,212.51,47
1786953180,100,8388,212.72,47
1786953181,100,8388,212.19,47
1786953182,100,8388,211.41,47
1786953183,100,8388,213.86,47
1786953184,100,8388,211.64,47
1786953185,100,8388,213.60,47
1786953187,100,8388,212.65,47
1786953188,100,8388,214.01,47
1786953189,100,8388,213.00,47
1786953190,100,8388,211.31,47
1786953191,100,8388,212.51,47
1786953192,100,8388,212.26,47
1786953193,100,8388,213.19,47
1786953194,100,8388,212.91,47
1786953195,100,8388,212.25,47
1786953196,100,8388,212.88,47
1786953197,100,8388,212.05,47
1786953199,100,8388,211.63,47
1786953200,99,8388,211.40,47
1786953201,100,8388,213.30,47
1786953202,100,8388,213.41,47
1786953203,100,8388,212.64,47
1786953204,100,8388,212.99,47
1786953205,100,8388,213.40,47
1786953206,100,8388,213.31,47
1786953207,100,8388,213.25,47
1786953208,100,8388,212.49,47
1786953210,100,8388,213.57,47
1786953211,100,8388,212.65,47
1786953212,100,8388,213.35,47
1786953213,100,8388,212.40,47
1786953214,100,8388,214.04,47
1786953215,100,8388,214.63,47
1786953216,100,8388,213.57,47
1786953217,100,8388,213.58,47
1786953218,100,8388,212.63,47
1786953219,100,8388,212.41,47
1786953220,100,8388,214.26,47
1786953221,100,8388,214.26,47
1786953223,100,8388,214.38,47
1786953224,100,8388,213.00,47
1786953225,100,8388,214.13,47
1786953226,100,8388,212.29,47
1786953227,100,8388,214.22,47
1786953228,100,8388,213.58,47
1786953229,100,8388,214.74,47
1786953230,100,8388,213.61,47
1786953231,100,8388,213.81,47
1786953232,100,8388,213.94,47
1786953233,100,8388,214.56,47
1786953234,100,8388,214.10,47
1786953236,100,8388,214.33,47
1786953237,100,8388,214.51,47
1786953238,100,8388,213.74,47
1786953239,100,8388,214.86,47
1786953240,100,8388,213.64,47
1786953241,100,8388,213.43,47
1786953242,100,8388,215.39,47
1786953243,100,8388,215.14,47
1786953244,100,8388,214.60,47
1786953245,100,8388,216.13,47
1786953246,100,8388,212.75,47
1786953247,100,8388,215.96,47
1786953249,100,8388,215.91,47
1786953250,100,8388,219.70,48
1786953251,100,8388,220.12,48
1786953252,100,8388,216.99,47
1786953253,100,8388,212.60,47
1786953254,100,8388,211.40,47
1786953255,96,8388,206.68,47
1786953256,100,8388,204.18,47
1786953257,97,8388,204.21,47
1786953258,97,8388,202.87,47
1786953259,100,8388,204.86,47
1786953261,100,8388,205.50,47
1786953262,100,8388,205.14,47
1786953263,100,8388,203.66,47
1786953264,100,8388,200.87,47
1786953265,100,8388,204.89,47
1786953266,99,8388,202.16,47
1786953267,100,8388,202.41,47
1786953268,100,8388,200.35,47
1786953269,100,8388,202.65,47
1786953270,100,8388,201.82,47
1786953271,100,8388,202.58,47
1786953272,99,8388,203.23,47
1786953274,99,8388,203.48,47
1786953275,100,8388,199.65,47
1786953276,99,8388,203.09,47
1786953277,99,8388,202.89,47
1786953278,99,8388,202.34,47
1786953279,100,8388,198.76,47
1786953280,100,8388,198.36,47
1786953281,100,8388,199.00,47
1786953282,100,8388,200.30,47
1786953283,100,8388,204.58,47
1786953284,100,8388,202.47,47
1786953286,100,8388,200.60,47
1786953287,100,8388,200.57,47
1786953288,100,8388,200.45,47
1786953289,100,8388,201.18,47
1786953290,100,8388,196.12,47
1786953291,100,8388,195.88,47
1786953292,100,8388,196.71,47
1786953293,100,8388,193.68,47
1786953294,100,8388,194.60,47
1786953295,100,8388,195.10,47
1786953296,100,8388,194.60,47
1786953297,100,8388,193.61,47
1786953299,100,8388,194.95,47
1786953300,100,8388,195.11,47
1786953301,100,8388,195.33,47
1786953302,100,8388,194.23,47
1786953303,100,8388,192.26,47
1786953304,100,8388,190.90,46
1786953305,100,8388,189.98,47
1786953306,100,8388,191.43,46
1786953307,100,8388,188.40,46
1786953308,100,8388,188.17,46
1786953310,100,8388,185.75,46
1786953311,100,8388,184.88,46
1786953312,100,8388,183.84,46
1786953313,100,8388,184.77,46
1786953314,100,8388,182.43,46
1786953315,100,8388,182.44,46
1786953316,100,8388,182.26,46
1786953317,100,8388,181.33,46
1786953318,100,8388,182.40,46
1786953319,100,8388,182.65,46
1786953320,100,8388,182.67,46
1786953321,100,8388,181.85,46
1786953323,100,8388,181.62,46
1786953324,100,8388,181.89,46
1786953325,100,8388,181.85,46
1786953326,100,8388,182.46,46
1786953327,100,8388,182.29,46
1786953328,100,8388,183.10,46
1786953329,100,8388,186.11,46
1786953330,100,8388,183.82,46
1786953331,99,8388,180.94,46
1786953332,99,8388,177.60,46
1786953333,98,8388,180.24,46
1786953334,100,8388,176.03,45
1786953336,99,8388,177.31,45
1786953337,100,8388,178.84,45
1786953338,99,8388,176.67,45
1786953339,100,8388,175.93,45
1786953340,100,8388,175.96,45
1786953341,100,8388,177.35,45
1786953342,100,8388,177.41,45
1786953343,100,8388,177.57,45
1786953344,100,8388,180.76,45
1786953345,100,8388,179.78,45
1786953346,100,8388,181.05,45
1786953347,100,8388,179.04,45
1786953349,100,8388,180.35,45
1786953350,100,8388,183.02,45
1786953351,100,8388,180.17,45
1786953352,100,8388,179.59,45
1786953353,100,8388,185.97,45
1786953354,100,8388,182.83,45
1786953355,100,8388,180.32,45
1786953356,100,8388,182.17,45
1786953357,100,8388,180.46,45
1786953358,100,8388,180.82,45
1786953359,100,8388,178.77,45
1786953361,100,8388,178.37,45
1786953362,100,8388,173.04,45
1786953363,100,8388,172.18,45
1786953364,100,8388,172.11,45
1786953365,100,8388,175.17,45
1786953366,100,8388,176.62,45
1786953367,100,8388,178.00,45
1786953368,100,8388,179.34,45
1786953369,100,8388,177.72,45
1786953370,100,8388,181.02,45
1786953371,100,8388,181.39,45
1786953373,100,8388,178.26,45
1786953374,100,8388,174.30,45
1786953375,100,8388,172.95,45
1786953376,100,8388,170.27,45
1786953377,100,8388,171.95,45
1786953378,100,8388,167.44,44
1786953379,100,8388,164.47,44
1786953380,100,8388,165.65,44
1786953381,100,8388,165.78,44
1786953382,100,8388,164.74,44
1786953383,100,8388,167.13,44
1786953385,100,8388,167.95,44
1786953386,100,8388,170.40,44
1786953387,100,8388,170.29,44
1786953388,100,8388,172.65,44
1786953389,100,8388,173.64,44
1786953390,100,8388,175.00,44
1786953391,100,8388,173.90,44
1786953392,100,8388,174.07,44
1786953393,100,8388,169.62,44
1786953394,100,8388,171.94,44
1786953395,100,8388,172.80,44
1786953396,100,8388,171.82,44
1786953397,100,8388,174.54,44
1786953399,100,8388,172.56,44
1786953400,100,8388,171.69,44
1786953401,100,8388,172.80,44
1786953402,100,8388,173.93,44
1786953403,100,8388,174.05,44
1786953404,100,8388,173.57,44
1786953405,100,8388,171.08,44
1786953406,100,8388,172.06,44
1786953407,100,8388,169.49,44
1786953408,98,8388,166.46,44
1786953409,47,8388,149.83,43
1786953411,49,8388,142.49,43
1786953412,48,8388,140.52,43
1786953413,48,8388,139.66,43
1786953414,48,8388,140.10,43
1786953415,48,8388,138.83,43
1786953416,48,8388,138.83,43
1786953417,48,8388,138.92,43
1786953418,47,8388,138.88,43
1786953419,48,8388,138.45,43
1786953420,48,8388,139.11,43
1786953421,48,8388,139.15,43
1786953422,48,8388,138.25,43
1786953423,48,8388,138.50,42
1786953425,49,8388,138.50,42
1786953426,49,8388,138.28,42
1786953427,49,8388,138.63,42
1786953428,48,8388,138.35,42
1786953429,49,8388,138.68,42
1786953430,49,8388,138.58,42
1786953431,48,8388,138.59,42
1786953432,49,8388,138.84,42
1786953433,50,8388,138.24,42
1786953434,49,8388,138.96,42
1786953435,49,8388,138.23,42
1786953436,49,8388,136.47,42
1786953438,49,8388,138.35,42
1786953439,48,8388,138.35,42
1786953440,49,8388,138.55,42
1786953441,49,8388,138.44,42
1786953442,48,8388,138.54,42
1786953443,48,8388,138.23,42
1786953444,48,8388,138.13,42
1786953445,49,8388,138.02,42
1786953446,47,8388,138.28,42
1786953447,47,8388,137.88,42
1786953448,47,8388,137.46,42
1786953449,47,8388,137.67,42
1786953451,47,8388,137.60,42
1786953452,47,8388,137.67,42
1786953453,47,8388,137.52,42
1786953454,47,8388,137.57,42
1786953455,47,8388,137.47,42
1786953456,48,8388,138.03,42
1786953457,48,8388,137.43,42
1786953458,47,8388,137.39,42
1786953459,48,8388,138.01,42
1786953460,47,8388,138.00,42
1786953461,47,8388,138.21,42
1786953463,47,8388,136.82,42
1786953464,47,8388,137.50,42
1786953465,47,8388,137.47,42
1786953466,47,8388,137.43,41
1786953467,48,8388,137.30,41
1786953468,47,8388,137.66,41
1786953469,47,8388,137.11,41
1786953470,47,8388,137.24,41
1786953471,47,8388,137.86,41
1786953472,47,8388,137.09,41
1786953473,47,8388,137.67,41
1786953474,47,8388,137.19,41
1786953476,47,8388,137.32,41
1786953477,46,8388,137.02,41
1786953478,0,8388,124.69,41
1786953479,0,8388,117.67,41
1786953480,0,8388,117.83,41
1786953481,0,8388,117.58,41
1786953482,0,8388,117.74,41
1786953483,0,8388,117.36,41
1786953484,0,8388,117.65,41
1786953485,0,8388,117.36,41
1786953486,0,8388,117.71,40
1786953487,0,8388,117.33,40
1786953488,0,8388,117.62,40
1786953490,0,8388,117.32,40
1786953491,0,8388,117.67,40
1786953492,0,8388,117.25,40
1786953493,0,8388,117.59,40
1786953494,0,8388,117.30,40
1786953495,0,8388,117.56,40
1786953496,0,8388,117.20,40
1786953497,0,8388,117.35,40
1786953498,0,8388,117.23,40
1786953499,0,8388,117.43,40
1786953500,0,8388,117.21,40
1786953502,0,8388,117.31,40
1786953503,0,8388,117.10,40
1786953504,0,8388,117.19,40
1786953505,0,8388,117.20,40
1786953506,0,8388,117.26,40
1786953507,0,8388,117.19,40
1786953508,0,8388,117.16,40
1786953509,0,8388,117.22,40
1786953510,0,8388,117.02,40
1786953511,0,8388,117.31,40
1786953512,0,8388,117.03,40
1786953513,0,8388,117.28,40
1786953514,0,8388,116.94,40
1786953516,0,8388,117.28,40
1786953517,0,8388,117.01,40
1786953518,0,8388,117.27,40
1786953519,0,8388,117.11,40
1786953520,0,8388,117.04,40
1786953521,0,8388,116.91,40
1786953522,0,8388,116.96,40
1786953523,0,8388,117.19,40
1786953524,0,8388,116.91,40
1786953525,0,8388,117.12,39
1786953526,0,8388,116.85,39
1786953527,0,8388,117.10,39
1786953528,0,8388,117.00,39
1786953530,0,8388,116.97,39
1786953531,0,8388,117.08,39
1786953532,0,8388,116.88,39
1786953533,0,8388,117.03,39
1786953534,0,8388,116.78,39
1786953535,0,8388,116.98,39
1786953536,0,8388,116.69,39
1786953537,0,8388,116.81,39
1786953538,0,8388,117.02,39
1786953539,0,8388,116.85,39
1786953540,0,8388,117.09,39
1786953541,0,8388,116.78,39
1786953542,0,8388,116.88,39
1786953543,0,8388,116.72,39
1786953545,0,8388,116.69,39
1786953546,0,8388,117.02,39
1786953547,0,8388,116.74,39
1786953548,0,8388,116.88,39
1786953549,0,8388,116.78,39
1786953550,0,8388,116.86,39
1786953551,0,8388,116.92,39
1786953552,0,8388,116.53,39
1786953553,0,8388,116.93,39
1786953554,0,8388,116.69,39
1786953555,0,8388,116.63,39
1786953556,0,8388,116.81,39
1786953557,0,8388,116.64,39
1786953558,0,8388,116.96,39
1786953560,0,8388,116.74,39
1786953561,0,8388,116.69,39
1786953562,0,8388,116.87,39
1786953563,0,8388,116.68,39
1786953564,0,8388,116.82,39
1786953565,0,8388,116.57,39
1786953566,0,8388,116.69,39
1786953567,0,8388,116.88,39
1786953568,0,8388,116.55,39
1786953569,0,8388,116.72,39
1786953570,0,8388,116.47,39
1786953571,0,8388,116.56,39
1786953572,0,8388,116.78,39
1786953574,0,8388,116.48,39
1786953575,0,8388,116.75,39
1786953576,0,8388,116.59,39
1786953577,0,8388,116.47,39
1786953578,0,8388,116.78,39
1786953579,0,8388,116.54,39
1786953580,0,8388,116.56,39
1786953581,0,8388,116.75,39
1786953582,0,8388,116.44,39
1786953583,0,8388,116.53,39
1786953584,0,8388,116.48,39
1786953585,0,8388,116.48,39
1786953586,0,8388,116.76,39
1786953587,0,8388,116.35,38
1786953589,0,8388,116.47,38
1786953590,0,8388,116.66,38
1786953591,0,8388,116.36,38
1786953592,0,8388,116.44,38
1786953593,0,8388,116.46,38
1786953594,0,8388,116.26,38
1786953595,0,8388,116.56,38
1786953596,0,8388,116.47,38
1786953597,0,8388,116.26,38
1786953598,0,8388,116.55,38
1786953599,0,8388,116.36,38
1786953600,0,8388,116.38,38
1786953601,0,8388,116.35,38
1786953602,0,8388,116.21,38
1786953604,0,8388,116.39,38
1786953605,0,8388,116.49,38
1786953606,0,8388,116.21,38
1786953607,0,8388,116.42,38
1786953608,0,8388,116.28,38
1786953609,0,8388,116.27,38
1786953610,0,8388,116.39,38
1786953611,0,8388,116.33,38
1786953612,0,8388,116.20,38
1786953613,0,8388,116.36,38
1786953614,0,8388,116.08,38
1786953615,0,8388,116.17,38
1786953616,0,8388,116.46,38
1786953617,0,8388,116.12,38
1786953619,0,8388,116.29,38
1786953620,0,8388,116.35,38
1786953621,0,8388,116.08,38
1786953622,0,8388,116.11,38
1786953623,0,8388,116.15,38
1786953624,0,8388,117.90,39
1786953625,99,8388,278.43,41
1786953626,99,8388,273.23,42
1786953627,99,8388,275.96,42
1786953628,99,8388,273.91,42
1786953629,99,8388,278.53,43
1786953630,99,8388,279.81,43
1786953631,99,8388,277.01,44
1786953633,99,8388,278.30,44
1786953634,98,8388,274.44,44
1786953635,98,8388,278.99,44
1786953636,98,8388,277.62,44
1786953637,99,8388,278.50,44
1786953638,99,8388,277.47,44
1786953639,99,8388,277.92,44
1786953640,99,8388,277.93,45
1786953641,98,8388,280.73,45
1786953642,99,8388,277.12,45
1786953643,99,8388,278.80,45
1786953644,99,8388,278.49,45
1786953645,99,8388,277.76,45
1786953647,99,8388,279.26,46
1786953648,98,8388,279.38,45
1786953649,98,8388,274.05,46
1786953650,99,8388,276.68,46
1786953651,99,8388,277.82,46
1786953652,99,8388,277.68,46
1786953653,99,8388,278.94,46
1786953654,99,8388,274.05,46
1786953655,99,8388,276.22,46
1786953656,99,8388,281.14,46
1786953657,99,8388,278.34,46
1786953658,99,8388,279.95,47
1786953660,99,8388,277.72,47
1786953661,98,8388,282.29,47
1786953662,98,8388,279.38,47
1786953663,98,8388,278.70,47
1786953664,99,8388,280.73,47
1786953665,99,8388,278.04,47
1786953666,99,8388,280.19,47
1786953667,99,8388,280.86,47
1786953668,98,8388,281.68,47
1786953669,99,8388,279.01,47
1786953670,99,8388,281.50,47
1786953671,99,8388,279.55,47
1786953672,99,8388,276.35,47
1786953673,99,8388,279.98,47
1786953675,99,8388,280.55,48
1786953676,98,8388,282.66,47
1786953677,99,8388,282.48,47
1786953678,99,8388,278.52,48
1786953679,99,8388,278.09,47
1786953680,99,8388,280.59,48
1786953681,98,8388,282.56,48
1786953682,98,8388,283.52,48
1786953683,98,8388,279.38,48
1786953684,99,8388,280.79,48
1786953685,99,8388,278.86,48
1786953686,99,8388,281.93,48
1786953687,99,8388,281.87,48
1786953689,99,8388,279.37,48
1786953690,99,8388,277.49,48
1786953691,99,8388,281.13,48
1786953692,99,8388,278.58,48
1786953693,99,8388,281.58,48
1786953694,99,8388,282.85,48
1786953695,98,8388,278.03,48
1786953696,98,8388,278.49,48
1786953697,98,8388,277.99,48
1786953698,99,8388,280.19,48
1786953699,99,8388,282.61,48
1786953700,99,8388,283.35,48
1786953702,99,8388,282.74,49
1786953703,99,8388,280.73,48
1786953704,99,8388,283.83,49
1786953705,99,8388,279.57,48
1786953706,99,8388,280.77,49
1786953707,99,8388,273.94,49
1786953708,98,8388,283.80,48
1786953709,98,8388,279.65,49
1786953710,98,8388,281.91,48
1786953711,99,8388,274.44,49
1786953712,99,8388,281.12,48
1786953713,99,8388,280.21,49
1786953714,99,8388,277.79,49
1786953716,99,8388,279.96,49
1786953717,98,8388,278.73,49
1786953718,98,8388,286.10,49
1786953719,99,8388,279.02,49
1786953720,99,8388,279.85,49
1786953721,99,8388,278.10,49
1786953722,99,8388,280.12,49
1786953723,99,8388,280.69,49
1786953724,99,8388,279.21,49
1786953725,99,8388,280.08,49
1786953727,99,8388,277.39,49
1786953728,99,8388,285.64,49
1786953729,99,8388,277.55,49
1786953730,99,8388,283.16,49
1786953731,99,8388,281.81,49
1786953732,99,8388,281.93,49
1786953733,98,8388,278.35,49
1786953734,98,8388,279.09,49
1786953735,99,8388,279.17,49
1786953736,99,8388,280.32,49
1786953737,99,8388,278.03,49
1786953738,99,8388,282.20,49
1786953740,34,8388,239.32,46
1786953741,100,8388,212.25,47
1786953742,100,8388,213.17,47
1786953743,100,8388,212.39,47
1786953744,100,8388,213.01,47
1786953745,100,8388,213.54,47
1786953746,100,8388,212.38,47
1786953747,100,8388,212.42,47
1786953748,100,8388,212.37,47
1786953749,100,8388,213.35,47
1786953750,100,8388,212.30,47
1786953751,100,8388,211.98,47
1786953753,100,8388,212.46,46
1786953754,100,8388,211.53,46
1786953755,100,8388,211.91,46
1786953756,100,8388,211.43,46
1786953757,100,8388,212.89,46
1786953758,100,8388,211.92,46
1786953759,100,8388,211.88,46
1786953760,100,8388,213.04,46
1786953761,100,8388,206.92,46
1786953762,100,8388,211.61,46
1786953763,100,8388,212.53,46
1786953765,100,8388,211.79,46
1786953766,100,8388,211.87,46
1786953767,100,8388,211.77,46
1786953768,100,8388,212.35,46
1786953769,100,8388,212.94,46
1786953770,100,8388,211.91,46
1786953771,100,8388,212.89,46
1786953772,100,8388,213.50,46
1786953773,100,8388,212.15,46
1786953774,100,8388,212.89,46
1786953775,100,8388,212.26,46
1786953776,100,8388,211.49,46
1786953778,100,8388,212.66,46
1786953779,100,8388,212.61,46
1786953780,100,8388,211.36,46
1786953781,100,8388,212.08,46
1786953782,100,8388,212.18,46
1786953783,100,8388,210.11,46
1786953784,100,8388,213.36,46
1786953785,100,8388,214.38,46
1786953786,100,8388,213.42,46
1786953787,100,8388,213.06,46
1786953788,100,8388,213.77,46
1786953790,100,8388,212.26,46
1786953791,100,8388,212.71,46
1786953792,100,8388,211.26,46
1786953793,100,8388,212.75,46
1786953794,100,8388,212.89,46
1786953795,100,8388,212.32,46
1786953796,100,8388,211.12,46
1786953797,100,8388,213.30,46
1786953798,100,8388,212.34,46
1786953799,100,8388,213.38,46
1786953800,100,8388,211.13,46
1786953801,100,8388,212.97,46
1786953803,100,8388,212.24,46
1786953804,100,8388,212.82,46
1786953805,100,8388,211.82,46
1786953806,100,8388,211.73,46
1786953807,100,8388,211.38,46
1786953808,100,8388,212.11,46
1786953809,100,8388,213.41,46
1786953810,100,8388,212.26,47
1786953811,100,8388,213.15,46
1786953812,100,8388,213.83,47
1786953813,100,8388,213.87,47
1786953815,100,8388,213.18,47
1786953816,100,8388,213.45,47
1786953817,100,8388,211.26,47
1786953818,100,8388,212.61,47
1786953819,100,8388,212.15,47
1786953820,100,8388,213.01,47
1786953821,100,8388,213.22,47
1786953822,100,8388,210.70,47
1786953823,100,8388,213.29,47
1786953824,100,8388,211.73,47
1786953825,100,8388,213.07,47
1786953826,100,8388,213.69,47
1786953828,100,8388,213.63,47
1786953829,100,8388,212.64,47
1786953830,100,8388,212.62,47
1786953831,100,8388,213.68,47
1786953832,100,8388,212.79,47
1786953833,100,8388,212.62,47
1786953834,100,8388,213.65,47
1786953835,100,8388,213.37,47
1786953836,100,8388,212.25,47
1786953837,100,8388,215.05,47
1786953838,100,8388,213.64,47
1786953839,100,8388,214.32,47
1786953841,100,8388,213.75,47
1786953842,100,8388,213.90,47
1786953843,100,8388,215.25,47
1786953844,100,8388,214.97,47
1786953845,100,8388,213.45,47
1786953846,100,8388,214.50,47
1786953847,100,8388,214.29,47
1786953848,100,8388,215.36,47
1786953849,100,8388,214.59,47
1786953850,100,8388,213.83,47
1786953851,100,8388,213.80,47
1786953853,100,8388,213.95,47
1786953854,100,8388,213.31,47
1786953855,100,8388,214.68,47
1786953856,100,8388,214.20,47
1786953857,100,8388,213.83,47
1786953858,100,8388,215.66,47
1786953859,100,8388,213.55,47
1786953860,100,8388,214.01,47
1786953861,100,8388,214.69,47
1786953862,100,8388,214.53,47
1786953864,100,8388,213.55,47
1786953865,100,8388,217.70,47
1786953866,100,8388,214.19,47
1786953867,100,8388,212.20,47
1786953868,100,8388,213.64,47
1786953869,100,8388,214.85,47
1786953870,100,8388,214.65,47
1786953871,100,8388,216.28,47
1786953872,100,8388,215.82,47
1786953873,100,8388,216.35,47
1786953874,100,8388,219.24,47
1786953876,100,8388,222.10,48
1786953877,100,8388,220.91,47
1786953878,100,8388,212.17,47
1786953879,100,8388,208.29,47
1786953880,100,8388,207.93,47
1786953881,100,8388,210.13,47
1786953882,100,8388,210.16,47
1786953883,100,8388,207.94,47
1786953884,99,8388,203.96,47
1786953885,100,8388,197.63,47
1786953886,100,8388,203.28,47
1786953887,100,8388,206.96,47
1786953889,100,8388,204.95,47
1786953890,100,8388,206.59,47
1786953891,100,8388,207.92,47
1786953892,100,8388,204.46,47
1786953893,100,8388,206.54,47
1786953894,100,8388,206.48,47
1786953895,100,8388,206.04,47
1786953896,100,8388,206.01,47
1786953897,100,8388,202.40,47
1786953898,100,8388,202.14,47
1786953900,100,8388,202.60,47
1786953901,100,8388,201.18,47
1786953902,100,8388,199.38,47
1786953903,100,8388,196.19,47
1786953904,100,8388,188.96,47
1786953905,100,8388,189.70,47
1786953906,100,8388,189.07,47
1786953907,100,8388,187.83,47
1786953908,100,8388,186.70,46
1786953909,100,8388,185.74,46
1786953910,100,8388,188.94,47
1786953911,100,8388,190.61,47
1786953913,100,8388,189.54,46
1786953914,100,8388,186.42,46
1786953915,100,8388,187.53,46
1786953916,100,8388,187.44,46
1786953917,100,8388,186.24,46
1786953918,100,8388,182.72,46
1786953919,100,8388,186.07,46
1786953920,100,8388,186.85,46
1786953921,100,8388,187.14,46
1786953922,100,8388,187.40,46
1786953923,100,8388,185.97,46
1786953925,100,8388,186.24,46
1786953926,100,8388,186.34,46
1786953927,100,8388,183.71,46
1786953928,100,8388,184.29,46
1786953929,100,8388,184.76,46
1786953930,100,8388,185.66,46
1786953931,100,8388,184.62,46
1786953932,100,8388,183.45,46
1786953933,100,8388,182.39,46
1786953934,100,8388,182.15,46
1786953935,100,8388,181.18,46
1786953936,100,8388,181.02,46
1786953937,100,8388,179.75,46
1786953939,100,8388,180.79,46
1786953940,100,8388,178.21,46
1786953941,100,8388,178.11,46
1786953942,100,8388,179.10,46
1786953943,100,8388,182.52,46
1786953944,100,8388,183.01,46
1786953945,100,8388,183.39,46
1786953946,100,8388,181.25,46
1786953947,100,8388,180.39,45
1786953948,100,8388,177.42,45
1786953949,100,8388,175.62,45
1786953951,100,8388,180.34,45
1786953952,100,8388,178.42,45
1786953953,100,8388,179.53,45
1786953954,100,8388,178.46,45
1786953955,100,8388,179.71,45
1786953956,100,8388,180.44,45
1786953957,100,8388,179.90,45
1786953958,100,8388,175.77,45
1786953959,100,8388,173.60,45
1786953960,100,8388,171.78,45
1786953961,100,8388,170.51,45
1786953962,100,8388,173.71,45
1786953964,100,8388,173.50,45
1786953965,100,8388,173.20,45
1786953966,100,8388,172.64,45
1786953967,100,8388,175.26,45
1786953968,100,8388,177.97,45
1786953969,100,8388,173.65,45
1786953970,100,8388,170.77,45
1786953971,100,8388,168.19,45
1786953972,100,8388,175.68,45
1786953973,100,8388,174.52,45
1786953974,100,8388,175.18,45
1786953975,100,8388,181.59,45
1786953976,100,8388,180.66,45
1786953978,100,8388,170.47,45
1786953979,100,8388,173.74,45
1786953980,100,8388,172.50,45
1786953981,100,8388,177.72,45
1786953982,100,8388,175.05,45
1786953983,100,8388,167.21,44
1786953984,100,8388,171.75,45
1786953985,100,8388,172.15,44
1786953986,100,8388,172.90,45
1786953987,100,8388,176.50,45
1786953988,100,8388,170.94,44
1786953990,100,8388,175.59,45
1786953991,100,8388,178.36,45
1786953992,100,8388,181.08,45
1786953993,100,8388,179.09,45
1786953994,100,8388,178.36,45
1786953995,100,8388,176.47,45
1786953996,99,8388,175.73,45
1786953997,100,8388,175.55,44
1786953998,100,8388,175.96,44
1786953999,100,8388,176.47,44
1786954000,100,8388,176.19,44
1786954001,100,8388,176.57,44
1786954003,100,8388,175.12,44
1786954004,100,8388,173.63,44
1786954005,100,8388,174.65,44
1786954006,100,8388,175.10,44
1786954007,100,8388,173.34,44
1786954008,100,8388,173.72,44
1786954009,100,8388,173.20,44
1786954010,100,8388,172.08,44
1786954011,100,8388,171.79,44
1786954012,100,8388,172.94,44
1786954013,100,8388,171.85,44
1786954015,100,8388,171.01,44
1786954016,100,8388,171.27,44
1786954017,100,8388,170.44,44
1786954018,100,8388,167.98,44
1786954019,100,8388,167.47,44
1786954020,100,8388,167.71,44
1786954021,100,8388,166.84,44
1786954022,100,8388,166.95,44
1786954023,100,8388,165.20,44
1786954024,100,8388,162.32,44
1786954025,100,8388,161.99,44
1786954026,100,8388,162.14,44
1786954028,100,8388,161.62,44
1786954029,99,8388,156.08,43
1786954030,99,8388,156.26,43
1786954031,99,8388,156.13,43
1786954032,99,8388,156.14,43
1786954033,99,8388,156.56,43
1786954034,99,8388,156.13,43
1786954035,99,8388,156.64,43
1786954036,99,8388,155.46,43
1786954037,99,8388,155.62,43
1786954038,98,8388,155.88,43
1786954039,99,8388,155.75,43
1786954041,99,8388,156.33,43
1786954042,99,8388,156.09,43
1786954043,99,8388,155.72,43
1786954044,99,8388,155.41,43
1786954045,99,8388,156.35,43
1786954046,99,8388,155.19,43
1786954047,99,8388,155.58,43
1786954048,98,8388,157.10,43
1786954049,99,8388,156.23,43
1786954050,99,8388,155.24,43
1786954051,99,8388,155.70,43
1786954052,99,8388,155.12,43
1786954053,99,8388,155.20,43
1786954054,99,8388,154.13,43
1786954056,99,8388,155.54,43
1786954057,99,8388,155.57,43
1786954058,99,8388,155.39,43
1786954059,99,8388,156.42,43
1786954060,48,8388,150.54,42
1786954061,47,8388,138.17,42
1786954062,47,8388,138.15,42
1786954063,47,8388,137.61,42
1786954064,47,8388,137.95,42
1786954065,47,8388,137.78,42
1786954066,47,8388,137.61,42
1786954067,49,8388,137.93,42
1786954068,48,8388,137.75,42
1786954070,48,8388,137.71,42
1786954071,48,8388,137.88,42
1786954072,48,8388,137.55,41
1786954073,48,8388,137.00,41
1786954074,48,8388,137.25,41
1786954075,0,8388,128.30,41
1786954076,0,8388,117.81,41
1786954077,0,8388,117.53,41
1786954078,0,8388,117.74,41
1786954079,0,8388,117.57,41
1786954080,0,8388,117.67,40
1786954081,0,8388,117.54,40
1786954082,0,8388,117.65,40
1786954084,0,8388,117.28,40
1786954085,0,8388,117.53,40
1786954086,0,8388,117.29,40
1786954087,0,8388,117.50,40
1786954088,0,8388,117.31,40
1786954089,0,8388,117.53,40
1786954090,0,8388,117.16,40
1786954091,0,8388,117.36,40
1786954092,0,8388,117.10,40
1786954093,0,8388,117.37,40
1786954094,0,8388,117.03,40
1786954095,0,8388,117.25,40
1786954096,0,8388,116.95,40
1786954098,0,8388,117.29,40
1786954099,0,8388,117.06,40
1786954100,0,8388,117.15,40
1786954101,0,8388,116.99,39
1786954102,0,8388,117.22,39
1786954103,0,8388,116.84,39
1786954104,0,8388,117.00,39
1786954105,0,8388,116.81,39
1786954106,0,8388,117.15,39
1786954107,0,8388,116.91,39
1786954108,0,8388,116.96,39
1786954109,0,8388,116.75,39
1786954110,0,8388,116.75,39
1786954111,0,8388,116.93,39
1786954113,0,8388,116.72,39
1786954114,0,8388,116.82,39
1786954115,0,8388,116.59,39
1786954116,0,8388,116.85,39
1786954117,0,8388,116.61,39
1786954118,0,8388,116.85,39
1786954119,0,8388,116.63,39
1786954120,0,8388,116.78,39
1786954121,0,8388,116.58,39
1786954122,0,8388,116.68,39
1786954123,0,8388,116.81,39
1786954124,0,8388,116.51,39
1786954125,0,8388,116.70,39
1786954126,0,8388,116.35,39
1786954128,0,8388,116.72,39
1786954129,0,8388,116.39,39
1786954130,0,8388,116.57,39
1786954131,0,8388,116.69,38
1786954132,0,8388,116.38,38
1786954133,0,8388,116.66,38
1786954134,0,8388,116.35,38
1786954135,0,8388,116.52,38
1786954136,0,8388,116.21,38
1786954137,0,8388,116.39,38
1786954138,0,8388,116.66,38
1786954139,0,8388,116.29,38
1786954140,0,8388,116.65,38
1786954141,0,8388,116.36,38
1786954143,0,8388,116.31,38
1786954144,0,8388,116.42,38
1786954145,0,8388,116.17,38
1786954146,0,8388,116.36,38
1786954147,0,8388,116.21,38
1786954148,0,8388,116.30,38
1786954149,0,8388,116.26,38
1786954150,0,8388,116.07,38
1786954151,0,8388,116.41,38
1786954152,0,8388,116.08,38
1786954153,0,8388,116.38,38
1786954154,0,8388,116.28,38
1786954155,0,8388,116.08,38
1786954157,0,8388,116.46,38
1786954158,0,8388,116.12,38
1786954159,0,8388,116.24,38
1786954160,0,8388,116.48,38
1786954161,0,8388,116.03,38
1786954162,0,8388,116.19,38
1786954163,0,8388,116.36,38
1786954164,0,8388,116.05,38
1786954165,0,8388,116.28,38
1786954166,0,8388,116.12,38
1786954167,0,8388,115.96,38
1786954168,0,8388,116.25,38
1786954169,0,8388,115.99,38
1786954171,0,8388,116.11,38
1786954172,0,8388,116.25,38
1786954173,0,8388,115.95,38
1786954174,0,8388,116.14,38
1786954175,0,8388,116.02,38
1786954176,0,8388,115.92,38
1786954177,0,8388,116.08,38
1786954178,0,8388,116.09,38
1786954179,0,8388,116.02,38
1786954180,0,8388,116.16,38
1786954181,0,8388,116.03,38
1786954182,0,8388,115.93,38
1786954183,0,8388,116.12,37
1786954184,0,8388,116.08,37
1786954186,0,8388,115.93,37
1786954187,0,8388,116.30,37
1786954188,0,8388,115.96,37
1786954189,0,8388,115.84,37
1786954190,0,8388,116.17,37
1786954191,0,8388,115.81,37
1786954192,0,8388,115.81,37
1786954193,0,8388,116.05,37
1786954194,0,8388,115.88,37
1786954195,0,8388,115.78,37
1786954196,0,8388,115.97,37
1786954197,0,8388,115.88,37
1786954198,0,8388,115.87,37
1786954200,0,8388,116.18,37
1786954201,0,8388,115.88,37
1786954202,0,8388,115.75,37
1786954203,0,8388,116.05,37
1786954204,0,8388,115.84,37
1786954205,0,8388,115.72,37
1786954206,0,8388,115.87,37
1786954207,0,8388,115.92,37
1786954208,98,8388,200.15,40
1786954209,98,8388,275.90,41
1786954210,99,8388,272.28,42
1786954211,99,8388,275.88,42
1786954212,99,8388,275.16,42
1786954213,99,8388,274.62,42
1786954215,99,8388,277.32,43
1786954216,98,8388,275.17,43
1786954217,99,8388,276.00,43
1786954218,99,8388,278.31,43
1786954219,99,8388,278.37,44
1786954220,99,8388,277.82,44
1786954221,99,8388,277.97,44
1786954222,98,8388,277.48,44
1786954223,98,8388,279.05,44
1786954224,99,8388,277.35,44
1786954225,99,8388,276.72,44
1786954226,99,8388,275.10,45
1786954227,99,8388,278.74,44
1786954229,99,8388,276.53,45
1786954230,99,8388,276.71,45
1786954231,99,8388,277.56,45
1786954232,99,8388,276.68,45
1786954233,99,8388,276.20,45
1786954234,99,8388,277.75,45
1786954235,98,8388,276.77,45
1786954236,98,8388,276.95,45
1786954237,99,8388,277.56,46
1786954238,99,8388,277.85,46
1786954239,99,8388,279.35,46
1786954240,99,8388,275.96,46
1786954242,99,8388,279.71,46
1786954243,98,8388,276.81,46
1786954244,99,8388,278.06,46
1786954245,99,8388,279.37,46
1786954246,99,8388,279.97,46
1786954247,99,8388,272.89,46
1786954248,99,8388,281.00,46
1786954249,98,8388,278.80,46
1786954250,98,8388,275.76,46
1786954251,99,8388,280.11,47
1786954252,99,8388,278.09,46
1786954253,99,8388,278.06,47
1786954254,99,8388,279.75,47
1786954256,98,8388,282.05,47
1786954257,99,8388,281.95,47
1786954258,99,8388,276.74,47
1786954259,99,8388,280.15,47
1786954260,99,8388,280.80,47
1786954261,99,8388,279.86,47
1786954262,99,8388,278.06,47
1786954263,98,8388,276.15,47
1786954264,99,8388,282.70,47
1786954265,99,8388,277.33,47
1786954266,99,8388,280.40,47
1786954267,99,8388,279.96,47
1786954268,98,8388,278.61,47
1786954269,98,8388,282.10,48
1786954271,99,8388,280.08,47
1786954272,99,8388,278.91,48
1786954273,99,8388,279.14,47
1786954274,99,8388,277.82,48
1786954275,99,8388,280.95,48
1786954276,99,8388,278.30,48
1786954277,99,8388,277.79,48
1786954278,99,8388,278.13,48
1786954279,99,8388,275.55,48
1786954280,99,8388,278.83,48
1786954281,99,8388,277.26,48
1786954282,98,8388,279.81,48
1786954283,98,8388,282.52,48
1786954285,99,8388,279.50,48
1786954286,99,8388,279.08,48
1786954287,99,8388,280.09,48
1786954288,99,8388,283.16,48
1786954289,99,8388,280.33,48
1786954290,98,8388,279.87,48
1786954291,99,8388,282.14,48
1786954292,99,8388,278.66,48
1786954293,99,8388,280.67,48
1786954294,99,8388,281.67,48
1786954295,99,8388,282.89,48
1786954296,99,8388,280.80,48
1786954297,99,8388,278.07,48
1786954299,99,8388,280.92,48
1786954300,99,8388,276.88,49
1786954301,99,8388,282.95,48
1786954302,99,8388,279.96,49
1786954303,98,8388,280.56,48
1786954304,98,8388,284.61,49
1786954305,99,8388,283.03,48
1786954306,99,8388,281.40,49
1786954307,99,8388,276.58,48
1786954308,99,8388,282.44,49
1786954309,99,8388,275.73,49
1786954310,98,8388,278.20,49
1786954311,98,8388,284.38,49
1786954313,98,8388,277.15,49
1786954314,99,8388,278.62,49
1786954315,99,8388,277.86,49
1786954316,99,8388,282.44,49
1786954317,99,8388,278.37,49
1786954318,99,8388,277.60,49
1786954319,98,8388,277.14,49
1786954320,98,8388,281.77,49
1786954321,98,8388,279.22,49
1786954322,99,8388,279.74,49
1786954323,22,8388,211.51,47
1786954324,100,8388,212.39,47
1786954326,100,8388,212.27,47
1786954327,100,8388,210.70,47
1786954328,100,8388,212.57,47
1786954329,100,8388,212.05,47
1786954330,100,8388,212.50,47
1786954331,100,8388,212.09,47
1786954332,100,8388,212.49,46
1786954333,100,8388,212.10,46
1786954334,100,8388,212.93,46
1786954335,100,8388,212.29,46
1786954336,100,8388,211.76,46
1786954337,100,8388,212.73,46
1786954339,100,8388,212.90,46
1786954340,100,8388,211.53,46
1786954341,100,8388,212.10,46
1786954342,100,8388,212.18,46
1786954343,100,8388,210.84,46
1786954344,100,8388,211.74,46
1786954345,100,8388,211.78,46
1786954346,100,8388,211.71,46
1786954347,100,8388,211.39,46
1786954348,100,8388,211.40,46
1786954349,100,8388,210.85,46
1786954351,100,8388,212.25,46
1786954352,100,8388,212.71,46
1786954353,100,8388,212.43,46
1786954354,100,8388,212.95,46
1786954355,100,8388,211.72,46
1786954356,100,8388,212.47,46
1786954357,100,8388,212.70,46
1786954358,100,8388,211.63,46
1786954359,100,8388,212.26,46
1786954360,100,8388,212.36,46
1786954361,100,8388,212.40,46
1786954363,100,8388,213.04,46
1786954364,100,8388,211.84,46
1786954365,100,8388,210.99,46
1786954366,100,8388,212.18,46
1786954367,100,8388,210.65,46
1786954368,100,8388,212.68,46
1786954369,100,8388,212.82,46
1786954370,100,8388,212.89,46
1786954371,100,8388,212.77,46
1786954372,100,8388,212.77,46
1786954373,100,8388,211.29,46
1786954375,100,8388,212.02,46
1786954376,100,8388,212.54,46
1786954377,100,8388,211.84,46
1786954378,100,8388,211.19,46
1786954379,100,8388,212.11,46
1786954380,100,8388,212.34,46
1786954381,100,8388,213.12,46
1786954382,100,8388,211.78,46
1786954383,100,8388,213.01,46
1786954384,100,8388,212.74,46
1786954385,100,8388,213.44,46
1786954386,100,8388,213.25,46
1786954387,100,8388,211.77,46
1786954389,100,8388,212.43,46
1786954390,100,8388,213.19,46
1786954391,100,8388,212.38,46
1786954392,100,8388,212.95,46
1786954393,100,8388,213.13,46
1786954394,100,8388,212.08,46
1786954395,100,8388,212.55,46
1786954396,100,8388,212.43,46
1786954397,100,8388,213.39,46
1786954398,100,8388,213.26,46
1786954399,100,8388,213.12,46
1786954401,100,8388,213.16,46
1786954402,100,8388,212.04,46
1786954403,100,8388,211.98,46
1786954404,100,8388,211.83,46
1786954405,100,8388,212.57,46
1786954406,100,8388,212.54,46
1786954407,100,8388,213.41,46
1786954408,100,8388,211.87,46
1786954409,100,8388,213.32,46
1786954410,100,8388,212.72,47
1786954411,100,8388,212.34,47
1786954412,100,8388,211.98,47
1786954414,100,8388,212.72,47
1786954415,100,8388,211.49,47
1786954416,100,8388,212.23,47
1786954417,100,8388,214.25,47
1786954418,100,8388,212.40,47
1786954419,100,8388,212.20,47
1786954420,100,8388,213.43,47
1786954421,100,8388,211.95,47
1786954422,100,8388,214.60,47
1786954423,100,8388,213.45,47
1786954424,100,8388,212.02,47
1786954425,100,8388,212.84,47
1786954427,100,8388,212.72,47
1786954428,100,8388,213.83,47
1786954429,100,8388,213.36,47
1786954430,100,8388,213.14,47
1786954431,100,8388,212.48,47
1786954432,100,8388,212.89,47
1786954433,100,8388,213.78,47
1786954434,100,8388,213.56,47
1786954435,100,8388,212.21,47
1786954436,100,8388,213.78,47
1786954437,100,8388,215.31,47
1786954439,100,8388,213.70,47
1786954440,100,8388,214.08,47
1786954441,100,8388,214.89,47
1786954442,100,8388,214.35,47
1786954443,100,8388,213.47,47
1786954444,100,8388,213.29,47
1786954445,100,8388,215.61,47
1786954446,100,8388,213.79,47
1786954447,100,8388,214.11,47
1786954448,100,8388,212.65,47
1786954450,100,8388,212.99,47
1786954451,100,8388,214.13,47
1786954452,100,8388,212.80,47
1786954453,100,8388,215.21,47
1786954454,100,8388,213.56,47
1786954455,100,8388,214.85,47
1786954456,100,8388,215.05,47
1786954457,100,8388,219.18,47
1786954458,100,8388,222.36,47
1786954459,100,8388,221.04,47
1786954461,100,8388,218.50,47
1786954462,100,8388,217.82,47
1786954463,100,8388,209.48,47
1786954464,100,8388,206.63,47
1786954465,100,8388,203.94,47
1786954466,100,8388,202.36,47
1786954467,94,8388,198.33,47
1786954468,100,8388,201.12,47
1786954469,100,8388,204.18,47
1786954470,100,8388,205.71,47
1786954471,100,8388,207.40,47
1786954472,100,8388,203.48,47
1786954474,100,8388,201.33,47
1786954475,100,8388,202.22,47
1786954476,99,8388,204.20,47
1786954477,99,8388,203.79,47
1786954478,100,8388,203.24,47
1786954479,99,8388,201.43,47
1786954480,100,8388,202.97,47
1786954481,100,8388,201.21,47
1786954482,100,8388,200.31,47
1786954483,100,8388,201.86,47
1786954484,100,8388,203.81,47
1786954486,100,8388,206.81,47
1786954487,100,8388,210.76,47
1786954488,100,8388,209.74,47
1786954489,100,8388,208.84,47
1786954490,100,8388,206.87,47
1786954491,100,8388,204.71,47
1786954492,100,8388,201.40,47
1786954493,100,8388,198.67,47
1786954494,100,8388,194.41,47
1786954495,100,8388,196.46,47
1786954496,100,8388,196.43,47
1786954497,100,8388,193.35,47
1786954499,100,8388,190.19,47
1786954500,100,8388,189.95,47
1786954501,100,8388,191.02,47
1786954502,100,8388,190.45,47
1786954503,100,8388,191.47,47
1786954504,100,8388,190.39,47
1786954505,100,8388,190.71,47
1786954506,100,8388,191.23,47
1786954507,100,8388,191.08,47
1786954508,100,8388,191.67,46
1786954509,100,8388,190.55,46
1786954510,100,8388,190.28,46
1786954512,100,8388,190.15,46
1786954513,100,8388,190.19,46
1786954514,100,8388,191.66,46
1786954515,100,8388,190.36,46
1786954516,100,8388,189.94,46
1786954517,100,8388,187.58,46
1786954518,100,8388,187.47,46
1786954519,100,8388,186.71,46
1786954520,100,8388,184.55,46
1786954521,100,8388,184.46,46
1786954522,100,8388,184.08,46
1786954523,100,8388,184.49,46
1786954525,100,8388,183.42,46
1786954526,100,8388,183.14,46
1786954527,100,8388,182.96,46
1786954528,100,8388,182.52,46
1786954529,100,8388,181.96,46
1786954530,100,8388,181.89,46
1786954531,100,8388,181.75,46
1786954532,100,8388,178.95,46
1786954533,100,8388,180.88,46
1786954534,100,8388,180.24,46
1786954535,100,8388,179.93,46
1786954536,100,8388,177.94,46
1786954538,100,8388,181.15,46
1786954539,100,8388,179.61,46
1786954540,100,8388,179.84,46
1786954541,100,8388,183.10,46
1786954542,100,8388,182.16,46
1786954543,100,8388,182.51,46
1786954544,100,8388,178.19,45
1786954545,100,8388,176.13,45
1786954546,100,8388,174.88,45
1786954547,100,8388,175.22,45
1786954548,100,8388,174.21,45
1786954550,100,8388,175.50,45
1786954551,100,8388,174.32,45
1786954552,100,8388,175.93,45
1786954553,100,8388,175.73,45
1786954554,100,8388,176.67,45
1786954555,100,8388,176.29,45
1786954556,100,8388,174.39,45
1786954557,100,8388,176.20,45
1786954558,100,8388,172.64,45
1786954559,100,8388,172.09,45
1786954560,100,8388,175.11,45
1786954561,100,8388,177.14,45
1786954563,100,8388,175.95,45
1786954564,100,8388,177.92,45
1786954565,100,8388,177.02,45
1786954566,100,8388,177.45,45
1786954567,100,8388,179.56,45
1786954568,100,8388,182.72,45
1786954569,100,8388,179.71,45
1786954570,100,8388,177.65,45
1786954571,100,8388,177.21,45
1786954572,100,8388,175.46,45
1786954574,100,8388,174.24,45
1786954575,100,8388,178.69,45
1786954576,100,8388,177.54,45
1786954577,100,8388,174.91,45
1786954578,100,8388,171.75,45
1786954579,100,8388,171.22,45
1786954580,100,8388,171.58,45
1786954581,100,8388,175.98,45
1786954582,100,8388,183.73,45
1786954583,100,8388,181.72,45
1786954584,100,8388,181.96,45
1786954586,100,8388,181.29,45
1786954587,100,8388,177.07,45
1786954588,100,8388,175.16,45
1786954589,100,8388,174.05,45
1786954590,100,8388,174.35,45
1786954591,100,8388,175.43,45
1786954592,100,8388,175.53,45
1786954593,100,8388,175.21,45
1786954594,100,8388,175.76,45
1786954595,100,8388,177.05,45
1786954596,100,8388,175.30,45
1786954597,100,8388,175.78,45
1786954599,100,8388,175.33,45
1786954600,100,8388,176.17,45
1786954601,100,8388,174.91,44
1786954602,100,8388,174.73,44
1786954603,100,8388,172.15,44
1786954604,100,8388,172.17,44
1786954605,100,8388,173.43,44
1786954606,100,8388,171.73,44
1786954607,100,8388,171.76,44
1786954608,100,8388,172.34,44
1786954609,100,8388,171.55,44
1786954611,100,8388,169.31,44
1786954612,100,8388,170.52,44
1786954613,100,8388,170.79,44
1786954614,100,8388,171.04,44
1786954615,100,8388,172.24,44
1786954616,100,8388,173.71,44
1786954617,100,8388,172.30,44
1786954618,100,8388,169.50,44
1786954619,100,8388,169.91,44
1786954620,100,8388,170.47,44
1786954621,100,8388,170.63,44
1786954622,100,8388,167.77,44
1786954624,100,8388,167.19,44
1786954625,100,8388,165.87,44
1786954626,100,8388,163.70,44
1786954627,100,8388,166.63,44
1786954628,100,8388,167.37,44
1786954629,100,8388,166.33,44
1786954630,100,8388,165.66,44
1786954631,100,8388,165.72,44
1786954632,100,8388,166.14,44
1786954633,100,8388,165.18,44
1786954635,100,8388,165.11,44
1786954636,100,8388,164.95,44
1786954637,100,8388,163.79,44
1786954638,100,8388,163.42,44
1786954639,100,8388,162.96,44
1786954640,100,8388,162.96,44
1786954641,100,8388,163.76,43
1786954642,100,8388,163.17,43
1786954643,100,8388,162.60,43
1786954644,100,8388,162.50,43
1786954645,100,8388,162.56,43
1786954646,100,8388,162.08,43
1786954647,100,8388,162.76,43
1786954649,100,8388,162.81,43
1786954650,100,8388,161.41,43
1786954651,100,8388,161.78,43
1786954652,100,8388,162.80,43
1786954653,100,8388,162.60,43
1786954654,100,8388,163.24,43
1786954655,100,8388,162.11,43
1786954656,100,8388,161.89,43
1786954657,100,8388,160.70,43
1786954658,100,8388,161.71,43
1786954659,100,8388,162.73,43
1786954661,100,8388,161.00,43
1786954662,100,8388,162.30,43
1786954663,100,8388,162.29,43
1786954664,100,8388,161.74,43
1786954665,100,8388,160.82,43
1786954666,100,8388,162.26,43
1786954667,100,8388,161.49,43
1786954668,100,8388,161.80,43
1786954669,100,8388,161.34,43
1786954670,100,8388,161.38,43
1786954671,100,8388,161.54,43
1786954672,99,8388,156.91,43
1786954673,99,8388,156.19,43
1786954675,99,8388,155.34,43
1786954676,100,8388,155.72,43
1786954677,99,8388,156.15,43
1786954678,99,8388,156.01,43
1786954679,99,8388,155.23,43
1786954680,99,8388,155.23,43
1786954681,99,8388,155.25,43
1786954682,100,8388,157.00,43
1786954683,100,8388,157.21,43
1786954684,99,8388,157.25,43
1786954685,99,8388,156.19,43
1786954686,77,8388,153.97,42
1786954688,49,8388,138.78,42
1786954689,49,8388,137.88,42
1786954690,49,8388,138.60,42
1786954691,49,8388,139.09,42
1786954692,49,8388,138.56,42
1786954693,48,8388,138.56,42
1786954694,50,8388,138.20,42
1786954695,48,8388,139.04,42
1786954696,49,8388,139.23,42
1786954697,49,8388,138.95,42
1786954698,50,8388,138.13,42
1786954699,49,8388,138.16,41
1786954701,49,8388,138.59,41
1786954702,49,8388,138.41,41
1786954703,49,8388,139.23,41
1786954704,49,8388,138.10,41
1786954705,49,8388,138.17,41
1786954706,49,8388,138.51,41
1786954707,49,8388,138.34,41
1786954708,49,8388,138.07,41
1786954709,49,8388,138.18,41
1786954710,0,8388,121.30,41
1786954711,0,8388,117.78,41
1786954712,0,8388,117.49,40
1786954713,0,8388,117.78,40
1786954715,0,8388,117.42,40
1786954716,0,8388,117.61,40
1786954717,0,8388,117.25,40
1786954718,0,8388,117.59,40
1786954719,0,8388,117.32,40
1786954720,0,8388,117.44,40
1786954721,0,8388,117.14,40
1786954722,0,8388,117.39,40
1786954723,0,8388,117.05,40
1786954724,0,8388,117.22,40
1786954725,0,8388,117.09,40
1786954726,0,8388,117.29,40
1786954727,0,8388,117.07,40
1786954728,0,8388,117.24,40
1786954730,0,8388,116.91,40
1786954731,0,8388,117.25,40
1786954732,0,8388,116.84,39
1786954733,0,8388,117.09,39
1786954734,0,8388,116.92,39
1786954735,0,8388,117.02,39
1786954736,0,8388,116.93,39
1786954737,0,8388,116.85,39
1786954738,0,8388,117.09,39
1786954739,0,8388,116.81,39
1786954740,0,8388,116.99,39
1786954741,0,8388,116.61,39
1786954743,0,8388,117.06,39
1786954744,0,8388,116.61,39
1786954745,0,8388,116.92,39
1786954746,0,8388,116.75,39
1786954747,0,8388,116.69,39
1786954748,0,8388,116.78,39
1786954749,0,8388,116.66,39
1786954750,0,8388,116.74,39
1786954751,0,8388,116.53,39
1786954752,0,8388,116.82,39
1786954753,0,8388,116.57,39
1786954754,0,8388,116.64,39
1786954755,0,8388,116.57,39
1786954757,0,8388,116.47,39
1786954758,0,8388,116.71,39
1786954759,0,8388,116.50,39
1786954760,0,8388,116.76,39
1786954761,0,8388,116.38,39
1786954762,0,8388,116.52,39
1786954763,0,8388,116.55,38
1786954764,0,8388,116.29,38
1786954765,0,8388,116.66,38
1786954766,0,8388,116.34,38
1786954767,0,8388,116.58,38
1786954768,0,8388,116.56,38
1786954769,0,8388,116.32,38
1786954770,0,8388,116.59,38
1786954772,0,8388,116.33,38
1786954773,0,8388,116.42,38
1786954774,0,8388,116.45,38
1786954775,0,8388,116.23,38
1786954776,0,8388,116.46,38
1786954777,0,8388,116.21,38
1786954778,0,8388,116.38,38
1786954779,0,8388,116.24,38
1786954780,0,8388,116.20,38
1786954781,0,8388,116.42,38
1786954782,0,8388,116.14,38
1786954783,0,8388,116.18,38
1786954784,0,8388,116.41,38
1786954786,0,8388,116.21,38
1786954787,0,8388,116.52,38
1786954788,0,8388,116.26,38
1786954789,0,8388,116.17,38
1786954790,0,8388,116.49,38
1786954791,0,8388,116.11,38
1786954792,0,8388,116.28,38
1786954793,0,8388,116.49,38
1786954794,0,8388,116.08,38
1786954795,0,8388,116.25,38
1786954796,0,8388,116.33,38
1786954797,0,8388,116.05,38
1786954798,0,8388,116.46,38
1786954800,0,8388,116.18,38
1786954801,0,8388,116.05,38
1786954802,0,8388,116.45,38
1786954803,0,8388,116.03,38
1786954804,0,8388,116.19,38
1786954805,0,8388,116.19,38
1786954806,0,8388,116.02,38
1786954807,0,8388,116.21,38
1786954808,0,8388,116.14,38
1786954809,0,8388,115.95,38
1786954810,0,8388,116.17,38
1786954811,0,8388,116.11,38
1786954812,0,8388,115.99,38
1786954813,0,8388,116.17,38
1786954815,0,8388,115.89,38
1786954816,0,8388,115.85,38
1786954817,0,8388,116.14,38
1786954818,0,8388,115.84,38
1786954819,0,8388,115.97,37
1786954820,0,8388,116.11,37
1786954821,0,8388,115.80,37
1786954822,0,8388,115.81,37
1786954823,0,8388,116.11,37
1786954824,0,8388,115.91,37
1786954825,0,8388,115.93,37
1786954826,0,8388,116.08,37
1786954827,0,8388,115.91,37
1786954829,0,8388,115.92,37
1786954830,0,8388,116.01,37
1786954831,0,8388,116.00,37
1786954832,0,8388,115.84,37
1786954833,0,8388,116.19,37
1786954834,0,8388,115.99,37
1786954835,0,8388,115.71,37
1786954836,0,8388,115.90,37
1786954837,0,8388,115.95,37
1786954838,0,8388,115.81,37
1786954839,0,8388,116.01,37
1786954840,0,8388,115.96,37
1786954841,0,8388,115.72,37
1786954842,0,8388,115.78,37
1786954844,0,8388,115.99,37
1786954845,0,8388,115.69,37
1786954846,0,8388,115.75,37
1786954847,0,8388,115.95,37
1786954848,0,8388,115.71,37
1786954849,0,8388,115.80,37
1786954850,0,8388,115.95,37
1786954851,0,8388,115.82,37
1786954852,0,8388,115.78,37
1786954853,0,8388,116.05,37
1786954854,0,8388,115.75,37
1786954855,0,8388,115.62,37
1786954856,0,8388,115.74,37
1786954857,0,8388,115.86,37
1786954859,0,8388,115.81,37
1786954860,0,8388,115.68,37
1786954861,0,8388,116.06,37
1786954862,0,8388,115.72,37
1786954863,99,8388,158.97,40
1786954864,99,8388,276.97,41
1786954865,98,8388,276.33,41
1786954866,99,8388,276.68,42
1786954867,99,8388,276.08,42
1786954868,99,8388,275.51,42
1786954869,99,8388,279.92,43
1786954870,99,8388,276.44,43
1786954871,98,8388,275.26,43
1786954873,98,8388,275.32,43
1786954874,99,8388,277.48,43
1786954875,99,8388,279.66,43
1786954876,99,8388,276.38,44
1786954877,99,8388,279.18,44
1786954878,99,8388,275.40,44
1786954879,98,8388,273.44,44
1786954880,99,8388,272.67,44
1786954881,99,8388,276.84,44
1786954882,99,8388,276.99,45
1786954883,99,8388,278.67,45
1786954884,98,8388,274.73,45
1786954885,98,8388,276.84,45
1786954887,98,8388,279.36,45
1786954888,99,8388,278.54,45
1786954889,99,8388,279.05,45
1786954890,99,8388,281.73,45
1786954891,99,8388,278.41,45
1786954892,99,8388,276.58,45
1786954893,99,8388,276.31,45
1786954894,99,8388,281.56,46
1786954895,99,8388,278.96,46
1786954896,99,8388,279.40,46
1786954897,99,8388,273.66,46
1786954898,98,8388,281.30,46
1786954899,98,8388,278.27,46
1786954901,99,8388,276.58,46
1786954902,99,8388,279.05,46
1786954903,99,8388,279.28,46
1786954904,99,8388,280.56,46
1786954905,99,8388,281.51,46
1786954906,98,8388,279.48,46
1786954907,99,8388,281.85,46
1786954908,99,8388,277.48,46
1786954909,99,8388,277.33,47
1786954910,99,8388,278.52,47
1786954911,99,8388,278.11,47
1786954912,98,8388,277.81,47
1786954913,98,8388,280.91,47
1786954915,99,8388,278.71,47
1786954916,99,8388,280.49,47
1786954917,99,8388,277.18,47
1786954918,99,8388,279.50,47
1786954919,99,8388,283.34,47
1786954920,98,8388,279.39,47
1786954921,99,8388,277.88,47
1786954922,99,8388,279.32,47
1786954923,99,8388,280.16,47
1786954924,99,8388,277.62,47
1786954925,99,8388,278.02,47
1786954926,98,8388,279.69,47
1786954927,99,8388,277.62,48
1786954929,99,8388,281.71,47
1786954930,99,8388,274.44,48
1786954931,99,8388,283.19,48
1786954932,99,8388,277.41,48
1786954933,98,8388,276.60,48
1786954934,98,8388,283.97,48
1786954935,99,8388,278.62,48
1786954936,99,8388,279.79,48
1786954937,99,8388,280.36,48
1786954938,99,8388,279.01,48
1786954939,98,8388,281.21,48
1786954940,99,8388,282.43,48
1786954942,99,8388,281.42,48
1786954943,99,8388,277.83,48
1786954944,99,8388,281.00,48
1786954945,99,8388,278.19,48
1786954946,98,8388,280.42,48
1786954947,98,8388,280.69,48
1786954948,99,8388,275.87,48
1786954949,99,8388,279.43,48
1786954950,99,8388,277.61,48
1786954951,99,8388,281.73,48
1786954952,99,8388,285.11,48
1786954953,98,8388,276.13,48
1786954954,99,8388,280.57,48
1786954956,99,8388,280.59,48
1786954957,99,8388,276.48,48
1786954958,99,8388,282.99,48
1786954959,98,8388,281.78,48
1786954960,98,8388,281.76,48
1786954961,98,8388,276.82,48
1786954962,99,8388,280.37,49
1786954963,99,8388,276.89,48
1786954964,99,8388,279.83,49
1786954965,99,8388,280.91,48
1786954966,99,8388,278.73,49
1786954967,98,8388,277.93,48
1786954968,98,8388,279.67,49
1786954970,99,8388,277.77,49
1786954971,99,8388,283.23,49
1786954972,99,8388,275.82,49
1786954973,99,8388,277.67,49
1786954974,99,8388,278.99,49
1786954975,98,8388,280.07,49
1786954976,98,8388,279.05,49
1786954977,98,8388,279.30,49
1786954978,37,8388,224.98,47
1786954979,100,8388,210.75,47
1786954980,100,8388,212.57,47
1786954981,100,8388,212.81,47
1786954983,100,8388,213.10,47
1786954984,100,8388,211.79,47
1786954985,100,8388,212.61,47
1786954986,100,8388,211.97,47
1786954987,100,8388,210.69,46
1786954988,100,8388,212.46,46
1786954989,100,8388,212.36,46
1786954990,100,8388,212.42,46
1786954991,100,8388,212.38,46
1786954992,100,8388,212.25,46
1786954993,100,8388,211.82,46
1786954995,100,8388,211.34,46
1786954996,100,8388,211.35,46
1786954997,100,8388,211.85,46
1786954998,100,8388,211.96,46
1786954999,100,8388,212.25,46
1786955000,100,8388,211.28,46
1786955001,100,8388,211.31,46
1786955002,100,8388,211.14,46
1786955003,100,8388,211.21,46
1786955004,100,8388,212.38,46
1786955005,100,8388,212.25,46
1786955006,100,8388,211.91,46
1786955008,100,8388,210.75,46
1786955009,100,8388,212.71,46
1786955010,100,8388,212.62,46
1786955011,100,8388,211.49,46
1786955012,100,8388,210.98,46
1786955013,100,8388,211.51,46
1786955014,100,8388,211.29,46
1786955015,100,8388,212.00,46
1786955016,100,8388,213.23,46
1786955017,100,8388,211.45,46
1786955018,100,8388,211.85,46
1786955020,100,8388,210.88,46
1786955021,100,8388,211.48,46
1786955022,100,8388,210.83,46
1786955023,100,8388,214.10,46
1786955024,100,8388,211.69,46
1786955025,100,8388,211.55,46
1786955026,100,8388,211.79,46
1786955027,100,8388,210.68,46
1786955028,100,8388,211.30,46
1786955029,100,8388,213.91,46
1786955030,100,8388,212.59,46
1786955032,100,8388,213.01,46
1786955033,100,8388,212.08,46
1786955034,100,8388,211.71,46
1786955035,100,8388,212.63,46
1786955036,100,8388,212.98,46
1786955037,100,8388,213.79,46
1786955038,100,8388,212.13,46
1786955039,100,8388,211.12,46
1786955040,100,8388,214.26,46
1786955041,100,8388,212.45,46
1786955042,100,8388,211.66,46
1786955043,100,8388,213.68,46
1786955045,100,8388,213.63,46
1786955046,100,8388,213.98,46
1786955047,100,8388,212.79,46
1786955048,100,8388,212.04,46
1786955049,100,8388,212.57,46
1786955050,100,8388,213.24,46
1786955051,100,8388,211.88,46
1786955052,100,8388,212.43,46
1786955053,100,8388,213.43,46
1786955054,100,8388,213.11,46
1786955055,100,8388,211.33,46
1786955056,100,8388,212.64,46
1786955058,100,8388,212.27,46
1786955059,100,8388,211.60,46
1786955060,100,8388,212.39,46
1786955061,100,8388,212.16,46
1786955062,100,8388,210.60,46
1786955063,100,8388,211.05,46
1786955064,100,8388,210.77,46
1786955065,100,8388,213.54,46
1786955066,100,8388,212.78,47
1786955067,100,8388,213.07,47
1786955068,100,8388,212.92,47
1786955069,100,8388,213.13,47
1786955071,100,8388,213.79,47
1786955072,100,8388,212.94,47
1786955073,100,8388,213.07,47
1786955074,100,8388,213.00,47
1786955075,100,8388,212.90,47
1786955076,100,8388,213.17,47
1786955077,100,8388,212.22,47
1786955078,100,8388,213.07,47
1786955079,100,8388,212.78,47
1786955080,100,8388,212.11,47
1786955081,100,8388,211.89,47
1786955083,100,8388,212.84,47
1786955084,100,8388,213.31,47
1786955085,100,8388,212.71,47
1786955086,100,8388,214.83,47
1786955087,100,8388,211.26,47
1786955088,100,8388,213.76,47
1786955089,100,8388,213.44,47
1786955090,100,8388,212.98,47
1786955091,100,8388,213.83,47
1786955092,100,8388,214.30,47
1786955093,100,8388,212.09,47
1786955095,100,8388,213.24,47
1786955096,100,8388,213.54,47
1786955097,100,8388,213.75,47
1786955098,100,8388,212.71,47
1786955099,100,8388,212.89,47
1786955100,100,8388,214.63,47
1786955101,100,8388,213.36,47
1786955102,100,8388,214.02,47
1786955103,100,8388,213.62,47
1786955104,100,8388,213.40,47
1786955105,100,8388,213.82,47
1786955106,100,8388,213.54,47
1786955108,100,8388,214.74,47
1786955109,100,8388,216.39,47
1786955110,100,8388,216.55,47
1786955111,100,8388,214.12,47
1786955112,100,8388,214.96,47
1786955113,100,8388,217.57,47
1786955114,100,8388,223.37,47
1786955115,100,8388,221.44,47
1786955116,100,8388,215.01,47
1786955117,100,8388,209.54,47
1786955118,100,8388,205.12,47
1786955120,100,8388,203.85,47
1786955121,100,8388,208.96,47
1786955122,100,8388,201.92,47
1786955123,100,8388,199.44,47
1786955124,100,8388,201.00,47
1786955125,100,8388,202.44,47
1786955126,100,8388,206.21,47
1786955127,100,8388,204.88,47
1786955128,100,8388,204.06,47
1786955129,100,8388,203.08,47
1786955130,100,8388,203.53,47
1786955132,100,8388,204.12,47
1786955133,100,8388,203.99,47
1786955134,100,8388,203.11,47
1786955135,99,8388,201.03,47
1786955136,100,8388,197.82,47
1786955137,100,8388,198.93,47
1786955138,100,8388,198.03,47
1786955139,100,8388,199.28,47
1786955140,100,8388,194.89,47
1786955141,100,8388,194.70,47
1786955142,100,8388,194.23,47
1786955144,100,8388,189.47,47
1786955145,100,8388,190.60,47
1786955146,100,8388,193.31,47
1786955147,100,8388,193.01,47
1786955148,100,8388,191.68,47
1786955149,100,8388,190.44,46
1786955150,100,8388,188.72,46
1786955151,100,8388,188.97,46
1786955152,100,8388,187.77,46
1786955153,100,8388,184.66,46
1786955154,100,8388,185.53,46
1786955156,100,8388,186.24,46
1786955157,99,8388,186.35,46
1786955158,100,8388,184.66,46
1786955159,100,8388,183.76,46
1786955160,100,8388,183.27,46
1786955161,100,8388,183.98,46
1786955162,100,8388,182.74,46
1786955163,100,8388,184.29,46
1786955164,100,8388,184.84,46
1786955165,100,8388,185.66,46
1786955166,100,8388,182.38,46
1786955168,100,8388,180.72,46
1786955169,100,8388,178.35,46
1786955170,100,8388,183.37,46
1786955171,100,8388,184.15,46
1786955172,100,8388,184.13,46
1786955173,100,8388,185.56,46
1786955174,100,8388,185.64,46
1786955175,100,8388,188.23,46
1786955176,100,8388,189.74,46
1786955177,100,8388,189.19,46
1786955178,100,8388,190.54,46
1786955180,100,8388,188.94,46
1786955181,100,8388,185.44,46
1786955182,100,8388,182.30,46
1786955183,99,8388,181.12,46
1786955184,100,8388,179.46,45
1786955185,100,8388,179.33,46
1786955186,100,8388,179.38,46
1786955187,100,8388,181.19,46
1786955188,100,8388,179.56,45
1786955189,100,8388,182.08,46
1786955190,100,8388,185.43,46
1786955191,100,8388,183.88,46
1786955193,100,8388,181.30,46
1786955194,100,8388,182.65,45
1786955195,100,8388,181.21,45
1786955196,100,8388,179.40,45
1786955197,100,8388,180.82,45
1786955198,100,8388,181.53,45
1786955199,100,8388,177.57,45
1786955200,100,8388,180.92,45
1786955201,100,8388,182.02,45
1786955202,100,8388,179.80,45
1786955203,100,8388,180.39,45
1786955205,100,8388,177.82,45
1786955206,100,8388,176.07,45
1786955207,100,8388,177.20,45
1786955208,100,8388,177.31,45
1786955209,100,8388,177.85,45
1786955210,100,8388,177.28,45
1786955211,100,8388,176.99,45
1786955212,100,8388,180.98,45
1786955213,100,8388,180.46,45
1786955214,100,8388,179.13,45
1786955215,100,8388,175.53,45
1786955216,100,8388,176.40,45
1786955218,100,8388,173.92,45
1786955219,100,8388,172.14,45
1786955220,100,8388,171.68,45
1786955221,100,8388,178.18,45
1786955222,100,8388,180.08,45
1786955223,100,8388,179.87,45
1786955224,100,8388,186.34,45
1786955225,100,8388,183.76,45
1786955226,100,8388,181.92,45
1786955227,100,8388,180.21,45
1786955228,100,8388,180.24,45
1786955229,100,8388,181.79,45
1786955231,100,8388,178.97,45
1786955232,100,8388,177.63,45
1786955233,100,8388,178.95,45
1786955234,100,8388,178.71,45
1786955235,100,8388,177.57,45
1786955236,100,8388,175.77,45
1786955237,100,8388,172.82,45
1786955238,100,8388,171.38,45
1786955239,100,8388,172.97,45
1786955240,100,8388,172.08,44
1786955241,100,8388,171.39,44
1786955242,100,8388,170.38,44
1786955243,100,8388,168.65,44
1786955245,100,8388,169.12,44
1786955246,100,8388,169.23,44
1786955247,100,8388,168.23,44
1786955248,100,8388,166.70,44
1786955249,100,8388,164.58,44
1786955250,100,8388,164.13,44
1786955251,100,8388,165.05,44
1786955252,100,8388,166.22,44
1786955253,99,8388,159.84,44
1786955254,90,8388,158.86,44
1786955255,49,8388,139.93,43
1786955256,49,8388,140.03,43
1786955258,49,8388,139.67,43
1786955259,49,8388,139.45,43
1786955260,28,8388,134.82,43
1786955261,0,8388,118.57,42
1786955262,0,8388,118.72,42
1786955263,0,8388,118.33,42
1786955264,0,8388,118.47,42
1786955265,0,8388,118.44,42
1786955266,0,8388,118.27,42
1786955267,0,8388,118.50,42
1786955268,0,8388,118.19,42
1786955269,0,8388,118.33,42
1786955271,0,8388,118.13,42
1786955272,0,8388,118.03,42
1786955273,0,8388,118.27,42
1786955274,0,8388,118.04,42
1786955275,0,8388,118.30,41
1786955276,0,8388,117.89,41
1786955277,0,8388,118.04,41
1786955278,0,8388,117.96,41
1786955279,0,8388,117.96,41
1786955280,0,8388,118.06,41
1786955281,0,8388,117.89,41
1786955282,0,8388,117.88,41
1786955283,0,8388,117.68,41
1786955285,0,8388,118.01,41
1786955286,0,8388,117.69,41
1786955287,0,8388,118.00,41
1786955288,0,8388,117.64,41
1786955289,0,8388,117.87,41
1786955290,0,8388,117.72,41
1786955291,0,8388,117.60,41
1786955292,0,8388,117.71,41
1786955293,0,8388,117.68,41
1786955294,0,8388,117.82,41
1786955295,0,8388,117.50,41
1786955296,0,8388,117.70,41
1786955297,0,8388,117.49,41
1786955299,0,8388,117.82,40
1786955300,0,8388,117.48,40
1786955301,0,8388,117.65,40
1786955302,0,8388,117.38,40
1786955303,0,8388,117.65,40
1786955304,0,8388,117.29,40
1786955305,0,8388,117.51,40
1786955306,0,8388,117.36,40
1786955307,0,8388,117.51,40
1786955308,0,8388,117.37,40
1786955309,0,8388,117.47,40
1786955310,0,8388,117.31,40
1786955311,0,8388,117.46,40
1786955313,0,8388,117.11,40
1786955314,0,8388,117.51,40
1786955315,0,8388,117.10,40
1786955316,0,8388,117.40,40
1786955317,0,8388,117.04,40
1786955318,0,8388,117.41,40
1786955319,0,8388,117.16,40
1786955320,0,8388,117.34,40
1786955321,0,8388,116.96,40
1786955322,0,8388,117.23,40
1786955323,0,8388,116.96,40
1786955324,0,8388,117.18,40
1786955325,0,8388,116.97,40
1786955327,0,8388,117.22,40
1786955328,0,8388,116.85,40
1786955329,0,8388,117.25,40
1786955330,0,8388,116.98,40
1786955331,0,8388,116.96,39
1786955332,0,8388,116.88,39
1786955333,0,8388,117.00,39
1786955334,0,8388,117.08,39
1786955335,0,8388,116.96,39
1786955336,0,8388,117.03,39
1786955337,0,8388,116.75,39
1786955338,0,8388,117.23,39
1786955339,0,8388,116.88,39
1786955340,0,8388,117.05,39
1786955342,0,8388,116.82,39
1786955343,0,8388,116.81,39
1786955344,0,8388,116.81,39
1786955345,0,8388,116.68,39
1786955346,0,8388,117.08,39
1786955347,0,8388,116.60,39
1786955348,0,8388,116.94,39
1786955349,0,8388,116.62,39
1786955350,0,8388,116.78,39
1786955351,0,8388,116.61,39
1786955352,0,8388,116.68,39
1786955353,0,8388,116.78,39
1786955354,0,8388,116.56,39
1786955356,0,8388,116.82,39
1786955357,0,8388,116.48,39
1786955358,0,8388,116.69,39
1786955359,0,8388,116.54,39
1786955360,0,8388,116.53,39
1786955361,0,8388,116.74,39
1786955362,99,8388,230.27,42
1786955363,99,8388,274.15,42
1786955364,99,8388,276.61,43
1786955365,99,8388,275.46,43
1786955366,99,8388,277.52,44
1786955367,99,8388,274.11,44
1786955368,99,8388,280.28,44
1786955370,99,8388,275.73,44
1786955371,98,8388,277.01,44
1786955372,98,8388,280.24,45
1786955373,99,8388,277.69,45
1786955374,99,8388,274.42,45
1786955375,99,8388,278.39,45
1786955376,99,8388,277.10,45
1786955377,99,8388,279.48,45
1786955378,98,8388,273.62,45
1786955379,99,8388,278.15,46
1786955380,99,8388,275.06,45
1786955381,99,8388,276.16,46
1786955383,99,8388,278.23,46
1786955384,99,8388,278.57,46
1786955385,98,8388,278.15,46
1786955386,98,8388,281.13,46
1786955387,99,8388,276.61,46
1786955388,99,8388,281.19,46
1786955389,99,8388,281.31,46
1786955390,99,8388,280.55,47
1786955391,99,8388,280.22,47
1786955392,99,8388,275.70,47
1786955393,99,8388,282.76,47
1786955394,99,8388,280.04,47
1786955395,99,8388,279.36,47
1786955397,99,8388,276.34,47
1786955398,98,8388,283.07,47
1786955399,98,8388,281.68,47
1786955400,99,8388,277.91,47
1786955401,99,8388,280.15,47
1786955402,99,8388,279.47,47
1786955403,98,8388,278.34,47
1786955404,98,8388,281.13,47
1786955405,99,8388,276.87,48
1786955407,99,8388,280.36,47
1786955408,99,8388,277.28,48
1786955409,99,8388,280.18,48
1786955410,99,8388,277.19,48
1786955411,99,8388,279.07,48
1786955412,99,8388,282.66,48
1786955413,99,8388,281.30,48
1786955414,99,8388,282.41,48
1786955415,99,8388,280.55,48
1786955416,98,8388,280.86,48
1786955417,98,8388,277.32,48
1786955418,99,8388,280.35,48
1786955419,99,8388,283.68,48
1786955420,99,8388,279.41,48
1786955422,99,8388,279.54,48
1786955423,99,8388,282.01,48
1786955424,98,8388,280.03,48
1786955425,99,8388,278.04,48
1786955426,99,8388,276.98,48
1786955427,99,8388,282.10,48
1786955428,99,8388,284.69,49
1786955429,99,8388,277.93,48
1786955430,99,8388,282.29,49
1786955431,98,8388,274.84,49
1786955432,99,8388,277.19,49
1786955433,99,8388,282.52,49
1786955434,99,8388,277.71,49
1786955436,99,8388,279.31,49
1786955437,99,8388,278.49,49
1786955438,99,8388,283.98,49
1786955439,99,8388,276.95,49
1786955440,98,8388,280.73,49
1786955441,99,8388,277.95,49
1786955442,99,8388,278.15,49
1786955443,99,8388,279.54,49
1786955444,99,8388,276.84,49
1786955445,99,8388,280.28,49
1786955446,99,8388,278.97,49
1786955447,99,8388,284.34,49
1786955448,98,8388,274.05,49
1786955450,98,8388,282.66,49
1786955451,99,8388,277.56,49
1786955452,99,8388,280.22,49
1786955453,99,8388,284.38,49
1786955454,99,8388,274.90,49
1786955455,99,8388,278.13,49
1786955456,98,8388,283.37,49
1786955457,98,8388,278.74,49
1786955458,98,8388,279.74,49
1786955459,99,8388,277.33,49
1786955460,99,8388,276.61,49
1786955461,99,8388,280.05,49
1786955462,99,8388,280.45,49
1786955464,99,8388,277.67,49
1786955465,98,8388,278.90,49
1786955466,98,8388,281.23,49
1786955467,98,8388,279.89,49
1786955468,99,8388,279.18,49
1786955469,99,8388,279.86,49
1786955470,99,8388,280.92,49
1786955471,99,8388,280.85,49
1786955472,99,8388,277.33,49
1786955473,98,8388,280.83,49
1786955474,98,8388,284.78,49
1786955475,98,8388,277.72,49
1786955476,99,8388,278.74,49
1786955478,71,8388,190.37,47
1786955479,69,8388,169.68,46
1786955480,69,8388,174.82,46
1786955481,71,8388,174.15,46
1786955482,69,8388,174.68,46
1786955483,71,8388,175.01,46
1786955484,71,8388,174.51,46
1786955485,69,8388,174.61,46
1786955486,70,8388,173.80,46
1786955487,68,8388,173.66,45
1786955488,51,8388,158.65,45
1786955489,58,8388,163.85,45
1786955491,71,8388,158.64,45
1786955492,71,8388,172.71,45
1786955493,71,8388,174.87,45
1786955494,70,8388,173.71,45
1786955495,68,8388,174.26,45
1786955496,70,8388,174.38,45
1786955497,69,8388,173.33,45
1786955498,71,8388,174.23,45
1786955499,72,8388,174.66,44
1786955500,69,8388,171.23,44
1786955501,70,8388,173.56,44
1786955502,71,8388,173.37,44
1786955503,67,8388,172.82,44
1786955505,70,8388,173.23,44
1786955506,66,8388,170.80,44
1786955507,65,8388,170.59,44
1786955508,69,8388,165.17,44
1786955509,65,8388,171.80,44
1786955510,68,8388,171.25,44
1786955511,65,8388,171.01,44
1786955512,68,8388,172.02,44
1786955513,67,8388,170.58,44
1786955514,68,8388,171.89,44
1786955515,71,8388,171.54,44
1786955516,67,8388,172.57,44
1786955517,66,8388,171.28,43
1786955518,71,8388,169.16,43
1786955520,68,8388,171.77,43
1786955521,67,8388,171.22,43
1786955522,67,8388,171.17,43
1786955523,66,8388,172.05,43
1786955524,68,8388,170.59,43
1786955525,66,8388,169.72,43
1786955526,71,8388,172.14,43
1786955527,70,8388,171.35,43
1786955528,70,8388,173.61,43
1786955529,70,8388,172.42,43
1786955530,68,8388,173.49,43
1786955531,71,8388,173.67,43
1786955532,49,8388,169.25,43
1786955534,71,8388,172.08,43
1786955535,71,8388,168.07,43
1786955536,75,8388,167.70,43
1786955537,74,8388,167.76,43
1786955538,76,8388,142.03,42
1786955539,71,8388,165.54,42
1786955540,28,8388,144.06,42
1786955541,75,8388,167.11,42
1786955542,0,8388,148.55,41
1786955543,74,8388,165.05,42
1786955544,37,8388,155.74,41
1786955545,74,8388,153.14,42
1786955546,71,8388,165.33,42
1786955548,75,8388,144.21,42
1786955549,71,8388,165.49,42
1786955550,75,8388,144.34,42
1786955551,46,8388,153.18,41
1786955552,76,8388,145.68,41
1786955553,0,8388,140.65,41
1786955554,74,8388,136.95,41
1786955555,76,8388,166.21,42
1786955556,74,8388,166.47,42
1786955557,71,8388,166.33,42
1786955559,73,8388,166.33,42
1786955561,61,8388,164.51,42
1786955562,74,8388,160.04,42
1786955563,74,8388,161.55,42
1786955564,70,8388,164.90,42
1786955566,56,8388,157.54,41
1786955567,50,8388,139.68,41
1786955568,75,8388,166.37,41
1786955569,73,8388,164.93,42
1786955571,73,8388,166.18,42
1786955572,76,8388,166.84,42
1786955574,74,8388,165.60,42
1786955575,75,8388,167.20,42
1786955576,82,8388,153.05,41
1786955577,69,8388,161.81,41
1786955578,77,8388,153.55,41
1786955580,85,8388,164.08,41
1786955581,70,8388,169.54,41
1786955582,70,8388,163.80,41
1786955584,62,8388,159.45,41
1786955585,63,8388,169.27,41
1786955586,70,8388,160.77,41
1786955587,70,8388,158.40,41
1786955589,69,8388,170.73,41
1786955590,68,8388,170.94,41
1786955591,69,8388,169.96,41
1786955592,64,8388,168.03,41
1786955594,63,8388,160.78,41
1786955595,62,8388,159.23,41
1786955596,63,8388,160.20,41
1786955597,63,8388,160.87,41
1786955599,62,8388,160.18,41
1786955600,58,8388,158.31,41
1786955601,57,8388,150.85,41
1786955602,56,8388,150.26,41
1786955604,49,8388,145.95,40
1786955605,50,8388,137.85,40
1786955606,50,8388,138.56,40
1786955607,50,8388,137.53,40
1786955608,74,8388,159.22,41
1786955609,73,8388,166.83,41
1786955610,75,8388,166.27,41
1786955612,74,8388,165.79,41
1786955613,73,8388,165.04,41
1786955614,77,8388,165.86,41
1786955615,73,8388,164.85,41
1786955616,75,8388,165.79,41
1786955617,71,8388,163.31,41
1786955619,84,8388,149.84,40
1786955620,85,8388,162.17,40
1786955621,70,8388,162.35,41
1786955622,83,8388,154.44,40
1786955623,72,8388,166.67,40
1786955624,70,8388,159.29,41
1786955626,75,8388,161.89,41
1786955627,65,8388,163.60,41
1786955628,57,8388,165.23,40
1786955629,65,8388,161.10,41
1786955630,60,8388,153.12,40
1786955631,50,8388,148.57,40
1786955633,58,8388,152.50,40
1786955634,56,8388,148.01,40
1786955635,50,8388,141.76,40
1786955636,50,8388,137.81,40
1786955637,50,8388,137.96,40
1786955638,50,8388,137.24,40
1786955639,50,8388,137.84,40
1786955640,50,8388,137.74,40
1786955641,50,8388,137.73,40
1786955642,50,8388,137.41,39
1786955643,49,8388,137.65,39
1786955644,49,8388,137.06,39
1786955646,100,8388,162.51,41
1786955647,100,8388,208.81,41
1786955648,100,8388,208.43,41
1786955649,100,8388,209.01,42
1786955650,100,8388,209.24,42
1786955651,100,8388,208.15,42
1786955652,100,8388,210.32,42
1786955653,100,8388,209.57,42
1786955654,100,8388,210.73,42
1786955655,100,8388,208.18,42
1786955656,100,8388,209.99,42
1786955658,100,8388,209.85,42
1786955659,100,8388,208.44,42
1786955660,100,8388,210.18,42
1786955661,100,8388,209.37,42
1786955662,100,8388,209.66,42
1786955663,100,8388,210.12,42
1786955664,100,8388,209.48,43
1786955665,100,8388,209.04,43
1786955666,100,8388,210.81,43
1786955667,100,8388,206.70,43
1786955668,100,8388,210.93,43
1786955669,100,8388,208.95,43
1786955671,100,8388,209.94,43
1786955672,100,8388,210.18,43
1786955673,100,8388,210.79,43
1786955674,100,8388,209.51,43
1786955675,100,8388,210.65,43
1786955676,100,8388,210.19,43
1786955677,100,8388,209.55,43
1786955678,100,8388,211.35,43
1786955679,100,8388,210.15,43
1786955680,100,8388,210.15,43
1786955681,100,8388,210.51,44
1786955683,100,8388,210.63,44
1786955684,100,8388,209.35,44
1786955685,100,8388,211.52,44
1786955686,100,8388,210.34,44
1786955687,100,8388,211.66,44
1786955688,69,8388,202.92,44
1786955689,100,8388,210.62,44
1786955690,100,8388,211.07,44
1786955691,100,8388,211.10,44
1786955692,100,8388,211.53,44
1786955693,100,8388,211.62,44
1786955694,100,8388,211.09,44
1786955696,100,8388,211.27,44
1786955697,100,8388,211.26,44
1786955698,100,8388,211.77,44
1786955699,100,8388,210.91,44
1786955700,100,8388,210.93,44
1786955701,100,8388,211.17,44
1786955702,100,8388,212.00,44
1786955703,100,8388,211.44,44
1786955704,100,8388,211.03,44
1786955705,100,8388,210.80,44
1786955706,100,8388,211.01,45
1786955707,100,8388,211.70,45
1786955709,100,8388,211.24,45
1786955710,100,8388,210.80,45
1786955711,100,8388,211.87,45
1786955712,100,8388,212.29,45
1786955713,100,8388,212.62,45
1786955714,100,8388,210.75,45
1786955715,100,8388,210.42,45
1786955716,100,8388,212.81,45
1786955717,100,8388,211.72,45
1786955718,100,8388,212.39,45
1786955719,100,8388,211.03,45
1786955721,100,8388,210.73,45
1786955722,100,8388,211.26,45
1786955723,100,8388,211.93,45
1786955724,100,8388,210.96,45
1786955725,100,8388,212.45,45
1786955726,100,8388,212.67,45
1786955727,100,8388,210.97,45
1786955728,100,8388,211.57,45
1786955729,100,8388,212.74,45
1786955730,100,8388,211.17,45
1786955731,100,8388,211.92,45
1786955732,100,8388,211.06,45
1786955734,100,8388,212.27,45
1786955735,100,8388,211.32,45
1786955736,100,8388,212.35,45
1786955737,100,8388,212.27,46
1786955738,100,8388,213.03,46
1786955739,100,8388,212.10,46
1786955740,100,8388,213.32,46
1786955741,100,8388,212.47,46
1786955742,100,8388,212.24,46
1786955743,100,8388,213.17,46
1786955744,100,8388,212.94,46
1786955746,100,8388,210.85,46
1786955747,100,8388,213.44,46
1786955748,100,8388,211.90,46
1786955749,100,8388,212.65,46
1786955750,100,8388,214.37,46
1786955751,100,8388,212.47,46
1786955752,100,8388,213.21,46
1786955753,100,8388,212.69,46
1786955754,100,8388,211.13,46
1786955755,100,8388,212.92,46
1786955756,100,8388,214.46,46
1786955758,100,8388,213.46,46
1786955759,100,8388,212.97,46
1786955760,100,8388,213.57,46
1786955761,100,8388,214.20,46
1786955762,100,8388,214.23,46
1786955763,100,8388,213.06,46
1786955764,100,8388,213.65,46
1786955765,100,8388,213.38,46
1786955766,100,8388,213.27,46
1786955767,100,8388,213.87,46
1786955768,100,8388,215.40,46
1786955770,100,8388,213.71,46
1786955771,100,8388,213.65,46
1786955772,100,8388,214.69,46
1786955773,98,8388,214.92,46
1786955774,100,8388,216.61,46
1786955775,100,8388,213.93,46
1786955776,100,8388,217.27,47
1786955777,100,8388,216.29,47
1786955778,100,8388,215.09,47
1786955779,100,8388,222.42,47
1786955780,100,8388,221.91,47
1786955781,100,8388,215.49,47
1786955783,100,8388,210.30,47
1786955784,100,8388,207.60,47
1786955785,99,8388,205.38,46
1786955786,100,8388,204.94,46
1786955787,100,8388,205.56,47
1786955788,100,8388,205.21,46
1786955789,100,8388,204.20,46
1786955790,100,8388,194.51,46
1786955791,100,8388,199.68,46
1786955792,100,8388,202.48,47
1786955793,100,8388,206.91,47
1786955795,100,8388,208.38,47
1786955796,100,8388,207.12,47
1786955797,100,8388,207.05,47
1786955798,100,8388,207.83,47
1786955799,100,8388,207.69,47
1786955800,100,8388,207.67,47
1786955801,100,8388,208.68,47
1786955802,100,8388,208.40,47
1786955803,100,8388,208.16,47
1786955804,100,8388,208.10,47
1786955805,100,8388,207.10,47
1786955806,100,8388,204.79,47
1786955808,100,8388,201.59,47
1786955809,100,8388,199.92,47
1786955810,100,8388,195.81,46
1786955811,100,8388,194.09,46
1786955812,100,8388,193.41,46
1786955813,100,8388,191.43,46
1786955814,100,8388,191.32,46
1786955815,100,8388,190.92,46
1786955816,100,8388,189.74,46
1786955817,100,8388,191.02,46
1786955818,100,8388,190.87,46
1786955819,100,8388,189.33,46
1786955821,100,8388,189.40,46
1786955822,100,8388,190.12,46
1786955823,100,8388,189.73,46
1786955824,100,8388,190.40,46
1786955825,100,8388,187.61,46
1786955826,100,8388,186.94,46
1786955827,100,8388,188.90,46
1786955828,100,8388,187.21,46
1786955829,100,8388,186.34,46
1786955830,100,8388,187.96,46
1786955831,100,8388,187.92,46
1786955832,100,8388,186.30,46
1786955834,100,8388,185.59,46
1786955835,100,8388,184.65,46
1786955836,100,8388,182.87,46
1786955837,100,8388,184.83,46
1786955838,100,8388,184.28,46
1786955839,100,8388,182.13,46
1786955840,100,8388,181.79,46
1786955841,100,8388,182.48,46
1786955842,100,8388,184.18,46
1786955843,100,8388,185.00,46
1786955844,100,8388,184.22,46
1786955845,100,8388,184.18,46
1786955847,100,8388,185.09,46
1786955848,100,8388,183.43,46
1786955849,100,8388,184.68,46
1786955850,99,8388,183.13,45
1786955851,100,8388,179.81,45
1786955852,100,8388,180.75,45
1786955853,100,8388,180.42,45
1786955854,99,8388,178.43,45
1786955855,99,8388,176.91,45
1786955856,100,8388,178.67,45
1786955857,100,8388,178.28,45
1786955859,100,8388,180.51,45
1786955860,100,8388,184.62,45
1786955861,100,8388,183.88,45
1786955862,100,8388,181.52,45
1786955863,100,8388,181.80,45
1786955864,100,8388,179.01,45
1786955865,100,8388,179.07,45
1786955866,100,8388,176.26,45
1786955867,100,8388,174.45,45
1786955868,99,8388,173.35,45
1786955869,100,8388,172.40,45
1786955870,100,8388,173.48,45
1786955872,100,8388,172.80,45
1786955873,100,8388,172.37,45
1786955874,100,8388,176.64,45
1786955875,100,8388,179.69,45
1786955876,100,8388,180.08,45
1786955877,100,8388,183.43,45
1786955878,100,8388,179.73,45
1786955879,100,8388,180.79,45
1786955880,100,8388,178.52,45
1786955881,100,8388,175.56,45
1786955882,100,8388,182.68,45
1786955884,100,8388,181.08,45
1786955885,100,8388,180.36,45
1786955886,100,8388,177.39,45
1786955887,100,8388,177.15,45
1786955888,100,8388,180.11,45
1786955889,100,8388,177.63,45
1786955890,100,8388,178.36,45
1786955891,100,8388,180.61,45
1786955892,100,8388,186.32,45
1786955893,100,8388,185.13,45
1786955894,100,8388,189.94,45
1786955895,100,8388,185.17,45
1786955896,100,8388,184.46,45
1786955898,100,8388,176.74,45
1786955899,100,8388,179.22,45
1786955900,100,8388,180.14,45
1786955901,100,8388,179.45,45
1786955902,100,8388,179.48,45
1786955903,100,8388,181.69,45
1786955904,100,8388,183.26,45
1786955905,100,8388,187.29,45
1786955906,100,8388,181.20,45
1786955907,100,8388,181.75,45
1786955908,100,8388,183.54,45
1786955910,100,8388,184.05,45
1786955911,100,8388,184.65,45
1786955912,100,8388,185.59,45
1786955913,100,8388,182.96,45
1786955914,100,8388,185.44,45
1786955915,100,8388,183.30,45
1786955916,100,8388,182.06,45
1786955917,100,8388,182.37,45
1786955918,100,8388,181.36,45
1786955919,100,8388,184.35,45
1786955921,100,8388,181.80,45
1786955922,100,8388,179.60,45
1786955923,100,8388,181.66,45
1786955924,100,8388,181.12,45
1786955925,100,8388,182.07,45
1786955926,100,8388,185.11,45
1786955927,100,8388,184.46,45
1786955928,100,8388,186.00,45
1786955929,100,8388,186.07,45
1786955930,100,8388,185.93,45
1786955931,100,8388,183.95,45
1786955932,100,8388,185.03,45
1786955934,100,8388,184.49,45
1786955935,100,8388,180.42,45
1786955936,100,8388,180.88,45
1786955937,100,8388,179.40,44
1786955938,100,8388,177.82,44
1786955939,100,8388,176.68,44
1786955940,100,8388,176.99,44
1786955941,98,8388,178.60,44
1786955942,100,8388,180.25,44
1786955943,100,8388,180.47,44
1786955944,100,8388,181.79,44
1786955945,99,8388,175.27,44
1786955946,99,8388,172.96,44
1786955948,98,8388,175.80,44
1786955949,98,8388,172.86,44
1786955950,99,8388,168.18,44
1786955951,99,8388,167.49,44
1786955952,99,8388,168.55,44
1786955953,99,8388,166.08,44
1786955954,99,8388,164.35,44
1786955955,99,8388,164.28,44
1786955956,99,8388,163.97,44
1786955957,99,8388,164.62,44
1786955958,99,8388,164.62,44
1786955960,99,8388,165.53,44
1786955961,99,8388,164.79,44
1786955962,99,8388,163.03,44
1786955963,99,8388,161.58,44
1786955964,99,8388,163.77,44
1786955965,99,8388,165.52,44
1786955966,99,8388,165.35,44
1786955967,99,8388,164.35,44
1786955968,98,8388,162.73,44
1786955969,99,8388,162.43,43
1786955970,99,8388,158.90,43
1786955971,99,8388,158.24,43
1786955973,99,8388,158.92,43
1786955974,98,8388,160.12,43
1786955975,99,8388,159.54,43
1786955976,99,8388,157.20,43
1786955977,100,8388,158.89,43
1786955978,99,8388,155.42,43
1786955979,99,8388,157.98,43
1786955980,99,8388,160.64,43
1786955981,99,8388,157.40,43
1786955982,99,8388,155.32,43
1786955983,99,8388,156.60,43
1786955985,99,8388,155.99,43
1786955986,99,8388,155.70,43
1786955987,98,8388,155.42,43
1786955988,99,8388,156.24,43
1786955989,99,8388,156.01,43
1786955990,99,8388,155.64,43
1786955991,99,8388,156.56,43
1786955992,99,8388,157.31,43
1786955993,99,8388,156.17,43
1786955994,99,8388,156.29,43
1786955995,100,8388,155.24,43
1786955996,100,8388,156.26,43
1786955998,99,8388,155.15,43
1786955999,99,8388,156.19,43
1786956000,100,8388,155.34,43
1786956001,98,8388,155.62,43
1786956002,100,8388,155.07,43
1786956003,99,8388,156.48,43
1786956004,99,8388,155.08,43
1786956005,99,8388,155.49,43
1786956006,99,8388,157.41,43
1786956007,99,8388,155.71,43
1786956008,99,8388,156.47,42
1786956009,99,8388,156.30,42
1786956011,100,8388,155.28,42
1786956012,99,8388,155.83,42
1786956013,99,8388,156.23,42
1786956014,99,8388,155.18,42
1786956015,99,8388,155.08,42
1786956016,99,8388,155.07,42
1786956017,99,8388,154.68,42
1786956018,99,8388,155.40,42
1786956019,99,8388,155.69,42
1786956020,99,8388,156.38,42
1786956021,99,8388,156.80,42
1786956022,99,8388,155.78,42
1786956024,99,8388,155.39,42
1786956025,99,8388,156.13,42
1786956026,99,8388,155.69,42
1786956027,99,8388,156.58,42
1786956028,99,8388,155.78,42
1786956029,99,8388,155.49,42
1786956030,99,8388,155.80,42
1786956031,99,8388,154.98,42
1786956032,99,8388,154.82,42
1786956033,99,8388,155.72,42
1786956034,99,8388,155.41,42
1786956035,99,8388,155.89,42
1786956037,99,8388,155.63,42
1786956038,98,8388,156.05,42
1786956039,99,8388,155.54,42
1786956040,99,8388,154.71,42
1786956041,99,8388,155.47,42
1786956042,98,8388,155.01,42
1786956043,99,8388,156.13,42
1786956044,99,8388,155.24,42
1786956045,99,8388,156.15,42
1786956046,99,8388,155.70,42
1786956047,98,8388,155.01,42
1786956048,97,8388,154.71,42
1786956049,47,8388,145.45,41
1786956051,48,8388,137.85,41
1786956052,48,8388,137.77,41
1786956053,47,8388,137.19,41
1786956054,47,8388,137.66,41
1786956055,47,8388,137.34,41
1786956056,47,8388,137.61,41
1786956057,47,8388,137.24,41
1786956058,47,8388,137.30,41
1786956059,47,8388,137.27,41
1786956061,47,8388,137.44,41
1786956062,47,8388,136.89,41
1786956063,47,8388,137.13,41
1786956064,47,8388,137.38,41
1786956065,47,8388,137.43,41
1786956066,47,8388,137.14,41
1786956067,48,8388,137.12,41
1786956068,48,8388,137.11,41
1786956070,48,8388,137.60,40
1786956071,48,8388,137.15,40
1786956072,43,8388,135.49,40
1786956073,0,8388,117.40,40
1786956074,0,8388,117.34,40
1786956075,0,8388,117.21,40
1786956076,0,8388,117.24,40
1786956077,0,8388,117.16,40
1786956078,0,8388,117.18,40
1786956079,0,8388,117.03,40
1786956080,0,8388,117.07,39
1786956081,0,8388,117.04,39
1786956082,0,8388,116.91,39
1786956084,0,8388,117.15,39
1786956085,0,8388,116.81,39
1786956086,0,8388,117.06,39
1786956087,0,8388,116.75,39
1786956088,0,8388,116.98,39
1786956089,0,8388,116.81,39
1786956090,0,8388,116.90,39
1786956091,0,8388,116.93,39
1786956092,0,8388,116.75,39
1786956093,0,8388,116.82,39
1786956094,0,8388,116.59,39
1786956095,0,8388,116.68,39
1786956096,0,8388,116.56,39
1786956098,0,8388,116.92,39
1786956099,0,8388,116.51,39
1786956100,0,8388,116.79,39
1786956101,0,8388,116.63,39
1786956102,0,8388,116.55,39
1786956103,0,8388,116.65,39
1786956104,0,8388,116.47,39
1786956105,0,8388,116.82,39
1786956106,0,8388,116.41,39
1786956107,0,8388,116.59,39
1786956108,0,8388,116.51,38
1786956109,0,8388,116.44,38
1786956110,0,8388,116.63,38
1786956112,0,8388,116.32,38
1786956113,0,8388,116.54,38
1786956114,0,8388,116.32,38
1786956115,0,8388,116.37,38
1786956116,0,8388,116.60,38
1786956117,0,8388,116.31,38
1786956118,0,8388,116.60,38
1786956119,0,8388,116.35,38
1786956120,0,8388,116.35,38
1786956121,0,8388,116.45,38
1786956122,0,8388,116.25,38
1786956123,0,8388,116.42,38
1786956124,0,8388,116.26,38
1786956125,0,8388,116.27,38
1786956127,0,8388,116.28,38
1786956128,0,8388,116.07,38
1786956129,0,8388,116.52,38
1786956130,0,8388,116.35,38
1786956131,0,8388,116.08,38
1786956132,0,8388,116.42,38
1786956133,0,8388,116.05,38
1786956134,0,8388,116.08,38
1786956135,0,8388,116.27,38
1786956136,0,8388,116.05,38
1786956137,0,8388,116.46,38
1786956138,0,8388,116.05,38
1786956139,0,8388,116.11,38
1786956141,0,8388,116.36,38
1786956142,0,8388,116.02,38
1786956143,0,8388,116.08,38
1786956144,0,8388,116.39,38
1786956145,0,8388,116.01,38
1786956146,0,8388,116.25,38
1786956147,0,8388,116.09,38
1786956148,0,8388,116.03,38
1786956149,0,8388,116.33,38
1786956150,0,8388,116.05,38
1786956151,0,8388,116.08,38
1786956152,0,8388,116.27,38
1786956153,0,8388,115.90,38
1786956154,0,8388,115.98,38
1786956156,0,8388,116.27,38
1786956157,0,8388,115.94,37
1786956158,0,8388,116.12,37
1786956159,0,8388,116.24,37
1786956160,0,8388,115.92,37
1786956161,0,8388,116.00,37
1786956162,0,8388,116.18,37
1786956163,0,8388,115.88,37
1786956164,0,8388,116.00,37
1786956165,0,8388,115.81,37
1786956166,0,8388,115.78,37
1786956167,0,8388,116.29,37
1786956168,0,8388,116.35,37
1786956169,0,8388,116.14,37
1786956171,0,8388,116.39,37
1786956172,0,8388,116.38,37
1786956173,0,8388,116.18,37
1786956174,0,8388,116.35,37
1786956175,0,8388,116.32,37
1786956176,0,8388,116.18,37
1786956177,0,8388,116.42,37
1786956178,0,8388,115.90,37
1786956179,0,8388,115.85,37
1786956180,0,8388,116.23,37
1786956181,0,8388,116.38,37
1786956182,0,8388,116.11,37
1786956183,0,8388,116.20,37
1786956184,0,8388,116.39,37
1786956186,0,8388,116.14,37
1786956187,0,8388,116.11,37
1786956188,0,8388,116.39,37
1786956189,0,8388,116.21,37
1786956190,0,8388,116.17,37
1786956191,0,8388,116.41,37
1786956192,0,8388,116.14,37
1786956193,0,8388,116.05,37
1786956194,0,8388,116.17,37
1786956195,0,8388,116.30,37
1786956196,0,8388,116.08,37
1786956197,0,8388,116.18,37
1786956198,0,8388,116.49,37
1786956199,0,8388,116.02,37
1786956201,0,8388,116.08,37
1786956202,99,8388,223.52,40
1786956203,99,8388,275.76,41
1786956204,99,8388,277.01,41
1786956205,99,8388,275.53,42
1786956206,99,8388,275.02,42
1786956207,99,8388,277.22,42
1786956208,99,8388,275.85,43
1786956209,98,8388,279.65,43
1786956210,98,8388,275.39,43
1786956211,99,8388,275.52,43
1786956212,99,8388,276.98,43
1786956213,99,8388,276.84,43
1786956215,99,8388,275.76,44
1786956216,98,8388,274.07,44
1786956217,98,8388,279.27,44
1786956218,98,8388,279.05,44
1786956219,99,8388,278.33,44
1786956220,99,8388,277.04,44
1786956221,99,8388,278.49,44
1786956222,99,8388,278.52,44
1786956223,99,8388,274.93,45
1786956224,99,8388,279.96,45
1786956225,99,8388,273.89,45
1786956226,99,8388,278.27,45
1786956227,99,8388,275.22,45
1786956229,99,8388,278.94,45
1786956230,98,8388,281.01,45
1786956231,98,8388,278.62,45
1786956232,99,8388,277.29,45
1786956233,99,8388,279.01,46
1786956234,99,8388,278.20,45
1786956235,99,8388,280.91,46
1786956236,99,8388,276.44,46
1786956237,98,8388,279.93,46
1786956238,99,8388,274.89,46
1786956239,99,8388,280.04,46
1786956240,99,8388,281.43,46
1786956241,98,8388,278.30,46
1786956243,98,8388,279.71,46
1786956244,99,8388,278.16,46
1786956245,99,8388,278.47,47
1786956246,99,8388,277.38,46
1786956247,99,8388,280.73,47
1786956248,98,8388,281.17,47
1786956249,98,8388,282.89,47
1786956250,99,8388,280.17,47
1786956251,99,8388,280.00,47
1786956253,99,8388,282.12,47
1786956254,99,8388,274.99,47
1786956255,98,8388,279.04,47
1786956256,99,8388,280.05,47
1786956257,99,8388,279.42,47
1786956258,99,8388,282.15,47
1786956259,99,8388,272.26,47
1786956260,99,8388,277.26,47
1786956261,98,8388,279.32,47
1786956262,99,8388,279.29,47
1786956263,99,8388,283.12,47
1786956264,99,8388,279.66,47
1786956266,99,8388,279.44,48
1786956267,99,8388,276.41,47
1786956268,98,8388,281.80,48
1786956269,98,8388,279.88,47
1786956270,99,8388,279.85,48
1786956271,99,8388,279.30,48
1786956272,99,8388,278.03,48
1786956273,99,8388,279.27,48
1786956274,99,8388,279.78,48
1786956275,99,8388,279.04,48
1786956276,99,8388,282.08,48
1786956277,99,8388,279.01,48
1786956279,99,8388,280.73,48
1786956280,99,8388,274.80,48
1786956281,98,8388,281.60,48
1786956282,98,8388,281.49,48
1786956283,99,8388,277.19,48
1786956284,99,8388,280.18,48
1786956285,99,8388,277.55,48
1786956286,99,8388,277.45,48
1786956287,99,8388,280.76,48
1786956288,99,8388,279.56,48
1786956289,99,8388,282.36,48
1786956290,99,8388,279.03,48
1786956291,99,8388,280.82,48
1786956293,99,8388,276.26,48
1786956294,98,8388,278.47,48
1786956295,98,8388,284.75,49
1786956296,99,8388,280.36,48
1786956297,99,8388,283.70,49
1786956298,99,8388,277.88,49
1786956299,99,8388,278.78,48
1786956300,99,8388,282.31,49
1786956301,98,8388,279.82,48
1786956302,99,8388,278.64,48
1786956303,99,8388,281.04,49
1786956304,99,8388,278.21,48
1786956306,99,8388,279.72,49
1786956307,99,8388,277.84,49
1786956308,99,8388,280.33,49
1786956309,98,8388,276.64,49
1786956310,99,8388,280.92,49
1786956311,99,8388,276.14,49
1786956312,99,8388,280.32,49
1786956313,99,8388,278.60,49
1786956314,99,8388,277.96,49
1786956315,99,8388,276.51,49
1786956316,99,8388,265.07,47
1786956317,100,8388,193.85,47
1786956318,100,8388,212.46,47
1786956320,100,8388,211.87,47
1786956321,100,8388,212.47,47
1786956322,100,8388,212.27,47
1786956323,100,8388,213.24,47
1786956324,100,8388,212.36,47
1786956325,100,8388,211.71,46
1786956326,100,8388,212.46,46
1786956327,100,8388,212.82,46
1786956328,100,8388,211.93,46
1786956329,100,8388,212.75,46
1786956330,100,8388,211.59,46
1786956332,100,8388,211.71,46
1786956333,100,8388,213.77,46
1786956334,100,8388,211.83,46
1786956335,100,8388,210.60,46
1786956336,100,8388,210.58,46
1786956337,100,8388,210.74,46
1786956338,100,8388,211.85,46
1786956339,100,8388,212.94,46
1786956340,100,8388,211.38,46
1786956341,100,8388,211.97,46
1786956342,100,8388,212.71,46
1786956343,100,8388,211.46,46
1786956345,100,8388,212.32,46
1786956346,100,8388,211.96,46
1786956347,100,8388,211.23,46
1786956348,100,8388,212.34,46
1786956349,100,8388,212.56,46
1786956350,100,8388,211.38,46
1786956351,100,8388,212.24,46
1786956352,100,8388,213.19,46
1786956353,100,8388,211.14,46
1786956354,100,8388,212.76,46
1786956355,100,8388,212.94,46
1786956357,100,8388,212.58,46
1786956358,100,8388,212.42,46
1786956359,100,8388,211.31,46
1786956360,100,8388,214.50,46
1786956361,100,8388,212.74,46
1786956362,100,8388,213.10,46
1786956363,100,8388,211.84,46
1786956364,100,8388,213.15,46
1786956365,100,8388,212.44,46
1786956366,100,8388,212.24,46
1786956367,100,8388,212.47,46
1786956369,100,8388,211.88,46
1786956370,100,8388,214.00,46
1786956371,100,8388,213.87,46
1786956372,100,8388,212.32,46
1786956373,100,8388,212.16,46
1786956374,100,8388,213.63,46
1786956375,100,8388,211.00,46
1786956376,100,8388,211.42,46
1786956377,100,8388,212.23,46
1786956378,100,8388,210.95,46
1786956380,100,8388,212.27,46
1786956381,100,8388,213.28,46
1786956382,100,8388,212.61,46
1786956383,100,8388,212.71,46
1786956384,100,8388,212.11,46
1786956385,100,8388,212.31,46
1786956386,100,8388,213.60,46
1786956387,100,8388,212.67,46
1786956388,100,8388,211.87,46
1786956389,100,8388,212.55,46
1786956390,100,8388,212.75,46
1786956391,100,8388,212.98,46
1786956393,100,8388,212.95,46
1786956394,100,8388,212.49,46
1786956395,100,8388,214.23,46
1786956396,100,8388,212.36,46
1786956397,100,8388,211.00,46
1786956398,100,8388,212.83,46
1786956399,100,8388,212.89,46
1786956400,100,8388,212.83,46
1786956401,100,8388,213.16,46
1786956402,100,8388,214.37,47
1786956403,100,8388,212.09,47
1786956405,100,8388,211.36,47
1786956406,100,8388,213.27,47
1786956407,100,8388,213.45,47
1786956408,100,8388,213.73,47
1786956409,100,8388,212.34,47
1786956410,100,8388,212.51,47
1786956411,100,8388,212.49,47
1786956412,100,8388,212.21,47
1786956413,100,8388,213.15,47
1786956414,100,8388,213.89,47
1786956415,100,8388,214.35,47
1786956417,100,8388,214.38,47
1786956418,100,8388,212.64,47
1786956419,100,8388,213.58,47
1786956420,100,8388,215.37,47
1786956421,100,8388,213.84,47
1786956422,100,8388,213.65,47
1786956423,100,8388,213.48,47
1786956424,100,8388,212.85,47
1786956425,100,8388,213.06,47
1786956426,100,8388,212.88,47
1786956427,100,8388,213.46,47
1786956428,100,8388,212.99,47
1786956430,100,8388,212.09,47
1786956431,100,8388,214.26,47
1786956432,100,8388,213.58,47
1786956433,100,8388,214.20,47
1786956434,100,8388,213.44,47
1786956435,100,8388,213.45,47
1786956436,100,8388,213.45,47
1786956437,100,8388,212.91,47
1786956438,100,8388,213.60,47
1786956439,100,8388,213.46,47
1786956440,100,8388,214.85,47
1786956442,100,8388,215.23,47
1786956443,100,8388,213.19,47
1786956444,100,8388,213.96,47
1786956445,100,8388,215.60,47
1786956446,100,8388,215.53,47
1786956447,100,8388,216.62,47
1786956448,100,8388,215.63,47
1786956449,100,8388,215.78,47
1786956450,100,8388,216.63,47
1786956451,100,8388,218.20,47
1786956452,100,8388,225.67,47
1786956454,100,8388,220.30,47
1786956455,100,8388,210.37,47
1786956456,100,8388,204.67,47
1786956457,100,8388,203.73,47
1786956458,100,8388,204.98,47
1786956459,100,8388,203.96,47
1786956460,100,8388,203.66,47
1786956461,100,8388,202.01,47
1786956462,100,8388,195.64,47
1786956463,100,8388,200.56,47
1786956464,100,8388,206.29,47
1786956465,100,8388,204.60,47
1786956467,100,8388,203.78,47
1786956468,100,8388,205.90,47
1786956469,100,8388,205.04,47
1786956470,100,8388,205.68,47
1786956471,100,8388,208.04,47
1786956472,100,8388,205.83,47
1786956473,100,8388,204.52,47
1786956474,100,8388,201.43,47
1786956475,100,8388,201.09,47
1786956476,100,8388,203.95,47
1786956477,100,8388,204.19,47
1786956478,100,8388,201.33,47
1786956480,100,8388,200.40,47
1786956481,100,8388,199.71,47
1786956482,100,8388,200.35,47
1786956483,100,8388,196.98,47
1786956484,99,8388,196.04,47
1786956485,100,8388,194.22,47
1786956486,100,8388,193.55,47
1786956487,100,8388,190.06,47
1786956488,100,8388,189.74,47
1786956489,100,8388,192.39,47
1786956490,100,8388,191.44,47
1786956492,100,8388,191.42,47
1786956493,100,8388,191.69,47
1786956494,100,8388,190.92,47
1786956495,100,8388,192.92,47
1786956496,100,8388,192.16,46
1786956497,100,8388,190.71,46
1786956498,100,8388,189.49,46
1786956499,100,8388,188.86,46
1786956500,100,8388,189.70,46
1786956501,100,8388,188.86,46
1786956502,100,8388,189.27,46
1786956503,100,8388,186.05,46
1786956505,100,8388,186.70,46
1786956506,100,8388,185.60,46
1786956507,100,8388,186.70,46
1786956508,100,8388,185.20,46
1786956509,100,8388,183.61,46
1786956510,100,8388,184.07,46
1786956511,100,8388,183.08,46
1786956512,100,8388,183.16,46
1786956513,100,8388,182.63,46
1786956514,100,8388,182.63,46
1786956515,100,8388,184.89,46
1786956516,100,8388,182.04,46
1786956518,100,8388,174.93,46
1786956519,100,8388,180.95,46
1786956520,100,8388,183.38,46
1786956521,100,8388,183.97,46
1786956522,100,8388,183.55,46
1786956523,100,8388,181.70,46
1786956524,100,8388,180.57,46
1786956525,100,8388,178.52,46
1786956526,100,8388,181.69,46
1786956527,100,8388,181.39,46
1786956528,100,8388,185.13,46
1786956530,100,8388,186.44,46
1786956531,100,8388,185.08,46
1786956532,100,8388,189.61,46
1786956533,100,8388,190.07,46
1786956534,100,8388,186.17,46
1786956535,100,8388,185.47,46
1786956536,100,8388,181.79,46
1786956537,100,8388,178.01,45
1786956538,100,8388,176.13,45
1786956539,100,8388,178.95,45
1786956540,100,8388,176.54,45
1786956541,100,8388,184.85,45
1786956543,100,8388,184.25,45
1786956544,100,8388,182.71,45
1786956545,100,8388,180.94,45
1786956546,100,8388,179.10,45
1786956547,100,8388,177.70,45
1786956548,100,8388,178.42,45
1786956549,100,8388,176.41,45
1786956550,100,8388,175.16,45
1786956551,100,8388,175.96,45
1786956552,99,8388,175.60,45
1786956553,100,8388,174.25,45
1786956555,100,8388,171.73,45
1786956556,100,8388,170.47,45
1786956557,100,8388,171.42,45
1786956558,100,8388,175.26,45
1786956559,100,8388,171.96,45
1786956560,100,8388,173.99,45
1786956561,100,8388,171.82,45
1786956562,100,8388,170.65,45
1786956563,100,8388,169.88,45
1786956564,100,8388,173.20,45
1786956565,100,8388,174.65,45
1786956566,100,8388,173.26,45
1786956568,100,8388,171.42,45
1786956569,100,8388,170.65,45
1786956570,100,8388,170.94,45
1786956571,100,8388,170.13,44
1786956572,100,8388,166.06,44
1786956573,100,8388,175.43,45
1786956574,100,8388,175.39,45
1786956575,100,8388,173.96,45
1786956576,100,8388,172.80,45
1786956577,100,8388,172.87,45
1786956578,100,8388,173.19,44
1786956580,100,8388,171.87,45
1786956581,100,8388,174.01,44
1786956582,100,8388,173.90,44
1786956583,100,8388,173.78,44
1786956584,100,8388,172.99,44
1786956585,100,8388,172.57,44
1786956586,100,8388,172.84,44
1786956587,100,8388,171.84,44
1786956588,100,8388,170.52,44
1786956589,100,8388,168.93,44
1786956590,100,8388,167.98,44
