timestamp,util_pct,mem_used_mib,power_w,temp_c
1784972960,0,433,115.90,37
1784972961,0,433,115.06,37
1784972963,1,958,115.29,37
1784972964,43,958,120.93,37
1784972965,0,958,115.13,37
1784972967,0,992,115.20,37
1784972968,84,2009,134.33,38
1784972969,61,2009,162.44,38
1784972970,78,2009,164.68,38
1784972971,78,2009,160.90,38
1784972972,67,2009,160.91,38
1784972974,78,2009,165.09,38
1784972975,77,2009,163.20,38
1784972976,68,2009,165.61,38
1784972977,53,2009,162.71,38
1784972978,77,2009,163.97,38
1784972979,78,2009,163.82,39
1784972980,78,2009,161.33,39
1784972981,68,2009,162.50,39
1784972982,67,2009,156.76,39
1784972983,63,2009,158.04,38
1784972985,62,2009,160.73,38
1784972986,65,2009,156.02,39
1784972987,57,2009,157.62,39
1784972988,56,2009,155.68,39
1784972989,65,2009,157.25,39
1784972990,61,2009,156.58,39
1784972991,66,2009,152.21,39
1784972992,67,2009,152.75,39
1784972993,70,2009,150.21,39
1784972994,62,2021,145.60,38
1784972995,72,2021,147.88,38
1784972997,68,2021,147.61,39
1784972998,67,2021,150.28,39
1784972999,57,2021,149.47,38
1784973000,65,2021,148.61,39
1784973001,78,2021,148.31,39
1784973002,78,2021,145.21,39
1784973003,67,2021,145.42,39
1784973004,68,2021,145.13,39
1784973005,57,2021,141.95,39
1784973006,78,2021,140.11,39
1784973007,73,2021,139.61,38
1784973008,76,2021,139.22,38
1784973010,74,2021,136.72,38
1784973011,75,2021,136.48,38
1784973012,76,2021,135.82,38
1784973013,77,2021,134.93,38
1784973014,77,2021,134.38,38
1784973015,77,2021,132.48,38
1784973016,78,2021,130.35,38
1784973017,80,2021,127.44,38
1784973018,81,2021,127.47,38
1784973019,81,2021,125.92,38
1784973020,82,2021,125.61,38
1784973021,33,2021,121.69,38
1784973023,34,2021,120.25,38
1784973024,33,2021,120.04,38
1784973025,0,2021,115.61,38
1784973026,0,2021,115.57,38
1784973027,0,2021,115.63,38
1784973028,69,2979,160.85,40
1784973029,96,2979,275.09,41
1784973030,96,2979,281.16,42
1784973031,96,2979,278.49,42
1784973032,96,2979,278.68,43
1784973033,96,2979,280.56,43
1784973035,96,2979,286.95,43
1784973036,96,2979,283.88,44
1784973037,96,2979,288.23,44
1784973038,96,2979,285.32,44
1784973039,63,2979,278.03,42
1784973040,79,2979,162.75,41
1784973041,72,2979,163.72,41
1784973042,63,2979,157.78,40
1784973043,73,2979,163.45,41
1784973044,71,2979,163.12,41
1784973045,71,2979,158.67,41
1784973047,71,2979,155.71,41
1784973048,62,2979,154.47,40
1784973049,69,2979,158.86,41
1784973050,71,2979,160.42,41
1784973051,53,2979,153.55,40
1784973052,56,2979,154.68,40
1784973053,63,2979,154.08,40
1784973054,60,2979,152.25,40
1784973055,57,2979,152.16,40
1784973056,64,2979,151.65,40
1784973057,62,2979,148.20,40
1784973059,61,2979,146.76,40
1784973060,67,2979,146.32,40
1784973061,61,2979,145.59,40
1784973062,58,2979,143.97,40
1784973063,61,2979,150.97,40
1784973064,62,2979,149.78,40
1784973065,65,2979,148.44,40
1784973066,59,2979,151.00,40
1784973067,67,2979,145.48,40
1784973068,68,2979,148.24,40
1784973069,65,2979,145.59,40
1784973071,66,2979,146.46,40
1784973072,65,2979,143.16,40
1784973073,67,2979,142.57,40
1784973074,57,2979,138.29,40
1784973075,71,2979,138.34,40
1784973076,73,2979,134.86,39
1784973077,74,2979,136.32,39
1784973078,79,2979,134.13,39
1784973079,76,2979,133.77,39
1784973080,77,2979,131.42,39
1784973081,78,2979,132.82,39
1784973083,85,2979,129.40,39
1784973084,81,2979,128.60,39
1784973085,82,2979,127.26,39
1784973086,81,2979,127.03,39
1784973087,82,2979,126.92,39
1784973088,33,2979,121.87,39
1784973089,33,2979,121.33,39
1784973090,33,2979,120.99,39
1784973091,33,2979,120.93,39
1784973092,33,2979,121.16,39
1784973093,0,2979,118.47,39
1784973094,0,2979,116.23,38
1784973096,0,2979,116.48,38
1784973097,0,2979,116.39,38
1784973098,0,2979,116.31,38
1784973099,0,2979,116.63,38
1784973100,0,2979,116.16,38
1784973101,0,2979,116.16,38
1784973102,0,2979,116.34,38
1784973103,0,2979,116.14,38
1784973104,0,2979,116.11,38
1784973105,0,2979,116.21,38
1784973106,0,2979,115.74,38
1784973107,0,2979,115.64,38
1784973109,0,2979,115.78,38
1784973110,0,2979,115.78,38
1784973111,0,2979,115.55,38
1784973112,0,2979,115.85,38
1784973113,0,2979,115.61,38
1784973114,0,2979,115.47,38
1784973115,0,2979,115.63,38
1784973116,0,2979,115.68,38
1784973117,0,2979,115.48,38
1784973118,0,2979,115.60,38
1784973119,0,2979,115.75,38
1784973121,96,2979,283.65,41
1784973122,96,2979,281.35,42
1784973123,96,2979,279.70,43
1784973124,96,2979,280.99,43
1784973125,96,2979,281.29,43
1784973126,96,2979,283.21,43
1784973127,96,2979,285.44,44
1784973128,96,2979,287.81,44
1784973129,96,2979,285.04,44
1784973131,96,2979,286.95,44
1784973132,77,2979,175.47,41
1784973133,62,2979,161.20,41
1784973134,68,2979,160.00,41
1784973135,72,2979,159.85,41
1784973136,61,2979,157.43,41
1784973137,66,2979,158.69,41
1784973138,54,2979,153.40,41
1784973139,68,2979,158.66,41
1784973140,61,2979,150.54,41
1784973141,48,2979,154.43,40
1784973142,57,2979,152.84,40
1784973144,48,2979,147.18,40
1784973145,52,2979,149.19,40
1784973146,52,2979,149.95,40
1784973147,59,2979,150.08,40
1784973148,51,2979,147.63,40
1784973149,56,2979,148.83,40
1784973150,61,2979,150.06,40
1784973151,53,2979,144.72,40
1784973152,52,2979,144.44,40
1784973153,53,2979,146.70,40
1784973155,57,2979,142.72,40
1784973156,57,2979,144.07,40
1784973157,63,2979,141.16,40
1784973158,62,2979,142.76,40
1784973159,60,2979,144.79,40
1784973160,60,2979,145.55,40
1784973161,57,2979,144.41,40
1784973162,60,2979,145.11,40
1784973163,61,2979,146.38,40
1784973164,62,2979,142.71,40
1784973165,64,2979,141.06,40
1784973166,65,2979,141.09,40
1784973168,63,2979,139.13,40
1784973169,65,2979,140.65,40
1784973170,66,2979,140.29,40
1784973171,68,2979,140.50,40
1784973172,69,2979,139.00,40
1784973173,69,2979,139.15,40
1784973174,69,2979,139.34,40
1784973175,69,2979,138.51,40
1784973176,70,2979,138.26,40
1784973177,70,2979,137.76,40
1784973178,66,2979,136.17,39
1784973180,70,2979,137.41,40
1784973181,71,2979,136.65,39
1784973182,72,2979,135.72,39
1784973183,72,2979,134.70,39
1784973184,73,2979,134.27,39
1784973185,74,2979,134.07,39
1784973186,73,2979,133.58,39
1784973187,74,2979,134.34,39
1784973188,74,2979,134.89,39
1784973189,72,2979,135.04,39
1784973190,72,2979,134.67,39
1784973191,73,2979,134.13,39
1784973193,73,2979,133.93,39
1784973194,74,2979,132.71,39
1784973195,76,2979,132.19,39
1784973196,77,2979,131.98,39
1784973197,77,2979,132.01,39
1784973198,77,2979,131.67,39
1784973199,77,2979,131.64,39
1784973200,77,2979,131.87,39
1784973201,76,2979,132.61,39
1784973202,76,2979,132.50,39
1784973203,76,2979,132.13,39
1784973204,77,2979,132.24,39
1784973206,78,2979,132.25,39
1784973207,78,2979,132.38,39
1784973208,68,2979,132.55,39
1784973209,77,2979,132.26,39
1784973210,77,2979,131.20,39
1784973211,77,2979,131.79,39
1784973212,77,2979,130.69,39
1784973213,78,2979,131.10,39
1784973214,78,2979,130.81,39
1784973215,78,2979,131.74,39
1784973216,78,2979,131.06,39
1784973217,78,2979,131.32,39
1784973219,77,2979,131.15,39
1784973220,76,2979,130.82,39
1784973221,74,2979,129.01,39
1784973222,30,2979,123.92,39
1784973223,12,2979,120.86,38
1784973224,96,2979,268.21,42
1784973225,96,2979,281.23,43
1784973226,96,2979,287.46,43
1784973227,96,2979,286.41,44
1784973228,96,2979,284.18,44
1784973229,96,2979,287.68,44
1784973231,96,2979,284.58,44
1784973232,96,2979,285.22,44
1784973233,96,2979,285.66,45
1784973234,96,2979,285.42,44
1784973235,68,2979,171.08,42
1784973236,51,2979,159.38,41
1784973237,59,2979,153.74,41
1784973238,66,2979,155.56,41
1784973239,63,2979,154.65,41
1784973240,60,2979,151.37,41
1784973241,62,2979,156.06,41
1784973242,63,2979,151.57,41
1784973244,59,2979,150.84,41
1784973245,60,2979,151.25,41
1784973246,59,2979,151.23,41
1784973247,55,2979,154.26,41
1784973248,51,2979,151.73,40
1784973249,48,2979,147.93,40
1784973250,44,2979,146.30,40
1784973251,56,2979,151.85,40
1784973252,55,2979,147.48,40
1784973253,55,2979,144.38,40
1784973254,60,2979,144.38,40
1784973255,55,2979,143.61,40
1784973257,59,2979,142.41,40
1784973258,58,2979,145.24,40
1784973259,46,2979,145.23,40
1784973260,59,2979,139.74,40
1784973261,63,2979,142.24,40
1784973262,65,2979,141.26,40
1784973263,67,2979,140.41,40
1784973264,68,2979,138.99,40
1784973265,69,2979,137.56,40
1784973266,69,2979,136.33,40
1784973267,60,2979,135.97,40
1784973269,72,2979,136.77,40
1784973270,72,2979,134.32,40
1784973271,74,2979,132.72,39
1784973272,75,2979,132.48,39
1784973273,76,2979,131.35,39
1784973274,76,2979,131.12,39
1784973275,77,2979,129.78,39
1784973276,78,2979,129.13,39
1784973277,79,2979,128.68,39
1784973278,79,2979,128.70,39
1784973279,80,2979,128.47,39
1784973281,81,2979,128.60,39
1784973282,80,2979,127.93,39
1784973283,80,2979,128.24,39
1784973284,80,2979,127.90,39
1784973285,80,2979,126.96,39
1784973286,80,2979,127.33,39
1784973287,80,2979,127.16,39
1784973288,32,2979,124.50,39
1784973289,32,2979,121.62,39
1784973290,33,2979,122.01,39
1784973291,33,2979,121.68,39
1784973292,33,2979,122.13,39
1784973293,33,2979,121.65,39
1784973295,33,2979,121.65,39
1784973296,32,2979,122.14,39
1784973297,33,2979,121.80,39
1784973298,33,2979,121.78,39
1784973299,33,2979,121.94,39
1784973300,33,2979,121.63,39
1784973301,33,2979,121.74,38
1784973302,33,2979,122.04,38
1784973303,32,2979,121.13,38
1784973304,33,2979,120.93,38
1784973305,33,2979,121.02,38
1784973306,33,2979,120.81,38
1784973308,33,2979,120.93,38
1784973309,33,2979,121.04,38
1784973310,33,2979,121.00,38
1784973311,33,2979,120.86,38
1784973312,33,2979,120.59,38
1784973313,33,2979,120.73,38
1784973314,32,2979,120.89,38
1784973315,0,2979,117.56,38
1784973316,0,2979,115.97,38
1784973317,0,2979,115.88,38
1784973318,0,2979,115.71,38
1784973319,0,2979,115.71,38
1784973321,96,2979,195.90,41
1784973322,96,2979,280.77,42
1784973323,96,2979,282.05,42
1784973324,96,2979,280.85,43
1784973325,96,2979,281.06,43
1784973326,96,2979,284.33,43
1784973327,96,2979,282.65,44
1784973328,96,2979,289.44,44
1784973329,96,2979,284.57,44
1784973330,96,2979,283.69,44
1784973332,75,2979,251.37,42
1784973333,58,2979,154.90,41
1784973334,65,2979,151.42,41
1784973335,63,2979,156.95,41
1784973336,72,2979,155.00,41
1784973337,62,2979,157.29,41
1784973338,65,2979,156.79,41
1784973339,59,2979,152.34,41
1784973340,64,2979,158.87,41
1784973341,64,2979,154.92,41
1784973342,59,2979,153.29,41
1784973344,60,2979,153.63,41
1784973345,49,2979,153.83,41
1784973346,54,2979,149.63,40
1784973347,54,2979,149.92,40
1784973348,55,2979,150.94,40
1784973349,51,2979,147.20,40
1784973350,56,2979,146.73,40
1784973351,60,2979,145.60,40
1784973352,57,2979,142.78,40
1784973353,56,2979,141.46,40
1784973354,60,2979,142.08,40
1784973355,57,2979,143.62,40
1784973357,57,2979,144.49,40
1784973358,58,2979,145.05,40
1784973359,58,2979,145.00,40
1784973360,63,2979,144.82,40
1784973361,52,2979,141.39,40
1784973362,61,2979,141.93,40
1784973363,59,2979,140.79,40
1784973364,56,2979,141.65,40
1784973365,62,2979,140.12,40
1784973366,64,2979,140.79,40
1784973367,65,2979,141.35,40
1784973368,66,2979,138.65,40
1784973370,68,2979,137.35,40
1784973371,68,2979,136.85,40
1784973372,69,2979,135.56,40
1784973373,71,2979,135.38,40
1784973374,72,2979,134.80,40
1784973375,73,2979,133.45,39
1784973376,74,2979,133.87,39
1784973377,74,2979,131.94,39
1784973378,75,2979,133.07,39
1784973379,76,2979,132.88,39
1784973380,76,2979,132.80,39
1784973382,75,2979,132.20,39
1784973383,76,2979,132.38,39
1784973384,76,2979,132.35,39
1784973385,78,2979,132.10,39
1784973386,79,2979,131.15,39
1784973387,78,2979,131.28,39
1784973388,78,2979,131.48,39
1784973389,78,2979,130.05,39
1784973390,78,2979,128.88,39
1784973391,79,2979,129.43,39
1784973392,80,2979,128.35,39
1784973393,80,2979,129.48,39
1784973395,80,2979,128.90,39
1784973396,87,2979,129.31,39
1784973397,80,2979,129.43,39
1784973398,79,2979,128.94,39
1784973399,80,2979,128.86,39
1784973400,80,2979,129.35,39
1784973401,80,2979,128.85,39
1784973402,80,2979,128.89,39
1784973403,80,2979,128.99,39
1784973404,79,2979,128.59,39
1784973405,80,2979,127.96,39
1784973406,85,2979,128.07,39
1784973407,80,2979,128.16,39
1784973409,80,2979,128.03,39
1784973410,80,2979,127.86,39
1784973411,80,2979,128.15,39
1784973412,80,2979,127.96,39
1784973413,80,2979,128.06,39
1784973414,80,2979,127.76,39
1784973415,80,2979,128.03,39
1784973416,80,2979,127.82,39
1784973417,84,2979,128.10,39
1784973418,79,2979,127.86,39
1784973419,43,2979,125.58,38
1784973421,96,2979,192.85,41
1784973422,96,2979,283.54,42
1784973423,96,2979,282.32,43
1784973424,96,2979,285.40,43
1784973425,96,2979,286.12,44
1784973426,96,2979,283.91,44
1784973427,96,2979,284.27,44
1784973428,96,2979,286.47,44
1784973429,96,2979,281.89,44
1784973430,96,2979,286.74,45
1784973431,40,2979,232.32,42
1784973432,40,2979,127.89,41
1784973434,39,2979,128.65,40
1784973435,40,2979,127.16,40
1784973436,40,2979,125.82,40
1784973437,40,2979,126.53,40
1784973438,40,2979,127.63,40
1784973439,39,2979,127.76,40
1784973440,41,2979,127.27,40
1784973441,38,2979,127.66,40
1784973442,40,2979,127.11,40
1784973443,41,2979,126.95,40
1784973444,40,2979,127.72,39
1784973445,41,2979,127.76,39
1784973447,41,2979,127.97,39
1784973448,39,2979,128.11,39
1784973449,39,2979,127.83,39
1784973450,40,2979,127.43,39
1784973451,41,2979,127.51,39
1784973452,39,2979,127.26,39
1784973453,41,2979,128.10,39
1784973454,41,2979,127.36,39
1784973455,40,2979,126.70,39
1784973456,40,2979,126.92,39
1784973457,41,2979,126.77,39
1784973458,39,2979,126.50,39
1784973460,40,2979,127.69,39
1784973461,37,2979,127.29,39
1784973462,40,2979,126.28,39
1784973463,39,2979,126.04,39
1784973464,39,2979,126.78,39
1784973465,41,2979,128.38,39
1784973466,41,2979,126.59,39
1784973467,41,2979,126.68,39
1784973468,40,2979,126.77,39
1784973469,40,2979,127.03,39
1784973470,40,2979,126.76,39
1784973471,39,2979,127.05,39
1784973473,36,2979,126.58,38
1784973474,1,2979,125.38,38
1784973475,27,2979,125.90,38
1784973476,37,2979,125.40,38
1784973477,39,2979,126.35,38
1784973478,38,2979,125.75,38
1784973479,39,2979,124.26,38
1784973480,8,2979,120.65,38
1784973481,32,2979,120.45,38
1784973482,41,2979,120.82,38
1784973483,66,2979,155.67,39
1784973485,70,2979,157.43,39
1784973486,69,2979,157.04,39
1784973487,73,2979,154.75,39
1784973488,66,2979,156.35,39
1784973489,66,2979,155.95,39
1784973490,69,2979,154.79,39
1784973491,67,2979,157.70,39
1784973492,64,2979,152.67,39
1784973493,61,2979,151.94,39
1784973494,55,2979,152.40,39
1784973495,45,2979,148.00,39
1784973497,54,2979,149.38,39
1784973498,60,2979,147.47,39
1784973499,53,2979,145.51,39
1784973500,60,2979,143.95,39
1784973501,64,2979,143.65,39
1784973502,61,2979,141.06,39
1784973503,57,2979,142.91,39
1784973504,62,2979,146.29,39
1784973505,58,2979,145.31,39
1784973506,66,2979,144.60,39
1784973507,63,2979,146.27,39
1784973509,50,2979,143.15,39
1784973510,73,2979,142.58,39
1784973511,67,2979,142.70,39
1784973512,66,2979,142.37,39
1784973513,66,2979,141.81,39
1784973514,61,2979,143.28,39
1784973515,64,2979,140.57,39
1784973516,65,2979,138.94,39
1784973517,67,2979,140.44,39
1784973518,66,2979,138.58,39
1784973519,69,2979,138.42,39
1784973520,69,2979,138.26,39
1784973522,69,2979,137.82,39
1784973523,68,2979,137.08,39
1784973524,69,2979,135.68,39
1784973525,69,2979,135.99,39
1784973526,71,2979,135.03,39
1784973527,71,2979,134.74,39
1784973528,72,2979,135.26,39
1784973529,74,2979,134.32,39
1784973530,74,2979,133.71,39
1784973531,73,2979,133.88,39
1784973532,74,2979,133.62,39
1784973533,74,2979,132.90,39
1784973535,75,2979,132.62,39
1784973536,75,2979,132.99,39
1784973537,76,2979,132.72,39
1784973538,76,2979,132.55,39
1784973539,77,2979,131.40,39
1784973540,77,2979,132.25,39
1784973541,76,2979,130.51,39
1784973542,76,2979,131.16,39
1784973543,76,2979,131.96,39
1784973544,78,2979,132.29,39
1784973545,79,2979,131.37,39
1784973546,78,2979,131.85,39
1784973548,78,2979,130.49,39
1784973549,78,2979,129.04,38
1784973550,70,2979,128.29,38
1784973551,79,2979,129.63,38
1784973552,78,2979,128.62,38
1784973553,79,2979,129.72,38
1784973554,80,2979,129.87,38
1784973555,80,2979,129.21,38
1784973556,79,2979,128.95,38
1784973557,79,2979,129.38,38
1784973558,79,2979,129.38,38
1784973560,81,2979,129.57,38
1784973561,78,2979,129.80,38
1784973562,79,2979,128.70,38
1784973563,81,2979,128.45,38
1784973564,79,2979,128.93,38
1784973565,78,2979,128.84,38
1784973566,78,2979,129.51,38
1784973567,77,2979,129.36,38
1784973568,77,2979,129.35,38
1784973569,78,2979,128.91,38
1784973570,59,2979,125.91,38
1784973571,0,2979,116.03,38
1784973573,0,2979,115.60,38
1784973574,0,2979,115.85,38
1784973575,0,2979,115.67,38
1784973576,96,2979,249.59,41
1784973577,96,2979,277.69,42
1784973578,96,2979,281.70,43
1784973579,96,2979,284.53,43
1784973580,96,2979,280.20,43
1784973581,96,2979,284.72,44
1784973582,96,2979,283.39,44
1784973583,96,2979,283.19,44
1784973585,96,2979,286.57,44
1784973586,96,2979,283.73,44
1784973587,56,2979,191.06,41
1784973588,48,2979,153.30,41
1784973589,64,2979,154.19,41
1784973590,54,2979,151.76,41
1784973591,52,2979,151.27,41
1784973592,59,2979,153.17,41
1784973593,49,2979,150.51,40
1784973594,48,2979,153.55,40
1784973595,56,2979,153.04,41
1784973597,48,2979,152.87,40
1784973598,58,2979,152.92,40
1784973599,60,2979,149.14,40
1784973600,53,2979,151.72,40
1784973601,53,2979,148.51,40
1784973602,53,2979,149.53,40
1784973603,57,2979,152.01,40
1784973604,52,2979,150.02,40
1784973605,52,2979,143.15,40
1784973606,41,2979,144.89,40
1784973607,56,2979,145.67,40
1784973608,55,2979,143.54,40
1784973610,54,2979,141.85,40
1784973611,58,2979,142.35,40
1784973612,58,2979,143.13,40
1784973613,58,2979,145.56,40
1784973614,57,2979,148.32,40
1784973615,49,2979,144.43,40
1784973616,61,2979,144.73,40
1784973617,55,2979,141.66,40
1784973618,61,2979,141.92,40
1784973619,65,2979,142.12,40
1784973621,61,2979,141.55,40
1784973622,62,2979,142.56,40
1784973623,62,2979,141.62,40
1784973624,57,2979,141.38,40
1784973625,63,2979,142.40,40
1784973626,63,2979,139.65,40
1784973627,64,2979,140.77,40
1784973628,55,2979,141.09,40
1784973629,66,2979,140.57,40
1784973630,67,2979,139.69,40
1784973631,67,2979,139.65,40
1784973632,67,2979,140.20,40
1784973634,68,2979,139.42,40
1784973635,69,2979,139.11,40
1784973636,71,2979,139.61,40
1784973637,70,2979,140.03,40
1784973638,71,2979,138.84,40
1784973639,77,2979,139.85,40
1784973640,71,2979,139.82,40
1784973641,71,2979,137.49,40
1784973642,75,2979,139.02,40
1784973643,71,2979,138.79,40
1784973644,78,2979,138.88,40
1784973645,72,2979,139.25,39
1784973647,72,2979,138.84,39
1784973648,73,2979,139.14,39
1784973649,73,2979,137.58,39
1784973650,76,2979,138.31,39
1784973651,73,2979,137.00,39
1784973652,73,2979,136.75,39
1784973653,73,2979,137.22,39
1784973654,73,2979,137.74,39
1784973655,73,2979,137.60,39
1784973656,73,2979,137.06,39
1784973657,73,2979,137.53,39
1784973658,65,2979,137.00,39
1784973660,72,2979,137.88,39
1784973661,73,2979,137.82,39
1784973662,72,2979,137.84,39
1784973663,74,2979,136.05,39
1784973664,75,2979,137.11,39
1784973665,75,2979,136.79,39
1784973666,74,2979,136.00,39
1784973667,74,2979,136.42,39
1784973668,75,2979,136.48,39
1784973669,74,2979,136.95,39
1784973671,74,2979,136.49,39
1784973672,74,2979,135.92,39
1784973673,73,2979,135.71,39
1784973674,73,2979,136.09,39
1784973675,72,2979,136.02,39
1784973676,72,2979,135.97,39
1784973677,72,2979,136.49,39
1784973678,69,2979,136.05,39
1784973679,71,2979,135.43,39
1784973680,70,2979,135.44,39
1784973681,71,2979,132.22,39
1784973683,0,2979,118.43,39
1784973684,0,2979,122.87,40
1784973685,96,2979,284.56,42
1784973686,96,2979,280.95,43
1784973687,96,2979,284.44,43
1784973688,96,2979,285.89,44
1784973689,96,2979,283.54,44
1784973690,96,2979,281.58,44
1784973691,96,2979,286.59,44
1784973692,96,2979,283.09,44
1784973693,96,2979,285.86,45
1784973695,96,2979,284.04,45
1784973696,57,2979,165.06,42
1784973697,61,2979,154.33,41
1784973698,46,2979,154.31,41
1784973699,39,2979,155.53,41
1784973700,65,2979,152.93,41
1784973701,41,2979,153.52,41
1784973702,57,2979,154.16,41
1784973703,65,2979,152.05,41
1784973704,53,2979,152.38,41
1784973705,62,2979,152.89,41
1784973706,58,2979,152.23,41
1784973708,59,2979,147.51,40
1784973709,52,2979,150.26,40
1784973710,53,2979,150.60,40
1784973711,49,2979,147.63,40
1784973712,51,2979,145.70,40
1784973713,52,2979,150.40,40
1784973714,52,2979,148.22,40
1784973715,51,2979,145.62,40
1784973716,55,2979,146.96,40
1784973717,54,2979,145.76,40
1784973718,44,2979,142.30,40
1784973720,56,2979,142.69,40
1784973721,56,2979,141.46,40
1784973722,56,2979,141.76,40
1784973723,54,2979,141.23,40
1784973724,54,2979,142.69,40
1784973725,57,2979,148.58,40
1784973726,55,2979,144.77,40
1784973727,55,2979,144.47,40
1784973728,58,2979,146.51,40
1784973729,58,2979,146.03,40
1784973730,58,2979,142.84,40
1784973732,56,2979,143.24,40
1784973733,61,2979,147.63,40
1784973734,61,2979,144.29,40
1784973735,62,2979,144.66,40
1784973736,57,2979,141.95,40
1784973737,63,2979,142.15,40
1784973738,63,2979,143.11,40
1784973739,64,2979,141.68,40
1784973740,64,2979,142.23,40
1784973741,66,2979,142.39,40
1784973742,66,2979,143.46,40
1784973743,67,2979,141.14,40
1784973744,68,2979,141.48,40
1784973746,66,2979,140.29,40
1784973747,65,2979,139.84,40
1784973748,67,2979,140.97,40
1784973749,69,2979,140.23,40
1784973750,67,2979,139.79,40
1784973751,68,2979,140.64,40
1784973752,67,2979,140.52,40
1784973753,70,2979,140.15,40
1784973754,68,2979,140.04,40
1784973755,71,2979,140.07,40
1784973756,69,2979,140.86,40
1784973758,71,2979,139.68,40
1784973759,71,2979,139.66,40
1784973760,72,2979,139.49,40
1784973761,71,2979,139.78,39
1784973762,70,2979,140.52,39
1784973763,72,2979,139.15,39
1784973764,73,2979,136.64,39
1784973765,71,2979,138.64,39
1784973766,72,2979,137.67,39
1784973767,72,2979,138.68,39
1784973768,72,2979,137.95,39
1784973769,72,2979,138.80,39
1784973771,73,2979,138.33,39
1784973772,72,2979,138.25,39
1784973773,73,2979,138.35,39
1784973774,74,2979,138.64,39
1784973775,73,2979,137.34,39
1784973776,73,2979,138.41,39
1784973777,75,2979,138.03,39
1784973778,73,2979,137.26,39
1784973779,74,2979,138.44,39
1784973780,73,2979,138.84,39
1784973781,73,2979,137.59,39
1784973782,73,2979,137.42,39
1784973783,73,2979,135.99,39
1784973785,72,2979,136.01,39
1784973786,73,2979,135.97,39
1784973787,64,2979,136.73,39
1784973788,73,2979,136.39,39
1784973789,73,2979,136.68,39
1784973790,73,2979,136.12,39
1784973791,72,2979,136.00,39
1784973792,71,2979,135.20,39
1784973793,64,2979,131.59,39
1784973794,0,2979,119.98,39
1784973795,0,2979,116.76,39
1784973796,0,2979,116.59,39
1784973798,0,2979,116.38,38
1784973799,96,2979,233.68,42
1784973800,96,2979,281.10,43
1784973801,96,2979,282.97,43
1784973802,96,2979,284.36,43
1784973803,96,2979,286.25,44
1784973804,95,2979,280.82,44
1784973805,95,2979,280.18,44
1784973806,95,2979,284.62,44
1784973807,95,2979,282.45,44
1784973808,95,2979,285.42,45
1784973810,69,2979,215.81,42
1784973811,64,2979,153.25,41
1784973812,63,2979,153.81,41
1784973813,62,2979,155.40,41
1784973814,52,2979,150.90,41
1784973815,63,2979,153.57,41
1784973816,54,2979,151.95,41
1784973817,60,2979,153.55,41
1784973818,57,2979,150.80,41
1784973819,53,2979,152.02,41
1784973820,55,2979,148.69,41
1784973822,56,2979,148.35,41
1784973823,55,2979,152.13,41
1784973824,42,2979,146.85,40
1784973825,52,2979,150.96,41
1784973826,43,2979,148.99,41
1784973827,53,2979,150.84,40
1784973828,56,2979,145.06,40
1784973829,52,2979,145.45,40
1784973830,55,2979,146.36,40
1784973831,35,2979,142.13,40
1784973832,40,2979,140.70,40
1784973833,53,2979,142.65,40
1784973835,57,2979,141.68,40
1784973836,57,2979,144.62,40
1784973837,51,2979,142.02,40
1784973838,55,2979,142.21,40
1784973839,57,2979,146.39,40
1784973840,55,2979,146.86,40
1784973841,56,2979,148.41,40
1784973842,57,2979,147.77,40
1784973843,47,2979,146.71,40
1784973845,57,2979,148.52,40
1784973846,60,2979,147.39,40
1784973847,60,2979,145.60,40
1784973848,61,2979,146.18,40
1784973849,58,2979,147.31,40
1784973850,57,2979,145.89,40
1784973851,62,2979,144.75,40
1784973852,66,2979,143.40,40
1784973853,62,2979,142.51,40
1784973854,62,2979,143.45,40
1784973855,60,2979,143.57,40
1784973856,61,2979,143.69,40
1784973858,61,2979,142.95,40
1784973859,63,2979,143.31,40
1784973860,62,2979,143.84,40
1784973861,64,2979,143.20,40
1784973862,64,2979,143.92,40
1784973863,62,2979,143.58,40
1784973864,63,2979,143.78,40
1784973865,66,2979,142.16,40
1784973866,64,2979,143.96,40
1784973867,64,2979,143.48,40
1784973868,65,2979,143.47,40
1784973870,64,2979,143.77,40
1784973871,66,2979,143.86,40
1784973872,66,2979,144.60,40
1784973873,66,2979,141.91,40
1784973874,67,2979,142.95,40
1784973875,67,2979,143.20,40
1784973876,68,2979,143.28,40
1784973877,68,2979,143.19,40
1784973878,69,2979,143.03,40
1784973879,58,2979,142.76,40
1784973880,67,2979,142.77,40
1784973881,68,2979,142.46,40
1784973883,68,2979,142.69,40
1784973884,67,2979,141.80,40
1784973885,68,2979,142.75,40
1784973886,68,2979,142.58,40
1784973887,69,2979,143.16,40
1784973888,68,2979,141.95,40
1784973889,67,2979,142.17,40
1784973890,68,2979,142.11,40
1784973891,69,2979,141.01,40
1784973892,67,2979,141.55,40
1784973893,69,2979,142.06,40
1784973895,67,2979,143.13,40
1784973896,69,2979,141.20,40
1784973897,69,2979,141.85,40
1784973898,69,2979,142.12,40
1784973899,69,2979,142.83,40
1784973900,69,2979,141.38,40
1784973901,69,2979,141.02,40
1784973902,68,2979,141.04,40
1784973903,69,2979,139.93,40
1784973904,67,2979,140.34,40
1784973905,69,2979,140.66,40
1784973906,67,2979,141.38,40
1784973907,68,2979,141.10,40
1784973909,66,2979,142.28,40
1784973910,66,2979,139.92,40
1784973911,66,2979,137.57,40
1784973912,30,2979,128.21,39
1784973913,95,2979,215.00,42
1784973914,95,2979,279.21,43
1784973915,96,2979,282.34,43
1784973916,95,2979,285.01,44
1784973917,95,2979,284.48,44
1784973918,95,2979,280.15,44
1784973919,96,2979,284.14,45
1784973921,95,2979,283.37,45
1784973922,95,2979,284.10,45
1784973923,95,2979,283.09,45
1784973924,42,2979,241.54,43
1784973925,60,2979,154.15,42
1784973926,61,2979,155.77,41
1784973927,65,2979,155.63,41
1784973928,61,2979,149.94,41
1784973929,59,2979,156.01,41
1784973930,63,2979,149.42,41
1784973931,57,2979,151.94,41
1784973933,60,2979,153.24,41
1784973934,59,2979,154.23,41
1784973935,52,2979,147.71,41
1784973936,54,2979,150.05,41
1784973937,47,2979,151.40,41
1784973938,55,2979,151.05,41
1784973939,52,2979,150.33,41
1784973940,49,2979,147.74,41
1784973941,51,2979,145.32,41
1784973942,52,2979,147.38,41
1784973944,53,2979,149.74,41
1784973945,40,2979,146.88,41
1784973946,41,2979,148.25,40
1784973947,56,2979,147.95,40
1784973948,56,2979,146.71,40
1784973949,53,2979,142.42,40
1784973950,46,2979,141.59,40
1784973951,55,2979,141.39,40
1784973952,56,2979,140.27,40
1784973953,52,2979,140.24,40
1784973954,57,2979,141.65,40
1784973955,45,2979,139.32,40
1784973957,57,2979,141.19,40
1784973958,58,2979,143.72,40
1784973959,61,2979,144.83,40
1784973960,57,2979,143.92,40
1784973961,57,2979,143.15,40
1784973962,62,2979,145.02,40
1784973963,57,2979,145.49,40
1784973964,56,2979,147.46,40
1784973965,59,2979,145.90,40
1784973966,60,2979,143.63,40
1784973967,57,2979,144.40,40
1784973968,60,2979,143.71,40
1784973970,60,2979,143.66,40
1784973971,59,2979,143.01,40
1784973972,62,2979,143.91,40
1784973973,60,2979,140.27,40
1784973974,60,2979,141.43,40
1784973975,64,2979,142.24,40
1784973976,65,2979,141.22,40
1784973977,65,2979,139.27,40
1784973978,65,2979,140.90,40
1784973979,66,2979,141.03,40
1784973980,67,2979,140.42,40
1784973982,67,2979,140.48,40
1784973983,70,2979,140.01,40
1784973984,71,2979,139.60,40
1784973985,70,2979,140.35,40
1784973986,71,2979,138.47,40
1784973987,71,2979,139.38,40
1784973988,71,2979,138.83,40
1784973989,71,2979,139.51,40
1784973990,71,2979,140.91,40
1784973991,72,2979,139.32,40
1784973992,71,2979,139.21,40
1784973993,71,2979,140.27,40
1784973995,72,2979,139.22,40
1784973996,73,2979,139.48,40
1784973997,72,2979,139.71,40
1784973998,73,2979,139.56,40
1784973999,73,2979,139.13,40
1784974000,72,2979,139.66,40
1784974001,72,2979,139.36,40
1784974002,72,2979,138.82,40
1784974003,73,2979,139.34,40
1784974004,73,2979,140.65,40
1784974005,72,2979,139.51,40
1784974006,72,2979,140.11,40
1784974007,72,2979,139.96,40
1784974009,72,2979,139.77,40
1784974010,72,2979,137.77,40
1784974011,72,2979,139.61,40
1784974012,72,2979,139.33,40
1784974013,71,2979,139.96,40
1784974014,71,2979,138.99,40
1784974015,71,2979,139.88,40
1784974016,70,2979,138.93,40
1784974017,71,2979,137.66,40
1784974018,70,2979,139.03,40
1784974019,70,2979,138.81,40
1784974020,70,2979,138.71,39
1784974022,70,2979,139.02,39
1784974023,70,2979,139.30,39
1784974024,69,2979,136.90,39
1784974025,35,2979,132.73,39
1784974026,24,2979,127.35,39
1784974027,0,2979,118.59,39
1784974028,95,2979,277.66,42
1784974029,95,2979,282.63,43
1784974030,95,2979,278.69,44
1784974031,95,2979,284.51,44
1784974032,95,2979,281.04,44
1784974033,95,2979,284.11,44
1784974035,95,2979,280.78,44
1784974036,95,2979,282.38,45
1784974037,95,2979,284.29,45
1784974038,95,2979,281.28,45
1784974039,38,2979,171.41,41
1784974040,40,2979,127.50,41
1784974041,39,2979,126.46,41
1784974042,39,2979,128.33,40
1784974043,40,2979,124.80,40
1784974044,34,2979,123.74,40
1784974045,39,2979,127.60,40
1784974047,39,2979,127.40,40
1784974048,37,2979,126.82,40
1784974049,39,2979,126.86,40
1784974050,38,2979,127.43,40
1784974051,38,2979,126.99,40
1784974052,38,2979,127.37,40
1784974053,38,2979,127.67,40
1784974054,39,2979,127.20,40
1784974055,39,2979,127.39,40
1784974056,38,2979,126.75,40
1784974057,32,2979,126.65,40
1784974058,35,2979,126.28,40
1784974060,38,2979,125.98,39
1784974061,38,2979,126.73,39
1784974062,39,2979,126.41,39
1784974063,37,2979,125.97,39
1784974064,27,2979,124.06,39
1784974065,13,2979,122.00,39
1784974066,2,2979,120.69,39
1784974067,39,2979,122.30,39
1784974068,52,2979,149.55,40
1784974069,57,2979,151.92,40
1784974070,66,2979,153.03,40
1784974072,69,2979,150.29,40
1784974073,63,2979,154.92,40
1784974074,58,2979,151.19,40
1784974075,54,2979,151.74,40
1784974076,58,2979,151.94,40
1784974077,55,2979,148.66,40
1784974078,52,2979,150.61,40
1784974079,58,2979,148.09,40
1784974080,60,2979,150.48,40
1784974081,50,2979,148.30,40
1784974082,50,2979,147.71,40
1784974083,48,2979,145.11,40
1784974085,52,2979,145.25,40
1784974086,51,2979,145.90,40
1784974087,50,2979,143.94,40
1784974088,52,2979,143.69,40
1784974089,52,2979,145.76,40
1784974090,52,2979,144.91,40
1784974091,49,2979,144.17,40
1784974092,54,2979,144.15,40
1784974093,55,2979,144.44,40
1784974094,50,2979,146.76,40
1784974095,52,2979,145.11,40
1784974096,53,2979,142.90,40
1784974098,55,2979,146.05,40
1784974099,58,2979,146.35,40
1784974100,50,2979,142.13,40
1784974101,55,2979,141.58,40
1784974102,58,2979,143.13,40
1784974103,57,2979,143.22,40
1784974104,57,2979,142.78,40
1784974105,52,2979,141.83,40
1784974106,58,2979,142.68,40
1784974107,60,2979,141.52,40
1784974109,54,2979,141.81,40
1784974110,49,2979,141.46,40
1784974111,63,2979,141.13,40
1784974112,60,2979,140.87,40
1784974113,63,2979,140.24,40
1784974114,65,2979,140.04,40
1784974115,62,2979,140.45,39
1784974116,64,2979,140.98,40
1784974117,66,2979,140.13,40
1784974118,61,2979,140.50,40
1784974119,66,2979,140.06,40
1784974121,67,2979,138.91,39
1784974122,69,2979,139.50,40
1784974123,67,2979,141.45,40
1784974124,69,2979,143.56,40
1784974125,70,2979,142.22,40
1784974126,62,2979,142.74,40
1784974127,68,2979,144.56,40
1784974128,71,2979,146.41,40
1784974129,68,2979,144.82,40
1784974130,57,2979,145.51,40
1784974131,70,2979,144.33,40
1784974132,65,2979,143.98,40
1784974133,70,2979,145.27,40
1784974135,66,2979,144.30,40
1784974136,69,2979,144.16,40
1784974137,68,2979,144.70,40
1784974138,69,2979,143.05,40
1784974139,65,2979,142.52,40
1784974140,55,2979,141.59,40
1784974141,68,2979,142.88,40
1784974142,69,2979,142.31,40
1784974143,67,2979,143.47,40
1784974144,68,2979,142.72,40
1784974145,69,2979,141.05,40
1784974146,69,2979,142.54,40
1784974147,69,2979,142.70,40
1784974149,65,2979,143.49,40
1784974150,67,2979,141.57,40
1784974151,67,2979,142.40,40
1784974152,68,2979,142.17,40
1784974153,68,2979,141.85,40
1784974154,68,2979,142.49,40
1784974155,69,2979,141.97,40
1784974156,69,2979,140.53,40
1784974157,69,2979,142.57,40
1784974158,68,2979,143.09,40
1784974159,68,2979,141.39,40
1784974161,68,2979,141.39,40
1784974162,68,2979,141.12,40
1784974163,64,2979,141.39,40
1784974164,64,2979,140.95,40
1784974165,29,2979,135.50,39
1784974166,26,2979,134.92,39
1784974167,29,2979,132.45,39
1784974168,28,2979,134.17,39
1784974169,29,2979,134.49,39
1784974170,29,2979,134.43,39
1784974171,29,2979,133.26,39
1784974172,29,2979,132.83,39
1784974173,28,2979,132.99,39
1784974175,28,2979,133.36,39
1784974176,28,2979,133.86,39
1784974177,27,2979,133.27,39
1784974178,22,2979,130.27,39
1784974179,23,2979,128.33,39
1784974180,0,2979,118.29,39
1784974181,95,2979,253.13,42
1784974182,95,2979,279.34,43
1784974183,95,2979,279.62,43
1784974184,95,2979,282.26,44
1784974185,95,2979,280.26,44
1784974186,95,2979,279.43,44
1784974188,95,2979,282.76,44
1784974189,95,2979,286.05,45
1784974190,95,2979,282.42,45
1784974191,95,2979,281.59,45
1784974192,71,2979,199.16,42
1784974193,53,2979,155.17,42
1784974194,48,2979,148.64,41
1784974195,59,2979,154.74,41
1784974196,57,2979,150.79,41
1784974197,51,2979,151.80,41
1784974199,58,2979,154.42,41
1784974200,53,2979,151.08,41
1784974201,46,2979,153.25,41
1784974202,49,2979,150.13,41
1784974203,56,2979,149.89,41
1784974204,45,2979,147.61,41
1784974205,55,2979,151.88,41
1784974206,47,2979,147.16,41
1784974207,40,2979,147.92,41
1784974208,43,2979,147.14,41
1784974210,53,2979,151.22,41
1784974211,48,2979,148.86,41
1784974212,38,2979,147.36,40
1784974213,55,2979,146.49,40
1784974214,47,2979,145.60,40
1784974215,55,2979,143.97,40
1784974216,56,2979,141.43,40
1784974217,59,2979,141.72,40
1784974218,55,2979,140.35,40
1784974219,54,2979,138.29,40
1784974220,56,2979,140.26,40
1784974222,56,2979,139.51,40
1784974223,55,2979,140.41,40
1784974224,56,2979,141.79,40
1784974225,56,2979,142.00,40
1784974226,55,2979,140.57,40
1784974227,34,2979,141.59,40
1784974228,53,2979,145.37,40
1784974229,57,2979,147.29,40
1784974230,58,2979,146.94,40
1784974231,59,2979,148.65,40
1784974232,59,2979,148.59,40
1784974233,56,2979,144.99,40
1784974235,60,2979,148.65,40
1784974236,59,2979,148.15,40
1784974237,62,2979,148.06,40
1784974238,60,2979,147.94,40
1784974239,59,2979,147.48,40
1784974240,67,2979,144.96,40
1784974241,66,2979,147.41,40
1784974242,70,2979,145.63,40
1784974243,67,2979,147.21,40
1784974244,70,2979,143.74,40
1784974245,66,2979,146.65,40
1784974246,71,2979,145.01,40
1784974248,66,2979,144.56,40
1784974249,66,2979,147.06,40
1784974250,64,2979,147.78,40
1784974251,64,2979,145.97,40
1784974252,65,2979,147.65,40
1784974253,63,2979,145.90,40
1784974254,63,2979,147.05,40
1784974255,65,2979,146.51,40
1784974256,65,2979,146.25,40
1784974257,60,2979,145.16,40
1784974258,64,2979,147.71,40
1784974260,65,2979,147.38,40
1784974261,65,2979,146.28,40
1784974262,66,2979,146.88,40
1784974263,66,2979,146.09,40
1784974264,66,2979,145.60,40
1784974265,63,2979,147.17,40
1784974266,66,2979,146.05,40
1784974267,66,2979,145.78,40
1784974268,66,2979,145.54,40
1784974269,66,2979,146.15,40
1784974270,66,2979,147.67,40
1784974271,67,2979,145.74,40
1784974273,65,2979,145.79,40
1784974274,66,2979,146.16,40
1784974275,65,2979,144.73,40
1784974276,60,2979,142.68,40
1784974277,67,2979,144.43,40
1784974278,63,2979,145.62,40
1784974279,63,2979,143.66,40
1784974280,66,2979,144.30,40
1784974281,65,2979,144.53,40
1784974282,66,2979,144.49,40
1784974283,66,2979,147.63,40
1784974285,66,2979,144.74,40
1784974286,65,2979,143.49,40
1784974287,66,2979,144.30,40
1784974288,66,2979,143.63,40
1784974289,65,2979,141.38,40
1784974290,65,2979,143.85,40
1784974291,64,2979,143.54,40
1784974292,64,2979,143.18,40
1784974293,65,2979,144.06,40
1784974294,65,2979,144.05,40
1784974295,65,2979,142.24,40
1784974296,65,2979,143.95,40
1784974298,63,2979,142.41,40
1784974299,61,2979,137.66,40
1784974300,0,2979,120.66,40
1784974301,96,2979,279.59,43
1784974302,95,2979,279.00,43
1784974303,96,2979,282.80,44
1784974304,95,2979,279.43,44
1784974305,95,2979,280.42,44
1784974306,95,2979,278.22,45
1784974307,95,2979,283.05,45
1784974308,95,2979,278.54,45
1784974310,95,2979,286.43,45
1784974311,95,2979,282.85,45
1784974312,54,2979,170.84,42
1784974313,49,2979,150.10,42
1784974314,60,2979,152.14,42
1784974315,57,2979,151.89,42
1784974316,51,2979,150.39,42
1784974317,61,2979,156.93,41
1784974318,59,2979,152.15,41
1784974319,42,2979,147.79,41
1784974320,54,2979,153.05,41
1784974322,58,2979,148.31,41
1784974323,49,2979,151.16,41
1784974324,54,2979,148.59,41
1784974325,50,2979,152.49,41
1784974326,40,2979,149.23,41
1784974327,49,2979,148.93,41
1784974328,42,2979,146.19,41
1784974329,51,2979,150.23,41
1784974331,45,2979,145.62,41
1784974332,51,2979,147.58,41
1784974333,56,2979,144.74,41
1784974334,51,2979,144.24,41
1784974335,55,2979,140.69,41
1784974336,52,2979,141.24,41
1784974337,56,2979,143.58,41
1784974338,55,2979,144.22,40
1784974339,45,2979,141.55,40
1784974340,55,2979,144.27,40
1784974341,60,2979,141.35,40
1784974342,56,2979,143.49,40
1784974344,59,2979,142.33,40
1784974345,61,2979,141.80,40
1784974346,61,2979,141.83,40
1784974347,62,2979,147.16,40
1784974348,49,2979,147.12,40
1784974349,61,2979,145.39,40
1784974350,56,2979,144.83,40
1784974351,60,2979,147.00,40
1784974352,62,2979,144.46,40
1784974353,63,2979,142.62,40
1784974354,58,2979,143.96,40
1784974356,59,2979,141.47,40
1784974357,63,2979,145.29,40
1784974358,64,2979,143.76,40
1784974359,66,2979,144.98,40
1784974360,66,2979,143.95,40
1784974361,66,2979,144.53,40
1784974362,61,2979,143.14,40
1784974363,61,2979,145.22,40
1784974364,65,2979,143.28,40
1784974365,66,2979,145.54,40
1784974366,65,2979,144.61,40
1784974367,66,2979,143.60,40
1784974369,65,2979,145.01,40
1784974370,66,2979,145.72,40
1784974371,67,2979,143.87,40
1784974372,67,2979,144.72,40
1784974373,64,2979,142.25,40
1784974374,66,2979,145.20,40
1784974375,66,2979,142.93,40
1784974376,66,2979,144.39,40
1784974377,65,2979,143.57,40
1784974378,66,2979,144.58,40
1784974379,67,2979,142.20,40
1784974381,59,2979,143.70,40
1784974382,67,2979,143.54,40
1784974383,68,2979,143.50,40
1784974384,68,2979,142.69,40
1784974385,58,2979,143.34,40
1784974386,65,2979,143.83,40
1784974387,67,2979,143.49,40
1784974388,65,2979,142.05,40
1784974389,68,2979,141.47,40
1784974390,68,2979,144.62,40
1784974391,68,2979,143.18,40
1784974392,57,2979,142.95,40
1784974394,68,2979,143.55,40
1784974395,67,2979,141.24,40
1784974396,68,2979,141.71,40
1784974397,58,2979,141.76,40
1784974398,68,2979,142.80,40
1784974399,68,2979,141.84,40
1784974400,66,2979,142.11,40
1784974401,69,2979,143.85,40
1784974402,65,2979,142.71,40
1784974403,67,2979,143.19,40
1784974404,68,2979,138.47,40
1784974405,70,2979,137.28,40
1784974406,70,2979,138.38,40
1784974408,70,2979,138.48,40
1784974409,70,2979,137.07,40
1784974410,70,2979,136.99,40
1784974411,70,2979,137.30,40
1784974412,69,2979,138.32,40
1784974413,69,2979,137.02,40
1784974414,68,2979,135.76,40
1784974415,60,2979,133.14,39
1784974416,29,2979,128.87,39
1784974417,23,2979,126.61,39
1784974418,0,2979,118.60,39
1784974420,0,2979,116.69,39
1784974421,95,2979,263.34,42
1784974422,95,2979,282.59,43
1784974423,96,2979,277.86,44
1784974424,96,2979,286.40,44
1784974425,96,2979,277.56,44
1784974426,96,2979,290.45,44
1784974427,96,2979,286.93,45
1784974428,96,2979,287.07,45
1784974429,96,2979,285.80,45
1784974430,96,2979,281.53,45
1784974431,51,2979,206.55,42
1784974433,57,2979,151.65,42
1784974434,55,2979,151.42,42
1784974435,46,2979,151.83,41
1784974436,65,2979,154.70,42
1784974437,48,2979,153.60,41
1784974438,49,2979,153.93,41
1784974439,49,2979,149.99,41
1784974440,59,2979,150.43,41
1784974441,48,2979,150.14,41
1784974442,54,2979,149.33,41
1784974443,46,2979,149.42,41
1784974445,60,2979,150.62,41
1784974446,55,2979,148.69,41
1784974447,50,2979,147.46,41
1784974448,48,2979,147.49,41
1784974449,42,2979,146.24,41
1784974450,49,2979,148.08,41
1784974451,49,2979,148.12,41
1784974452,45,2979,147.94,41
1784974453,49,2979,146.87,41
1784974454,49,2979,147.28,41
1784974455,48,2979,146.00,41
1784974457,37,2979,142.82,40
1784974458,50,2979,144.28,41
1784974459,51,2979,145.58,40
1784974460,52,2979,145.13,40
1784974461,36,2979,140.22,40
1784974462,51,2979,143.43,40
1784974463,51,2979,140.73,40
1784974464,51,2979,141.43,40
1784974465,54,2979,140.68,40
1784974466,53,2979,140.60,40
1784974467,54,2979,142.45,40
1784974469,50,2979,141.25,40
1784974470,54,2979,144.47,40
1784974471,57,2979,143.16,40
1784974472,54,2979,141.56,40
1784974473,54,2979,144.96,40
1784974474,55,2979,141.92,40
1784974475,50,2979,143.27,40
1784974476,56,2979,144.29,40
1784974477,57,2979,145.76,40
1784974478,54,2979,144.67,40
1784974479,57,2979,144.79,40
1784974481,59,2979,143.55,40
1784974482,57,2979,143.45,40
1784974483,58,2979,144.41,40
1784974484,59,2979,144.57,40
1784974485,50,2979,141.81,40
1784974486,59,2979,145.08,40
1784974487,60,2979,143.92,40
1784974488,60,2979,145.04,40
1784974489,56,2979,145.94,40
1784974490,61,2979,146.51,40
1784974491,53,2979,146.05,40
1784974492,62,2979,148.32,40
1784974494,59,2979,150.06,40
1784974495,62,2979,151.31,40
1784974496,63,2979,147.64,40
1784974497,63,2979,150.54,40
1784974498,58,2979,148.11,40
1784974499,66,2979,150.27,40
1784974500,65,2979,150.15,40
1784974501,66,2979,145.75,40
1784974502,63,2979,150.37,40
1784974503,63,2979,148.25,40
1784974504,65,2979,147.95,40
1784974505,63,2979,147.51,40
1784974507,74,2979,148.68,40
1784974508,80,2979,146.40,40
1784974509,78,2979,146.25,40
1784974510,76,2979,147.37,40
1784974511,69,2979,147.35,40
1784974512,67,2979,148.62,40
1784974513,63,2979,147.09,40
1784974514,63,2979,146.76,40
1784974515,65,2979,149.34,40
1784974516,63,2979,147.86,40
1784974517,62,2979,147.20,40
1784974518,65,2979,147.56,40
1784974520,65,2979,147.38,40
1784974521,64,2979,147.56,40
1784974522,65,2979,147.55,40
1784974523,63,2979,147.85,40
1784974524,65,2979,145.66,40
1784974525,65,2979,148.83,40
1784974526,64,2979,147.22,40
1784974527,65,2979,145.97,40
1784974528,62,2979,146.74,40
1784974529,61,2979,147.33,40
1784974530,64,2979,147.38,40
1784974531,65,2979,146.70,40
1784974533,64,2979,145.87,40
1784974534,61,2979,147.21,40
1784974535,51,2979,144.16,40
1784974536,63,2979,146.86,40
1784974537,60,2979,147.15,40
1784974538,60,2979,146.96,40
1784974539,60,2979,148.19,40
1784974540,62,2979,145.59,40
1784974541,59,2979,145.31,40
1784974542,59,2979,145.32,40
1784974543,61,2979,143.49,40
1784974545,50,2979,135.85,40
1784974546,23,2979,128.51,39
1784974547,0,2979,118.50,40
1784974548,95,2979,282.79,43
1784974549,96,2979,281.74,43
1784974550,95,2979,281.17,44
1784974551,95,2979,281.39,44
1784974552,95,2979,288.07,44
1784974553,95,2979,277.98,45
1784974554,96,2979,283.48,45
1784974555,96,2979,281.29,45
1784974556,95,2979,284.03,45
1784974558,95,2979,278.75,45
1784974559,60,2979,164.98,42
1784974560,53,2979,149.20,42
1784974561,56,2979,149.90,42
1784974562,58,2979,152.04,42
1784974563,59,2979,153.85,41
1784974564,59,2979,153.79,41
1784974565,61,2979,155.71,42
1784974566,40,2979,146.36,41
1784974567,54,2979,154.04,41
1784974569,52,2979,151.64,41
1784974570,54,2979,150.76,41
1784974571,46,2979,148.16,41
1784974572,56,2979,154.09,41
1784974573,47,2979,147.96,41
1784974574,49,2979,146.05,41
1784974575,41,2979,146.83,41
1784974576,52,2979,149.14,41
1784974577,30,2979,146.11,41
1784974578,48,2979,147.13,41
1784974580,47,2979,147.96,41
1784974581,40,2979,147.25,41
1784974582,54,2979,143.98,41
1784974583,50,2979,146.24,41
1784974584,51,2979,145.44,41
1784974585,42,2979,142.35,40
1784974586,50,2979,141.44,41
1784974587,47,2979,143.03,41
1784974588,53,2979,143.13,41
1784974589,53,2979,140.80,40
1784974591,44,2979,139.59,40
1784974592,52,2979,140.67,40
1784974593,51,2979,140.37,40
1784974594,54,2979,139.68,40
1784974595,56,2979,139.26,40
1784974596,38,2979,140.39,40
1784974597,56,2979,140.78,40
1784974598,53,2979,141.09,40
1784974599,51,2979,144.71,40
1784974600,59,2979,145.47,40
1784974601,58,2979,145.63,40
1784974602,59,2979,147.99,40
1784974604,58,2979,149.46,40
1784974605,59,2979,148.77,40
1784974606,55,2979,150.58,40
1784974607,56,2979,149.98,40
1784974608,48,2979,146.14,40
1784974609,62,2979,148.20,40
1784974610,59,2979,147.15,40
1784974611,64,2979,149.93,40
1784974612,60,2979,148.85,40
1784974613,53,2979,148.03,40
1784974614,68,2979,148.79,40
1784974616,68,2979,149.28,40
1784974617,72,2979,147.99,40
1784974618,75,2979,148.24,40
1784974619,79,2979,146.77,40
1784974620,77,2979,148.21,40
1784974621,75,2979,147.91,40
1784974622,73,2979,148.09,40
1784974623,72,2979,146.92,40
1784974624,76,2979,145.97,40
1784974625,81,2979,146.44,40
1784974626,58,2979,146.70,40
1784974628,77,2979,146.14,40
1784974629,83,2979,148.69,40
1784974630,82,2979,149.16,40
1784974631,83,2979,147.56,40
1784974632,83,2979,148.38,40
1784974633,82,2979,146.79,40
1784974634,78,2979,148.07,40
1784974635,69,2979,150.01,40
1784974636,67,2979,151.07,40
1784974637,62,2979,148.91,40
1784974638,62,2979,149.28,40
1784974639,65,2979,146.97,40
1784974641,65,2979,147.96,40
1784974642,66,2979,149.26,40
1784974643,65,2979,150.07,40
1784974644,65,2979,149.03,40
1784974645,64,2979,147.74,40
1784974646,64,2979,145.47,40
1784974647,61,2979,147.93,40
1784974648,57,2979,149.67,40
1784974649,64,2979,147.94,40
1784974650,64,2979,147.91,40
1784974651,65,2979,147.77,40
1784974652,66,2979,146.74,40
1784974654,66,2979,148.43,40
1784974655,63,2979,147.14,40
1784974656,56,2979,146.80,40
1784974657,63,2979,148.74,40
1784974658,63,2979,148.23,40
1784974659,63,2979,147.94,40
1784974660,64,2979,145.89,40
1784974661,64,2979,148.28,40
1784974662,61,2979,144.67,40
1784974663,60,2979,147.98,40
1784974664,60,2979,147.46,40
1784974665,62,2979,145.72,40
1784974667,61,2979,145.99,40
1784974668,61,2979,146.55,40
1784974669,59,2979,139.54,40
1784974670,25,2979,133.71,40
1784974671,6,2979,121.40,39
1784974672,0,2979,117.12,39
1784974673,0,2979,116.81,39
1784974674,0,2979,116.85,39
1784974675,0,2979,117.01,39
1784974676,18,2979,129.51,41
1784974677,95,2979,282.90,43
1784974678,95,2979,280.96,43
1784974680,96,2979,281.87,44
1784974681,95,2979,279.56,44
1784974682,96,2979,286.19,44
1784974683,96,2979,282.91,45
1784974684,96,2979,281.03,45
1784974685,96,2979,284.55,45
1784974686,96,2979,283.27,45
1784974687,96,2979,286.56,45
1784974688,41,2979,145.53,42
1784974689,41,2979,128.16,41
1784974691,41,2979,128.28,41
1784974692,41,2979,126.89,41
1784974693,39,2979,124.43,41
1784974694,40,2979,127.11,41
1784974695,41,2979,127.88,40
1784974696,38,2979,127.47,40
1784974697,40,2979,127.69,40
1784974698,39,2979,127.69,40
1784974699,39,2979,127.09,40
1784974700,40,2979,128.20,40
1784974701,40,2979,128.23,40
1784974702,40,2979,127.94,40
1784974703,39,2979,128.12,40
1784974705,40,2979,127.11,40
1784974706,38,2979,127.12,40
1784974707,36,2979,126.99,40
1784974708,37,2979,127.08,40
1784974709,2,2979,125.21,40
1784974710,0,2979,125.44,40
1784974711,0,2979,126.19,40
1784974712,38,2979,128.18,40
1784974713,39,2979,125.27,39
1784974714,39,2979,124.12,39
1784974715,2,2979,120.18,39
1784974716,41,2979,121.58,39
1784974718,66,2979,144.17,40
1784974719,54,2979,151.17,40
1784974720,65,2979,156.97,40
1784974721,56,2979,155.79,40
1784974722,66,2979,157.71,40
1784974723,65,2979,155.09,40
1784974724,48,2979,156.05,40
1784974725,65,2979,155.60,40
1784974726,63,2979,154.60,40
1784974727,61,2979,155.20,40
1784974728,53,2979,151.00,40
1784974730,56,2979,154.49,40
1784974731,44,2979,147.78,40
1784974732,49,2979,150.35,40
1784974733,55,2979,151.17,40
1784974734,42,2979,148.73,40
1784974735,47,2979,149.66,40
1784974736,47,2979,147.80,40
1784974737,55,2979,148.81,40
1784974738,50,2979,147.47,40
1784974739,55,2979,145.56,40
1784974740,58,2979,146.92,40
1784974742,46,2979,144.38,40
1784974743,53,2979,141.45,40
1784974744,47,2979,141.59,40
1784974745,54,2979,145.36,40
1784974746,54,2979,144.52,40
1784974747,56,2979,145.07,40
1784974748,58,2979,145.00,40
1784974749,56,2979,143.82,40
1784974750,58,2979,143.55,40
1784974751,59,2979,140.07,40
1784974752,59,2979,142.53,40
1784974753,59,2979,141.30,40
1784974755,56,2979,141.11,40
1784974756,57,2979,139.79,40
1784974757,60,2979,138.71,40
1784974758,58,2979,141.93,40
1784974759,64,2979,141.43,40
1784974760,62,2979,144.20,40
1784974761,61,2979,144.82,40
1784974762,60,2979,144.43,40
1784974763,61,2979,145.81,40
1784974764,62,2979,144.69,40
1784974765,62,2979,142.19,40
1784974767,51,2979,143.97,40
1784974768,63,2979,144.20,40
1784974769,65,2979,145.79,40
1784974770,65,2979,146.45,40
1784974771,63,2979,146.39,40
1784974772,54,2979,144.31,40
1784974773,65,2979,144.59,40
1784974774,65,2979,145.69,40
1784974775,66,2979,146.14,40
1784974776,66,2979,143.72,40
1784974777,66,2979,145.59,40
1784974778,67,2979,145.27,40
1784974780,68,2979,144.23,40
1784974781,68,2979,143.30,40
1784974782,68,2979,144.80,40
1784974783,68,2979,143.74,40
1784974784,69,2979,142.74,40
1784974785,69,2979,142.17,40
1784974786,69,2979,142.65,40
1784974787,67,2979,144.53,40
1784974788,66,2979,141.93,40
1784974789,58,2979,142.96,40
1784974790,68,2979,143.27,40
1784974792,68,2979,144.21,40
1784974793,68,2979,142.04,40
1784974794,68,2979,143.86,40
1784974795,73,2979,141.06,40
1784974796,75,2979,138.13,40
1784974797,76,2979,139.07,40
1784974798,74,2979,138.80,40
1784974799,72,2979,138.47,40
1784974800,77,2979,138.63,40
1784974801,81,2979,137.11,39
1784974802,80,2979,138.92,40
1784974803,79,2979,137.66,40
1784974805,80,2979,138.05,40
1784974806,79,2979,138.12,40
1784974807,75,2979,138.64,40
1784974808,73,2979,138.21,40
1784974809,80,2979,138.39,40
1784974810,80,2979,138.36,40
1784974811,74,2979,137.38,39
1784974812,77,2979,138.21,39
1784974813,70,2979,138.18,39
1784974814,75,2979,137.59,39
1784974815,76,2979,137.88,39
1784974817,38,2979,133.02,39
1784974818,37,2979,128.34,39
1784974819,35,2979,129.17,39
1784974820,24,2979,129.93,39
1784974821,0,2979,120.07,39
1784974822,0,2979,116.56,39
1784974823,0,2979,116.47,39
1784974824,0,2979,116.75,39
1784974825,0,2979,116.53,39
1784974826,0,2979,116.54,39
1784974827,0,2979,116.79,39
1784974829,0,2979,116.35,39
1784974830,0,2979,116.50,39
1784974831,96,2979,192.30,42
1784974832,96,2979,283.34,42
1784974833,96,2979,281.12,43
1784974834,96,2979,279.39,44
1784974835,96,2979,281.50,44
1784974836,96,2979,282.40,44
1784974837,96,2979,283.63,44
1784974838,96,2979,287.31,44
1784974839,96,2979,283.56,45
1784974840,96,2979,280.99,45
1784974842,53,2979,256.26,43
1784974843,65,2979,158.10,42
1784974844,67,2979,156.12,42
1784974845,56,2979,156.29,42
1784974846,69,2979,157.50,42
1784974847,56,2979,157.63,41
1784974848,62,2979,154.16,41
1784974849,64,2979,152.24,41
1784974850,64,2979,158.91,41
1784974851,61,2979,152.96,41
1784974852,59,2979,157.41,41
1784974854,62,2979,153.14,41
1784974855,51,2979,150.66,41
1784974856,50,2979,148.53,41
1784974857,51,2979,149.25,41
1784974858,49,2979,150.96,41
1784974859,48,2979,149.41,41
1784974860,49,2979,144.62,41
1784974861,41,2979,145.60,41
1784974862,51,2979,149.11,41
1784974863,43,2979,145.85,41
1784974864,54,2979,148.82,41
1784974865,58,2979,145.65,41
1784974867,56,2979,144.08,41
1784974868,45,2979,141.47,41
1784974869,56,2979,143.70,41
1784974870,39,2979,142.60,40
1784974871,60,2979,143.71,40
1784974872,60,2979,142.78,40
1784974873,56,2979,142.04,40
1784974874,60,2979,142.45,40
1784974875,61,2979,141.91,40
1784974876,63,2979,143.59,40
1784974877,62,2979,142.18,40
1784974878,61,2979,141.67,40
1784974880,59,2979,142.66,40
1784974881,56,2979,142.37,40
1784974882,64,2979,144.03,40
1784974883,59,2979,143.42,40
1784974884,59,2979,143.51,40
1784974885,63,2979,144.79,40
1784974886,54,2979,144.09,40
1784974887,59,2979,145.85,40
1784974888,58,2979,143.73,40
1784974889,63,2979,144.32,40
1784974890,61,2979,147.42,40
1784974892,60,2979,146.57,40
1784974893,59,2979,148.40,40
1784974894,64,2979,149.23,40
1784974895,52,2979,147.98,40
1784974896,61,2979,152.19,40
1784974897,62,2979,151.63,40
1784974898,62,2979,152.40,40
1784974899,60,2979,150.61,40
1784974900,63,2979,149.80,40
1784974901,63,2979,148.83,40
1784974903,64,2979,151.82,40
1784974904,68,2979,152.23,41
1784974905,67,2979,151.37,41
1784974906,63,2979,154.04,40
1784974907,64,2979,151.00,40
1784974908,67,2979,149.86,41
1784974909,69,2979,150.88,40
1784974910,71,2979,153.91,41
1784974911,77,2979,151.83,41
1784974912,68,2979,152.87,40
1784974913,66,2979,151.68,40
1784974915,65,2979,148.17,40
1784974916,68,2979,152.75,41
1784974917,72,2979,150.34,41
1784974918,68,2979,148.55,40
1784974919,68,2979,150.48,41
1784974920,66,2979,152.91,41
1784974921,67,2979,150.97,40
1784974922,63,2979,151.72,41
1784974923,60,2979,148.66,40
1784974924,67,2979,150.29,40
1784974925,69,2979,151.75,41
1784974926,72,2979,151.63,41
1784974927,70,2979,149.25,41
1784974929,68,2979,151.15,41
1784974930,69,2979,150.35,41
1784974931,66,2979,152.25,41
1784974932,68,2979,150.36,41
1784974933,65,2979,153.08,41
1784974934,64,2979,149.08,41
1784974935,55,2979,149.57,40
1784974936,64,2979,152.41,40
1784974937,66,2979,151.77,41
1784974938,67,2979,151.39,41
1784974939,65,2979,150.01,40
1784974940,67,2979,151.56,40
1784974942,70,2979,148.81,40
1784974943,64,2979,149.00,40
1784974944,63,2979,151.27,40
1784974945,65,2979,150.49,40
1784974946,64,2979,148.60,40
1784974947,59,2979,150.46,40
1784974948,60,2979,148.66,40
1784974949,60,2979,148.38,40
1784974950,61,2979,141.36,40
1784974951,23,2979,127.42,40
1784974952,76,2979,168.11,42
1784974953,96,2979,279.91,43
1784974955,96,2979,283.70,44
1784974956,96,2979,279.45,44
1784974957,96,2979,283.86,45
1784974958,96,2979,285.86,45
1784974959,96,2979,284.26,45
1784974960,96,2979,285.38,45
1784974961,96,2979,281.58,45
1784974962,96,2979,281.68,45
1784974963,96,2979,283.89,46
1784974964,62,2979,157.91,43
1784974965,62,2979,153.10,42
1784974966,51,2979,154.96,42
1784974968,62,2979,154.10,42
1784974969,67,2979,159.09,42
1784974970,55,2979,154.99,42
1784974971,53,2979,149.77,42
1784974972,51,2979,148.92,42
1784974973,56,2979,151.29,41
1784974974,51,2979,146.83,42
1784974975,50,2979,147.65,41
1784974976,56,2979,147.98,41
1784974977,52,2979,148.14,41
1784974978,51,2979,147.90,41
1784974980,47,2979,147.64,41
1784974981,34,2979,144.44,41
1784974982,52,2979,150.00,41
1784974983,47,2979,147.01,41
1784974984,48,2979,146.99,41
1784974985,43,2979,148.88,41
1784974986,47,2979,148.20,41
1784974987,47,2979,149.13,41
1784974988,35,2979,145.90,41
1784974989,46,2979,146.59,41
1784974990,48,2979,144.81,41
1784974992,43,2979,144.02,41
1784974993,46,2979,142.52,41
1784974994,47,2979,144.17,41
1784974995,40,2979,142.56,41
1784974996,51,2979,142.84,41
1784974997,42,2979,141.80,41
1784974998,52,2979,142.63,41
1784974999,53,2979,140.65,41
1784975000,51,2979,142.38,41
1784975001,54,2979,142.32,41
1784975002,53,2979,140.46,40
1784975004,54,2979,140.91,40
1784975005,49,2979,141.73,40
1784975006,50,2979,141.06,40
1784975007,55,2979,141.18,40
1784975008,58,2979,140.56,40
1784975009,56,2979,141.16,40
1784975010,57,2979,140.79,40
1784975011,57,2979,141.74,40
1784975012,58,2979,140.90,40
1784975013,55,2979,139.98,40
1784975014,60,2979,139.64,40
1784975016,59,2979,142.58,40
1784975017,60,2979,143.66,40
1784975018,60,2979,144.89,40
1784975019,61,2979,145.39,40
1784975020,62,2979,145.66,40
1784975021,60,2979,147.33,40
1784975022,61,2979,145.83,40
1784975023,58,2979,145.02,40
1784975024,59,2979,145.13,40
1784975025,61,2979,144.10,40
1784975026,62,2979,146.09,40
1784975028,62,2979,145.24,40
1784975029,59,2979,145.55,40
1784975030,63,2979,146.89,40
1784975031,64,2979,144.10,40
1784975032,64,2979,147.10,40
1784975033,64,2979,145.42,40
1784975034,64,2979,144.28,40
1784975035,64,2979,146.43,40
1784975036,60,2979,145.59,40
1784975037,60,2979,151.04,40
1784975038,63,2979,146.54,40
1784975039,62,2979,151.45,40
1784975041,64,2979,150.41,40
1784975042,63,2979,151.05,40
1784975043,62,2979,151.06,40
1784975044,56,2979,150.30,40
1784975045,64,2979,153.24,40
1784975046,65,2979,153.39,40
1784975047,64,2979,147.90,40
1784975048,65,2979,152.22,40
1784975049,59,2979,150.39,40
1784975050,63,2979,147.58,40
1784975051,68,2979,149.29,40
1784975053,64,2979,148.84,40
1784975054,65,2979,151.23,40
1784975055,65,2979,146.49,40
1784975056,65,2979,149.33,40
1784975057,66,2979,148.97,40
1784975058,71,2979,148.10,40
1784975059,71,2979,145.95,40
1784975060,75,2979,147.25,40
1784975061,79,2979,147.29,40
1784975062,76,2979,146.09,40
1784975063,82,2979,145.86,40
1784975065,82,2979,146.05,40
1784975066,80,2979,147.15,40
1784975067,77,2979,145.49,40
1784975068,79,2979,146.91,40
1784975069,76,2979,145.82,40
1784975070,71,2979,145.92,40
1784975071,71,2979,145.60,40
1784975072,73,2979,143.33,40
1784975073,78,2979,144.65,40
1784975074,76,2979,145.92,40
1784975075,73,2979,145.29,40
1784975077,77,2979,146.09,40
1784975078,70,2979,143.45,40
1784975079,77,2979,143.95,40
1784975080,59,2979,142.64,40
1784975081,27,2979,132.38,40
1784975082,16,2979,122.22,40
1784975083,0,2979,116.94,39
1784975084,0,2979,117.02,39
1784975085,96,2979,205.17,42
1784975086,96,2979,284.18,43
1784975087,96,2979,282.19,44
1784975089,96,2979,279.97,44
1784975090,96,2979,282.84,44
1784975091,96,2979,281.63,45
1784975092,96,2979,286.79,45
1784975093,96,2979,283.74,45
1784975094,96,2979,282.83,45
1784975095,96,2979,282.60,45
1784975096,63,2979,247.54,43
1784975097,56,2979,151.09,42
1784975099,54,2979,150.93,42
1784975100,57,2979,153.12,42
1784975101,57,2979,148.81,42
1784975102,56,2979,154.25,41
1784975103,54,2979,150.88,41
1784975104,33,2979,148.22,41
1784975105,61,2979,150.45,41
1784975106,53,2979,150.25,41
1784975107,54,2979,150.85,41
1784975109,54,2979,147.57,41
1784975110,55,2979,149.95,41
1784975111,55,2979,151.72,41
1784975112,53,2979,146.61,41
1784975113,50,2979,147.45,41
1784975114,49,2979,148.73,41
1784975115,25,2979,146.61,41
1784975116,49,2979,146.94,41
1784975117,49,2979,149.30,41
1784975118,50,2979,145.54,41
1784975120,49,2979,142.77,41
1784975121,52,3063,142.95,41
1784975122,48,2979,145.84,41
1784975123,52,2979,142.45,41
1784975124,37,2979,139.96,41
1784975125,48,2979,141.12,41
1784975126,51,2979,140.14,41
1784975127,48,2979,140.07,41
1784975129,52,2979,139.88,41
1784975130,55,2979,139.68,40
1784975131,51,2979,139.99,41
1784975132,55,2979,143.73,40
1784975133,52,2979,140.87,40
1784975134,55,2979,141.83,40
1784975135,58,2979,143.67,40
1784975136,55,2979,142.11,40
1784975137,56,2979,144.74,40
1784975138,48,2979,144.79,40
1784975139,56,2979,145.55,40
1784975140,58,2979,143.12,40
1784975142,59,2979,142.47,40
1784975143,58,2979,143.87,40
1784975144,51,2979,143.37,40
1784975145,59,2979,144.79,40
1784975146,59,2979,143.55,40
1784975147,60,2979,142.75,40
1784975148,60,2979,145.24,40
1784975149,50,2979,144.47,40
1784975150,61,2979,144.19,40
1784975151,64,2979,143.14,40
1784975152,59,2979,144.23,40
1784975153,62,2979,145.18,40
1784975154,62,2979,146.15,40
1784975156,61,2979,147.92,40
1784975157,59,2979,151.33,40
1784975158,63,2979,149.32,40
1784975159,60,2979,148.11,40
1784975160,67,2979,150.21,41
1784975161,68,2979,152.77,41
1784975162,70,2979,152.11,40
1784975163,66,2979,150.67,41
1784975164,76,2979,148.51,41
1784975166,77,2979,150.59,41
1784975167,73,2979,150.30,41
1784975168,77,2979,152.79,41
1784975169,77,2979,146.93,40
1784975170,74,2979,150.91,40
1784975171,79,2979,149.97,40
1784975172,78,2979,149.20,41
1784975173,75,2979,148.08,40
1784975174,80,2979,148.57,40
1784975175,80,2979,149.55,40
1784975176,81,2979,150.14,41
1784975177,81,2979,149.41,40
1784975179,77,2979,148.82,40
1784975180,69,2979,149.84,41
1784975181,77,2979,150.69,40
1784975182,81,2979,148.24,40
1784975183,77,2979,145.32,40
1784975184,81,2979,149.83,40
1784975185,72,2979,148.08,40
1784975186,72,2979,147.60,40
1784975187,79,2979,147.76,40
1784975188,81,2979,149.53,40
1784975189,78,2979,151.01,40
1784975190,79,2979,150.84,40
1784975192,76,2979,150.74,40
1784975193,69,2979,151.04,40
1784975194,78,2979,148.15,40
1784975195,74,2979,147.84,40
1784975196,78,2979,148.30,40
1784975197,78,2979,148.51,40
1784975198,74,2979,147.41,40
1784975199,73,2979,147.24,40
1784975200,78,2979,149.22,40
1784975201,77,2979,148.66,40
1784975202,77,2979,148.38,40
1784975203,68,2979,146.83,40
1784975204,74,2979,148.30,40
1784975206,68,2979,147.95,40
1784975207,58,2979,146.15,40
1784975208,41,2979,140.59,40
1784975209,25,2979,132.87,40
1784975210,21,2979,127.66,40
1784975211,0,2979,117.88,40
1784975212,0,2979,116.92,39
1784975213,0,2979,116.87,39
1784975214,0,2979,117.01,39
1784975215,0,2979,116.90,39
1784975216,0,2979,116.91,39
1784975217,0,2979,116.84,41
1784975218,96,2979,283.67,43
1784975220,96,2979,284.17,43
1784975221,96,2979,280.52,44
1784975222,96,2979,280.69,44
1784975223,96,2979,282.01,44
1784975224,96,2979,281.30,45
1784975225,96,2979,282.85,45
1784975226,96,2979,285.79,45
1784975227,96,2979,286.03,45
1784975228,96,2979,281.87,45
1784975229,59,2979,184.91,42
1784975230,54,2979,152.26,42
1784975231,56,2979,151.11,42
1784975232,49,2979,150.69,42
1784975234,60,2979,151.49,42
1784975235,56,2979,153.72,42
1784975236,42,2979,148.96,41
1784975237,52,2979,147.40,41
1784975238,51,2979,146.88,41
1784975239,55,2979,150.06,41
1784975240,48,2979,145.78,41
1784975241,51,2979,148.88,41
1784975242,50,2979,146.90,41
1784975243,50,2979,150.17,41
1784975244,46,2979,145.78,41
1784975245,40,2979,147.24,41
1784975247,44,2979,145.38,41
1784975248,37,2979,147.97,41
1784975249,47,2979,145.98,41
1784975250,45,2979,143.66,41
1784975251,46,2979,147.43,41
1784975252,49,2979,147.73,41
1784975253,47,2979,150.24,41
1784975254,46,2979,144.54,41
1784975255,47,2979,146.31,41
1784975256,52,2979,145.11,41
1784975257,49,2979,144.95,41
1784975258,53,2979,147.68,41
1784975260,53,2979,147.23,41
1784975261,49,2979,144.53,41
1784975262,54,2979,146.79,41
1784975263,53,2979,146.35,41
1784975264,56,2979,143.93,41
1784975265,48,2979,143.28,41
1784975266,54,2979,143.87,41
1784975267,57,2979,145.31,41
1784975268,47,2979,144.77,41
1784975269,57,2979,144.09,41
1784975270,56,2979,145.91,41
1784975272,56,2979,145.08,41
1784975273,58,2979,144.38,41
1784975274,56,2979,145.31,40
1784975275,60,2979,146.60,41
1784975276,62,2979,144.28,41
1784975277,59,2979,145.44,40
1784975278,59,2979,143.53,40
1784975279,61,2979,145.35,40
1784975280,55,2979,145.90,40
1784975281,57,2979,145.53,40
1784975282,61,2979,145.17,40
1784975284,61,2979,142.82,40
1784975285,54,2979,144.46,40
1784975286,65,2979,146.26,40
1784975287,63,2979,144.57,40
1784975288,56,2979,146.63,40
1784975289,58,2979,144.84,40
1784975290,53,2979,143.77,40
1784975291,67,2979,145.41,40
1784975292,62,2979,145.52,40
1784975293,61,2979,145.88,40
1784975295,56,2979,146.24,40
1784975296,61,2979,144.43,40
1784975297,65,2979,145.05,40
1784975298,62,2979,146.68,40
1784975299,63,2979,146.57,40
1784975300,66,2979,144.41,40
1784975301,64,2979,145.81,40
1784975302,54,2979,145.52,40
1784975303,65,2979,147.05,40
1784975304,62,2979,145.40,40
1784975305,62,2979,147.97,40
1784975307,63,2979,146.57,40
1784975308,63,2979,147.52,40
1784975309,63,2979,146.62,40
1784975310,63,2979,147.29,40
1784975311,67,2979,146.21,40
1784975312,61,2979,146.30,40
1784975313,63,2979,146.41,40
1784975314,63,2979,144.89,40
1784975315,64,2979,145.30,40
1784975316,59,2979,145.10,40
1784975317,61,2979,145.79,40
1784975319,62,2979,144.78,40
1784975320,59,2979,146.46,40
1784975321,60,2979,146.02,40
1784975322,64,2979,145.40,40
1784975323,63,2979,145.95,40
1784975324,63,2979,146.59,40
1784975325,58,2979,145.02,40
1784975326,62,2979,144.83,40
1784975327,62,2979,144.88,40
1784975328,60,2979,145.28,40
1784975329,63,2979,145.54,40
1784975331,63,2979,146.17,40
1784975332,62,2979,144.01,40
1784975333,62,2979,145.65,40
1784975334,62,2979,144.92,40
1784975335,62,2979,142.34,40
1784975336,57,2979,144.06,40
1784975337,61,2979,144.02,40
1784975338,59,2979,144.36,40
1784975339,63,2979,144.54,40
1784975340,59,2979,144.00,40
1784975341,63,2979,143.90,40
1784975343,55,2979,144.02,40
1784975344,59,2979,144.35,40
1784975345,59,2979,144.50,40
1784975346,60,2979,142.63,40
1784975347,54,2979,144.33,40
1784975348,59,2979,144.50,40
1784975349,59,2979,143.24,40
1784975350,54,2979,141.81,40
1784975351,63,2979,143.88,40
1784975352,62,2979,144.31,40
1784975353,55,2979,143.59,40
1784975355,54,2979,144.69,40
1784975356,42,2979,137.64,40
1784975357,23,2979,129.79,40
1784975358,15,2979,122.49,39
1784975359,0,2979,117.02,39
1784975360,96,2979,250.53,43
1784975361,96,2979,278.69,43
1784975362,96,2979,282.06,44
1784975363,96,2979,284.50,44
1784975364,95,2979,284.61,44
1784975365,95,2979,278.17,45
1784975366,96,2979,284.20,45
1784975368,95,2979,283.49,45
1784975369,95,2979,282.21,45
1784975370,96,2979,281.62,45
1784975371,38,2979,179.94,42
1784975372,40,2979,128.20,41
1784975373,38,2979,127.74,41
1784975374,39,2979,128.07,41
1784975375,39,2979,125.40,41
1784975376,37,2979,126.45,41
1784975377,39,2979,128.45,41
1784975378,17,2979,126.48,40
1784975380,37,2979,127.47,40
1784975381,38,2979,128.31,40
1784975382,38,2979,127.26,40
1784975383,40,2979,128.49,40
1784975384,40,2979,127.29,40
1784975385,38,2979,127.63,40
1784975386,39,2979,127.23,40
1784975387,38,2979,127.88,40
1784975388,38,2979,128.00,40
1784975389,38,2979,126.47,40
1784975390,35,2979,127.77,40
1784975391,41,2979,126.95,40
1784975393,38,2979,127.29,40
1784975394,37,2979,128.34,40
1784975395,36,2979,126.93,40
1784975396,29,2979,125.95,39
1784975397,23,2979,124.90,39
1784975398,10,2979,125.19,40
1784975399,19,2979,126.24,40
1784975400,38,2979,126.44,39
1784975401,40,2979,123.06,39
1784975402,41,2979,120.06,39
1784975403,36,2979,122.12,39
1784975404,69,2979,163.23,40
1784975406,65,2979,151.46,40
1784975407,68,2979,155.61,40
1784975408,71,2979,157.43,40
1784975409,60,2979,155.65,40
1784975410,59,2979,154.84,40
1784975411,52,2979,150.44,40
1784975412,50,2979,150.53,40
1784975413,49,2979,150.02,40
1784975414,55,2979,152.32,40
1784975415,51,2979,150.69,40
1784975416,53,2979,155.14,40
1784975417,56,2979,148.55,40
1784975419,52,2979,150.44,40
1784975420,58,2979,152.44,40
1784975421,50,2979,153.49,40
1784975422,44,2979,151.13,40
1784975423,63,2979,150.45,40
1784975424,53,2979,150.16,40
1784975425,61,2979,148.03,40
1784975426,55,2979,145.39,40
1784975427,59,2979,150.36,40
1784975428,45,2979,145.12,40
1784975430,53,2979,149.10,40
1784975431,63,2979,146.72,40
1784975432,62,2979,145.07,40
1784975433,66,2979,144.43,40
1784975434,56,2979,145.34,40
1784975435,62,2979,145.92,40
1784975436,59,2979,144.95,40
1784975437,63,2979,144.61,40
1784975438,64,2979,147.90,40
1784975439,66,2979,144.97,40
1784975440,58,2979,145.16,40
1784975442,63,2979,145.74,40
1784975443,62,2979,146.71,40
1784975444,68,2979,146.74,40
1784975445,68,2979,146.28,40
1784975446,62,2979,148.41,40
1784975447,67,2979,149.97,40
1784975448,58,2979,150.84,40
1784975449,67,2979,152.16,40
1784975450,71,2979,152.56,40
1784975451,71,2979,151.96,40
1784975452,66,2979,151.02,40
1784975453,70,2979,149.65,40
1784975455,71,2979,150.76,40
1784975456,72,2979,149.90,40
1784975457,75,2979,150.08,40
1784975458,73,2979,150.42,40
1784975459,74,2979,149.91,40
1784975460,73,2979,151.41,40
1784975461,74,2979,149.39,40
1784975462,77,2979,150.74,40
1784975463,77,2979,150.83,40
1784975464,77,2979,149.69,40
1784975465,77,2979,151.18,40
1784975466,76,2979,150.88,40
1784975468,77,2979,154.07,40
1784975469,77,2979,153.48,40
1784975470,78,2979,154.80,40
1784975471,77,2979,153.46,40
1784975472,78,2979,157.20,40
1784975473,79,2979,154.55,40
1784975474,77,2979,157.69,40
1784975475,78,2979,157.76,40
1784975476,77,2979,159.13,41
1784975477,78,2979,159.92,41
1784975478,77,2979,161.50,41
1784975480,71,2979,160.56,41
1784975481,77,2979,158.52,41
1784975482,74,2979,154.76,41
1784975483,77,2979,158.85,41
1784975484,74,2979,158.59,41
1784975485,54,2979,155.75,41
1784975486,77,2979,157.63,41
1784975487,74,2979,159.35,41
1784975488,76,2979,157.01,41
1784975489,72,2979,155.10,41
1784975490,70,2979,154.37,41
1784975492,76,2979,156.23,41
1784975493,76,2979,156.53,41
1784975494,63,2979,155.62,41
1784975495,76,2979,155.79,41
1784975496,67,2979,151.68,41
1784975497,78,2979,155.73,41
1784975498,80,2979,153.01,41
1784975499,74,2979,154.69,41
1784975500,74,2979,156.80,41
1784975501,67,2979,151.01,40
1784975502,71,2979,149.62,40
1784975503,32,2979,138.70,40
1784975505,22,2979,128.53,40
1784975506,0,2979,117.49,39
1784975507,0,2979,116.76,39
1784975508,0,2979,116.81,39
1784975509,0,2979,116.99,39
1784975510,0,2979,116.72,39
1784975511,96,2979,243.84,42
1784975512,96,2979,279.68,43
1784975513,96,2979,279.57,44
1784975514,96,2979,282.63,44
1784975515,96,2979,279.28,45
1784975516,96,2979,281.64,45
1784975518,96,2979,282.75,45
1784975519,96,2979,285.67,45
1784975520,96,2979,283.47,45
1784975521,96,2979,281.19,45
1784975522,78,2979,207.33,43
1784975523,59,2979,160.71,42
1784975524,64,2979,154.19,42
1784975525,42,2979,156.18,42
1784975526,52,2979,154.25,42
1784975527,60,2979,152.93,42
1784975529,61,2979,152.53,42
1784975530,61,2979,150.25,41
1784975531,64,2979,153.29,41
1784975532,60,2979,152.37,41
1784975533,60,2979,151.41,41
1784975534,62,2979,150.14,41
1784975535,61,2979,154.30,41
1784975536,58,2979,151.39,41
1784975537,57,2979,151.21,41
1784975538,56,2979,151.48,41
1784975539,45,2979,149.53,41
1784975541,51,2979,146.52,41
1784975542,51,2979,150.50,41
1784975543,56,2979,152.72,41
1784975544,45,2979,148.01,41
1784975545,57,2979,149.90,41
1784975546,59,2979,149.99,41
1784975547,53,2979,146.54,41
1784975548,60,2979,148.63,41
1784975549,64,2979,150.63,41
1784975550,63,2979,149.54,41
1784975551,64,2979,145.85,41
1784975553,66,2979,148.81,41
1784975554,63,2979,146.77,41
1784975555,60,2979,147.94,41
1784975556,67,2979,146.86,41
1784975557,66,2979,147.48,41
1784975558,72,2979,147.13,41
1784975559,66,2979,146.91,41
1784975560,67,2979,147.31,41
1784975561,76,2979,149.00,41
1784975562,68,2979,146.48,41
1784975563,59,2979,144.51,41
1784975565,64,2979,147.76,41
1784975566,68,2979,150.70,41
1784975567,74,2979,148.95,41
1784975568,70,2979,150.25,41
1784975569,71,2979,149.05,41
1784975570,67,2979,152.06,41
1784975571,65,2979,153.84,41
1784975572,71,2979,153.91,41
1784975573,70,2979,153.13,41
1784975574,72,2979,154.41,41
1784975575,68,2979,152.94,41
1784975577,76,2979,156.76,41
1784975578,70,2979,151.68,41
1784975579,72,2979,154.44,41
1784975580,73,2979,154.21,41
1784975581,74,2979,153.25,41
1784975582,75,2979,151.60,41
1784975583,67,2979,152.73,41
1784975584,74,2979,153.88,41
1784975585,72,2979,155.16,41
1784975586,72,2979,155.26,41
1784975587,77,2979,156.33,41
1784975588,75,2979,155.58,41
1784975590,74,2979,155.25,41
1784975591,76,2979,154.29,41
1784975592,73,2979,150.72,41
1784975593,76,2979,155.06,41
1784975594,76,2979,153.71,41
1784975595,68,2979,152.39,41
1784975596,68,2979,155.25,41
1784975597,75,2979,154.55,41
1784975598,75,2979,153.91,41
1784975599,75,2979,154.28,41
1784975601,75,2979,154.91,41
1784975602,63,2979,153.44,41
1784975603,76,2979,153.17,41
1784975604,76,2979,154.17,41
1784975605,76,2979,156.53,41
1784975606,65,2979,150.23,41
1784975607,72,2979,153.99,41
1784975608,74,2979,152.05,41
1784975609,67,2979,151.94,41
1784975610,74,2979,155.32,41
1784975611,77,2979,151.82,41
1784975613,77,2979,151.83,41
1784975614,74,2979,151.95,41
1784975615,68,2979,151.59,41
1784975616,61,2979,153.80,41
1784975617,60,2979,154.23,41
1784975618,72,2979,152.35,41
1784975619,72,2979,152.63,41
1784975620,69,2979,151.51,41
1784975621,73,2979,150.33,41
1784975622,73,2979,150.72,41
1784975623,71,2979,151.16,41
1784975625,70,2979,150.96,41
1784975626,69,2979,149.84,40
1784975627,66,2979,145.93,40
1784975628,33,2979,134.48,40
1784975629,25,2979,131.65,40
1784975630,0,2979,118.63,40
1784975631,0,2979,117.01,40
1784975632,0,2979,117.07,39
1784975633,0,2979,116.80,39
1784975634,96,2979,269.41,43
1784975635,96,2979,282.36,44
1784975636,96,2979,283.04,44
1784975638,96,2979,281.93,45
1784975639,96,2979,284.18,45
1784975640,96,2979,284.43,45
1784975641,96,2979,281.45,45
1784975642,96,2979,279.49,45
1784975643,96,2979,285.65,45
1784975644,96,2979,284.17,46
1784975645,68,2979,178.77,43
1784975646,60,2979,156.58,42
1784975647,70,2979,156.55,42
1784975648,68,2979,156.51,42
1784975650,61,2979,154.21,42
1784975651,58,2979,153.55,42
1784975652,62,2979,151.98,41
1784975653,59,2979,151.55,41
1784975654,62,2979,152.19,41
1784975655,59,2979,149.50,41
1784975656,59,2979,151.57,41
1784975657,65,2979,151.12,41
1784975658,51,2979,150.52,41
1784975659,59,2979,152.72,41
1784975660,47,2979,150.20,41
1784975662,56,2979,151.44,41
1784975663,54,2979,152.12,41
1784975664,55,2979,152.58,41
1784975665,46,2979,150.39,41
1784975666,49,2979,152.79,41
1784975667,55,2979,151.09,41
1784975668,57,2979,151.35,41
1784975669,57,2979,149.53,41
1784975670,61,2979,149.42,41
1784975671,62,2979,149.40,41
1784975672,58,2979,149.03,41
1784975674,62,2979,151.24,41
1784975675,62,2979,147.47,41
1784975676,64,2979,149.41,41
1784975677,66,2979,147.75,41
1784975678,60,2979,146.24,41
1784975679,61,2979,150.39,41
1784975680,48,2979,145.63,41
1784975681,67,2979,148.18,41
1784975682,64,2979,145.33,41
1784975683,65,2979,147.75,41
1784975684,73,2979,147.56,41
1784975685,72,2979,149.08,41
1784975687,71,2979,146.95,41
1784975688,66,2979,145.81,40
1784975689,69,2979,148.34,41
1784975690,70,2979,148.10,41
1784975691,74,2979,147.87,41
1784975692,56,2979,150.18,41
1784975693,68,2979,152.81,41
1784975694,68,2979,150.62,41
1784975695,70,2979,151.54,41
1784975696,67,2979,152.29,41
1784975698,68,2979,152.73,41
1784975699,66,2979,154.62,41
1784975700,64,2979,152.25,41
1784975701,69,2979,151.76,41
1784975702,70,2979,151.02,41
1784975703,72,2979,151.51,41
1784975704,62,2979,152.20,41
1784975705,75,2979,151.90,41
1784975706,75,2979,149.56,41
1784975707,71,2979,152.67,41
1784975708,72,2979,152.11,41
1784975710,71,2979,152.87,41
1784975711,61,2979,149.44,41
1784975712,75,2979,152.88,41
1784975713,76,2979,152.78,41
1784975714,77,2979,152.02,41
1784975715,76,2979,151.05,41
1784975716,65,2979,149.14,40
1784975717,71,2979,151.24,41
1784975718,69,2979,149.86,41
1784975719,74,2979,150.94,41
1784975720,74,2979,151.86,41
1784975722,75,2979,153.40,41
1784975723,63,2979,151.23,41
1784975724,75,2979,151.45,41
1784975725,75,2979,151.35,41
1784975726,78,2979,150.81,41
1784975727,69,2979,149.92,41
1784975728,75,2979,149.20,41
1784975729,76,2979,152.06,41
1784975730,74,2979,151.62,41
1784975731,74,2979,150.09,41
1784975732,75,2979,152.46,41
1784975734,63,2979,149.34,40
1784975735,77,2979,152.16,41
1784975736,72,2979,151.71,41
1784975737,71,2979,152.04,41
1784975738,71,2979,151.28,40
1784975739,70,2979,149.62,41
1784975740,70,2979,150.97,40
1784975741,59,2979,148.60,40
1784975742,69,2979,149.16,40
1784975743,72,2979,146.96,40
1784975744,71,2979,152.23,40
1784975745,70,2979,151.23,40
1784975746,72,2979,151.25,40
1784975748,76,2979,147.66,40
1784975749,68,2979,142.16,40
1784975750,33,2979,132.49,40
1784975751,32,2979,132.72,40
1784975752,24,2979,131.81,40
1784975753,0,2979,117.93,39
1784975754,0,2979,117.09,39
1784975755,0,2979,116.75,39
1784975756,56,2979,133.85,41
1784975757,96,2979,281.19,43
1784975758,96,2979,281.07,44
1784975760,96,2979,283.64,44
1784975761,96,2979,283.82,44
1784975762,96,2979,281.83,45
1784975763,96,2979,280.83,45
1784975764,96,2979,282.46,45
1784975765,96,2979,284.38,45
1784975766,96,2979,284.21,45
1784975767,96,2979,282.60,45
1784975768,70,2979,164.44,43
1784975769,71,2979,160.13,42
1784975770,70,2979,159.69,42
1784975772,73,2979,159.62,42
1784975773,62,2979,161.79,42
1784975774,63,2979,155.24,42
1784975775,73,2979,160.20,42
1784975776,66,2979,159.42,42
1784975777,62,2979,154.89,42
1784975778,58,2979,154.90,42
1784975779,62,2979,154.11,41
1784975780,53,2979,152.09,41
1784975781,56,2979,150.06,41
1784975782,58,2979,151.91,41
1784975784,52,2979,152.11,41
1784975785,53,2979,149.64,41
1784975786,51,2979,152.06,41
1784975787,53,2979,150.86,41
1784975788,44,2979,149.10,41
1784975789,55,2979,151.93,41
1784975790,46,2979,149.12,41
1784975791,51,2979,148.97,41
1784975792,56,2979,148.56,41
1784975793,62,2979,150.98,41
1784975794,54,2979,146.67,41
1784975795,62,2979,148.56,41
1784975797,63,2979,149.80,41
1784975798,55,2979,148.61,41
1784975799,64,2979,150.26,41
1784975800,64,2979,147.75,41
1784975801,67,2979,150.18,41
1784975802,67,2979,148.21,41
1784975803,61,2979,149.02,41
1784975804,69,2979,152.43,41
1784975805,73,2979,152.46,41
1784975806,75,2979,150.88,41
1784975807,69,2979,149.34,41
1784975809,69,2979,150.64,41
1784975810,75,2979,149.64,41
1784975811,77,2979,153.33,41
1784975812,78,2979,149.90,41
1784975813,79,2979,149.48,41
1784975814,76,2979,153.46,41
1784975815,80,2979,152.98,41
1784975816,59,2979,150.27,41
1784975817,73,2979,153.41,41
1784975818,72,2979,153.34,41
1784975819,76,2979,152.84,41
1784975821,74,2979,152.62,41
1784975822,82,2979,157.07,41
1784975823,80,2979,159.24,41
1784975824,85,2979,155.45,41
1784975825,82,2979,157.30,41
1784975826,87,2979,156.78,41
1784975827,85,2979,159.10,41
1784975828,83,2979,159.32,41
1784975829,74,2979,158.19,41
1784975830,82,2979,160.19,41
1784975831,85,2979,161.16,41
1784975832,90,2979,163.07,41
1784975834,77,2979,157.41,41
1784975835,84,2979,162.93,41
1784975836,78,2979,162.21,41
1784975837,84,2979,161.61,41
1784975838,84,2979,167.02,41
1784975839,84,2979,158.86,41
1784975840,85,2979,154.94,41
1784975841,84,2979,158.85,41
1784975842,82,2979,157.10,41
1784975843,79,2979,154.76,41
1784975844,82,2979,158.10,41
1784975846,82,2979,156.70,41
1784975847,67,2979,157.02,41
1784975848,81,2979,153.62,41
1784975849,78,2979,158.20,41
1784975850,67,2979,155.08,41
1784975851,73,2979,157.13,41
1784975852,73,2979,152.05,41
1784975853,74,2979,154.79,41
1784975854,70,2979,153.48,41
1784975855,74,2979,156.80,41
1784975856,76,2979,154.08,41
1784975858,76,2979,152.77,41
1784975859,69,2979,154.58,41
1784975860,76,2979,151.76,41
1784975861,70,2979,150.22,41
1784975862,71,2979,152.67,41
1784975863,67,2979,150.35,41
1784975864,67,2979,149.40,41
1784975865,66,2979,149.90,41
1784975866,66,2979,148.50,41
1784975867,46,2979,136.22,40
1784975868,23,2979,130.26,40
1784975870,0,2979,118.58,40
1784975871,0,2979,117.43,40
1784975872,0,2979,117.01,40
1784975873,0,2979,117.06,40
1784975874,0,2979,117.11,39
1784975875,0,2979,116.88,39
1784975876,0,2979,117.09,39
1784975877,0,2979,116.97,39
1784975878,80,2979,159.82,42
1784975879,96,2979,280.46,43
1784975880,96,2979,282.17,44
1784975882,96,2979,286.74,44
1784975883,96,2979,280.88,45
1784975884,96,2979,281.98,45
1784975885,96,2979,283.27,45
1784975886,96,2979,286.23,45
1784975887,96,2979,282.95,45
1784975888,96,2979,280.02,45
1784975889,60,2979,269.41,43
1784975890,68,2979,158.63,42
1784975891,67,2979,159.96,42
1784975892,67,2979,159.02,42
1784975893,71,2979,158.58,42
1784975895,60,2979,156.67,42
1784975896,64,2979,156.23,42
1784975897,54,2979,152.27,41
1784975898,65,2979,156.34,42
1784975899,56,2979,149.92,41
1784975900,63,2979,155.18,41
1784975901,50,2979,150.62,41
1784975902,61,2979,152.39,41
1784975903,53,2979,148.40,41
1784975904,54,2979,150.80,41
1784975905,49,2979,151.67,41
1784975907,48,2979,151.01,41
1784975908,49,2979,152.13,41
1784975909,55,2979,152.29,41
1784975910,58,2979,152.79,41
1784975911,57,2979,152.20,41
1784975912,56,2979,153.53,41
1784975913,61,2979,146.81,41
1784975914,58,2979,150.90,41
1784975915,59,2979,151.94,41
1784975916,58,2979,150.47,41
1784975917,63,2979,150.06,41
1784975919,64,2979,149.10,41
1784975920,54,2979,149.93,41
1784975921,63,2979,150.52,41
1784975922,60,2979,150.42,41
1784975923,64,2979,150.23,41
1784975924,65,2979,148.39,41
1784975925,64,2979,149.70,41
1784975926,62,2979,150.55,41
1784975927,65,2979,146.55,41
1784975928,64,2979,149.27,41
1784975929,68,2979,149.55,41
1784975930,71,2979,152.78,41
1784975932,79,2979,147.41,41
1784975933,67,2979,148.50,41
1784975934,74,2979,148.61,41
1784975935,70,2979,148.38,41
1784975936,75,2979,151.83,41
1784975937,81,2979,152.61,41
1784975938,65,2979,153.42,41
1784975939,86,2979,150.14,41
1784975940,75,2979,151.87,41
1784975941,77,2979,149.38,41
1784975942,73,2979,149.93,41
1784975943,75,2979,150.87,41
1784975945,75,2979,150.60,41
1784975946,73,2979,151.94,41
1784975947,68,2979,148.40,41
1784975948,80,2979,150.29,41
1784975949,87,2979,151.74,41
1784975950,74,2979,147.64,41
1784975951,73,2979,147.99,41
1784975952,75,2979,151.24,41
1784975953,85,2979,154.10,41
1784975954,86,2979,153.92,41
1784975955,88,2979,156.22,41
1784975957,87,2979,152.07,41
1784975958,87,2979,152.62,41
1784975959,87,2979,156.89,41
1784975960,89,2979,154.65,41
1784975961,85,2979,151.53,41
1784975962,84,2979,151.89,41
1784975963,71,2979,153.80,41
1784975964,76,2979,152.00,41
1784975965,85,2979,153.52,41
1784975966,87,2979,152.06,41
1784975967,78,2979,152.34,41
1784975969,78,2979,154.57,41
1784975970,78,2979,152.25,41
1784975971,77,2979,152.21,41
1784975972,77,2979,152.26,41
1784975973,77,2979,152.40,41
1784975974,84,2979,153.14,41
1784975975,77,2979,153.91,41
1784975976,83,2979,152.60,41
1784975977,81,2979,151.82,41
1784975978,83,2979,152.06,41
1784975979,81,2979,151.55,41
1784975981,79,2979,149.19,41
1784975982,73,2979,148.13,41
1784975983,81,2979,150.12,41
1784975984,80,2979,151.54,41
1784975985,76,2979,150.33,41
1784975986,73,2979,150.07,41
1784975987,80,2979,152.36,41
1784975988,67,2979,150.63,41
1784975989,78,2979,149.64,41
1784975990,72,2979,148.08,41
1784975991,65,2979,146.84,40
1784975992,30,2979,131.38,40
1784975994,25,2979,131.98,40
1784975995,2,2979,119.88,40
1784975996,0,2979,117.26,40
1784975997,0,2979,116.93,40
1784975998,0,2979,117.14,39
1784975999,0,2979,116.83,39
1784976000,0,2979,116.93,39
1784976001,0,2979,117.15,39
1784976002,15,2979,126.94,41
1784976003,96,2979,278.19,43
1784976005,96,2979,283.08,44
1784976006,96,2979,284.65,44
1784976007,96,2979,281.90,44
1784976008,96,2979,282.89,45
1784976009,96,2979,283.85,45
1784976010,96,2979,284.87,45
1784976011,96,2979,282.59,45
1784976012,96,2979,282.31,45
1784976013,96,2979,287.64,45
1784976014,37,2979,144.90,42
1784976015,41,2979,128.63,41
1784976016,41,2979,127.57,41
1784976018,41,2979,127.90,41
1784976019,39,2979,124.42,41
1784976020,39,2979,124.68,40
1784976021,40,2979,128.63,40
1784976022,38,2979,128.08,40
1784976023,40,2979,128.15,40
1784976024,38,2979,127.44,40
1784976025,38,2979,127.37,40
1784976026,41,2979,127.47,40
1784976027,41,2979,127.39,40
1784976028,39,2979,127.62,40
1784976029,41,2979,127.54,40
1784976031,40,2979,127.33,40
1784976032,41,2979,127.29,40
1784976033,41,2979,127.72,40
1784976034,39,2979,128.07,40
1784976035,40,2979,128.10,40
1784976036,36,2979,127.74,40
1784976037,4,2979,125.84,39
1784976038,0,2979,126.78,39
1784976039,31,2979,126.31,40
1784976040,39,2979,126.08,39
1784976041,39,2979,126.59,39
1784976043,39,2979,123.18,39
1784976044,30,2979,120.52,39
1784976045,16,2979,121.37,39
1784976046,42,2979,121.87,39
1784976047,27,2979,125.59,40
1784976048,67,2979,159.33,40
1784976049,70,2979,156.08,40
1784976050,58,2979,155.55,40
1784976051,68,2979,152.99,40
1784976052,55,2979,155.62,40
1784976053,56,2979,152.29,40
1784976055,49,2979,148.24,40
1784976056,63,2979,153.50,40
1784976057,52,2979,151.09,40
1784976058,58,2979,149.16,40
1784976059,47,2979,149.47,40
1784976060,56,2979,150.70,40
1784976061,51,2979,149.27,40
1784976062,54,2979,148.05,40
1784976063,52,2979,147.15,40
1784976064,52,2979,148.52,40
1784976065,45,2979,150.54,40
1784976066,51,2979,151.58,40
1784976068,35,2979,150.08,40
1784976069,46,2979,151.44,40
1784976070,56,2979,151.34,40
1784976071,47,2979,151.65,40
1784976072,56,2979,151.18,40
1784976073,59,2979,146.16,40
1784976074,52,2979,148.34,40
1784976075,63,2979,149.44,40
1784976076,63,2979,148.87,40
1784976077,62,2979,150.96,40
1784976079,63,2979,146.80,40
1784976080,60,2979,149.78,40
1784976081,56,2979,146.36,40
1784976082,67,2979,148.27,40
1784976083,63,2979,149.99,40
1784976084,73,2979,151.60,40
1784976085,62,2979,146.56,40
1784976086,69,2979,151.22,40
1784976087,67,2979,151.33,40
1784976088,56,2979,147.26,40
1784976090,76,2979,151.07,40
1784976091,69,2979,148.16,40
1784976092,71,2979,153.39,40
1784976093,77,2979,148.81,40
1784976094,67,2979,150.10,40
1784976095,71,2979,149.14,40
1784976096,74,2979,151.55,40
1784976097,83,2979,150.57,40
1784976098,79,2979,152.94,40
1784976099,84,2979,151.51,40
1784976100,82,2979,152.21,40
1784976101,81,2979,153.83,40
1784976103,82,2979,152.23,40
1784976104,83,2979,154.29,40
1784976105,85,2979,150.61,40
1784976106,83,2979,152.84,40
1784976107,84,2979,153.79,40
1784976108,72,2979,150.52,40
1784976109,78,2979,153.81,40
1784976110,74,2979,153.70,40
1784976111,78,2979,153.18,40
1784976112,80,2979,151.87,40
1784976113,85,2979,155.32,40
1784976115,84,2979,153.32,40
1784976116,83,2979,151.24,40
1784976117,85,2979,153.31,40
1784976118,86,2979,154.69,40
1784976119,83,2979,152.08,40
1784976120,89,2979,152.53,40
1784976121,89,2979,155.21,40
1784976122,82,2979,153.96,40
1784976123,87,2979,153.76,40
1784976124,88,2979,153.21,40
1784976125,83,2979,150.63,40
1784976127,83,2979,152.32,40
1784976128,83,2979,152.81,40
1784976129,85,2979,150.90,40
1784976130,79,2979,152.18,40
1784976131,87,2979,154.07,40
1784976132,86,2979,153.70,40
1784976133,85,2979,151.56,40
1784976134,86,2979,151.36,40
1784976135,86,2979,152.23,40
1784976136,75,2979,152.16,40
1784976138,74,2979,151.06,40
1784976139,84,2979,153.72,40
1784976140,85,2979,152.49,40
1784976141,82,2979,151.96,40
1784976142,83,2979,149.00,40
1784976143,84,2979,150.77,40
1784976144,83,2979,148.80,40
1784976145,80,2979,149.90,40
1784976146,79,2979,147.92,40
1784976147,70,2979,147.09,40
1784976148,63,2979,148.70,40
1784976149,30,2979,135.90,40
1784976151,2,2979,119.71,39
1784976152,0,2979,117.10,39
1784976153,0,2979,116.80,39
1784976154,0,2979,116.99,39
1784976155,0,2979,116.69,39
1784976156,0,2979,116.71,39
1784976157,0,2979,116.91,39
1784976158,0,2979,116.68,39
1784976159,32,2979,131.70,41
1784976160,96,2979,285.57,43
1784976161,96,2979,281.07,43
1784976163,96,2979,279.27,44
1784976164,96,2979,279.62,44
1784976165,96,2979,282.74,44
1784976166,96,2979,283.27,44
1784976167,96,2979,281.42,45
1784976168,96,2979,279.83,45
1784976169,96,2979,281.24,45
1784976170,96,2979,283.93,45
1784976171,69,2979,168.59,42
1784976172,61,2979,154.79,42
1784976173,50,2979,152.17,42
1784976175,61,2979,152.97,42
1784976176,65,2979,156.76,42
1784976177,57,2979,150.02,41
1784976178,59,2979,153.32,41
1784976179,60,2979,152.34,41
1784976180,50,2979,154.19,41
1784976181,57,2979,150.17,41
1784976182,55,2979,150.53,41
1784976183,57,2979,149.04,41
1784976184,60,2979,151.92,41
1784976185,55,2979,151.69,41
1784976186,56,2979,147.82,41
1784976188,58,2979,149.55,41
1784976189,48,2979,148.89,41
1784976190,56,2979,150.43,41
1784976191,54,2979,153.79,41
1784976192,56,2979,154.44,41
1784976193,57,2979,148.96,41
1784976194,56,2979,149.59,41
1784976195,58,2979,151.35,41
1784976196,47,2979,146.75,41
1784976197,56,2979,150.02,41
1784976199,61,2979,148.74,41
1784976200,50,2979,149.32,41
1784976201,60,2979,148.40,41
1784976202,46,2979,148.32,41
1784976203,59,2979,148.61,41
1784976204,55,2979,147.92,41
1784976205,63,2979,148.29,41
1784976206,59,2979,148.31,41
1784976207,67,2979,147.22,41
1784976208,64,2979,149.97,41
1784976210,66,2979,148.21,41
1784976211,56,2979,149.24,41
1784976212,71,2979,148.71,41
1784976213,67,2979,148.72,41
1784976214,65,2979,151.38,41
1784976215,67,2979,151.12,41
1784976216,73,2979,154.00,41
1784976217,66,2979,153.33,41
1784976218,68,2979,154.71,41
1784976219,69,2979,152.16,41
1784976220,61,2979,153.80,41
1784976221,72,2979,156.77,41
1784976223,78,2979,156.02,41
1784976224,68,2979,156.21,41
1784976225,69,2979,156.21,41
1784976226,71,2979,153.89,41
1784976227,71,2979,156.70,41
1784976228,64,2979,155.47,41
1784976229,72,2979,155.25,41
1784976230,60,2979,156.73,41
1784976231,60,2979,154.71,41
1784976232,71,2979,156.98,41
1784976233,72,2979,155.98,41
1784976235,71,2979,154.23,41
1784976236,71,2979,153.45,41
1784976237,74,2979,156.24,41
1784976238,74,2979,154.97,41
1784976239,73,2979,154.96,41
1784976240,60,2979,153.85,41
1784976241,75,2979,154.59,41
1784976242,75,2979,154.22,41
1784976243,74,2979,156.01,41
1784976244,74,2979,156.72,41
1784976245,76,2979,154.58,41
1784976246,74,2979,156.53,41
1784976248,73,2979,156.99,41
1784976249,71,2979,153.31,41
1784976250,73,2979,156.98,41
1784976251,71,2979,153.75,41
1784976252,70,2979,155.19,41
1784976253,70,2979,154.70,41
1784976254,75,2979,155.22,41
1784976255,74,2979,154.48,41
1784976256,75,2979,153.44,41
1784976257,68,2979,155.83,41
1784976259,72,2979,153.48,41
1784976260,71,2979,153.16,41
1784976261,72,2979,152.85,41
1784976262,66,2979,152.18,41
1784976263,71,2979,150.15,41
1784976264,77,2979,154.68,41
1784976265,77,2979,153.91,41
1784976266,73,2979,153.55,41
1784976267,70,2979,150.81,41
1784976268,70,2979,152.96,41
1784976269,62,2979,150.77,41
1784976271,71,2979,152.65,41
1784976272,71,2979,149.72,41
1784976273,68,2979,151.40,41
1784976274,68,2979,150.11,41
1784976275,70,2979,149.48,41
1784976276,68,2979,152.11,41
1784976277,65,2979,142.37,40
1784976278,30,2979,132.00,40
1784976279,23,2979,129.24,40
1784976280,0,2979,118.01,40
1784976281,96,2979,175.95,43
1784976282,95,2979,281.92,43
1784976283,95,2979,281.56,44
1784976285,95,2979,283.08,44
1784976286,95,2979,281.57,45
1784976287,95,2979,283.83,45
1784976288,96,2979,281.43,45
1784976289,96,2979,283.86,45
1784976290,96,2979,287.94,45
1784976291,96,2979,292.37,45
1784976292,75,2979,263.49,44
1784976293,67,2979,162.35,43
1784976294,65,2979,153.89,42
1784976295,64,2979,158.10,42
1784976297,53,2979,149.27,42
1784976298,60,2979,155.08,42
1784976299,54,2979,150.61,42
1784976300,48,2979,155.17,42
1784976301,58,2979,151.03,42
1784976302,50,2979,153.87,42
1784976303,57,2979,149.02,41
1784976304,54,2979,151.81,41
1784976305,62,2979,151.60,41
1784976306,55,2979,151.42,41
1784976307,56,2979,150.85,41
1784976308,55,2979,151.55,41
1784976310,54,2979,152.32,41
1784976311,53,2979,153.55,41
1784976312,57,2979,153.36,41
1784976313,53,2979,152.94,41
1784976314,59,2979,150.38,41
1784976315,59,2979,148.43,41
1784976316,61,2979,152.17,41
1784976317,58,2979,147.65,41
1784976318,65,2979,149.07,41
1784976319,57,2979,151.20,41
1784976321,52,2979,149.68,41
1784976322,62,2979,151.04,41
1784976323,70,2979,148.69,41
1784976324,63,2979,149.80,41
1784976325,70,2979,150.11,41
1784976326,70,2979,147.95,41
1784976327,66,2979,150.74,41
1784976328,73,2979,152.18,41
1784976329,72,2979,149.93,41
1784976330,72,2979,146.58,41
1784976331,79,2979,149.49,41
1784976332,67,2979,146.80,41
1784976334,69,2979,147.14,41
1784976335,84,2979,149.67,41
1784976336,80,2979,151.14,41
1784976337,61,2979,149.96,41
1784976338,83,2979,150.97,41
1784976339,81,2979,152.67,41
1784976340,86,2979,154.22,41
1784976341,79,2979,149.69,41
1784976342,83,2979,152.87,41
1784976343,79,2979,152.53,41
1784976344,68,2979,152.49,41
1784976346,79,2979,153.13,41
1784976347,84,2979,153.10,41
1784976348,90,2979,152.96,41
1784976349,91,2979,151.14,41
1784976350,90,2979,149.92,41
1784976351,91,2979,155.84,41
1784976352,87,2979,154.02,41
1784976353,90,2979,151.25,41
1784976354,87,2979,153.58,41
1784976355,92,2979,148.95,41
1784976356,94,2979,150.96,41
1784976358,94,2979,155.33,41
1784976359,79,2979,154.58,41
1784976360,89,2979,153.49,41
1784976361,92,2979,157.24,41
1784976362,93,2979,152.51,41
1784976363,78,2979,157.14,41
1784976364,92,2979,157.09,41
1784976365,88,2979,155.71,41
1784976366,90,2979,151.49,41
1784976367,88,2979,152.38,41
1784976369,92,2979,150.87,41
1784976370,91,2979,152.13,41
1784976371,89,2979,154.02,41
1784976372,92,2979,152.48,41
1784976373,89,2979,152.05,41
1784976374,89,2979,155.58,41
1784976375,88,2979,157.35,41
1784976376,88,2979,158.32,41
1784976377,71,2979,152.68,41
1784976378,88,2979,156.66,41
1784976380,87,2979,158.98,41
1784976381,87,2979,155.29,41
1784976382,80,2979,155.34,41
1784976383,84,2979,159.06,41
1784976384,84,2979,156.92,41
1784976385,82,2979,155.48,41
1784976386,73,2979,153.51,41
1784976387,73,2979,156.74,41
1784976388,67,2979,153.54,41
1784976389,25,2979,129.77,40
1784976390,0,2979,117.39,40
1784976392,0,2979,117.16,40
1784976393,0,2979,117.18,40
1784976394,0,2979,116.91,40
1784976395,0,2979,117.10,40
1784976396,0,2979,116.82,40
1784976397,0,2979,116.83,39
1784976398,0,2979,117.13,39
1784976399,95,2979,172.14,42
1784976400,96,2979,277.09,43
1784976401,95,2979,280.68,44
1784976402,96,2979,278.20,44
1784976403,96,2979,279.24,45
1784976405,96,2979,283.13,45
1784976406,96,2979,274.34,45
1784976407,95,2979,282.83,45
1784976408,95,2979,282.79,45
1784976409,95,2979,281.18,45
1784976410,95,2979,267.26,44
1784976411,69,2979,164.80,43
1784976412,67,2979,158.34,42
1784976413,51,2979,157.90,42
1784976414,72,2979,157.99,42
1784976415,55,2979,156.81,42
1784976417,60,2979,155.41,42
1784976418,68,2979,153.88,42
1784976419,64,2979,157.49,42
1784976420,62,2979,151.73,42
1784976421,47,2979,152.45,42
1784976422,65,2979,154.31,42
1784976423,49,2979,152.50,42
1784976424,49,2979,151.14,42
1784976425,62,2979,151.72,42
1784976426,52,2979,152.99,42
1784976427,55,2979,149.80,42
1784976429,54,2979,153.00,41
1784976430,58,2979,153.51,42
1784976431,55,2979,152.59,41
1784976432,57,2979,152.14,41
1784976433,59,2979,151.64,41
1784976434,52,2979,152.40,41
1784976435,58,2979,149.33,41
1784976436,60,2979,149.29,41
1784976437,58,2979,151.70,41
1784976438,60,2979,149.23,41
1784976439,62,2979,150.26,41
1784976441,54,2979,149.61,41
1784976442,60,2979,153.75,41
1784976443,62,2979,147.12,41
1784976444,54,2979,146.77,41
1784976445,62,2979,147.77,41
1784976446,53,2979,147.50,41
1784976447,57,2979,147.57,41
1784976448,67,2979,148.45,41
1784976449,64,2979,150.50,41
1784976450,57,2979,146.16,41
1784976451,67,2979,148.66,41
1784976452,73,2979,147.54,41
1784976454,70,2979,148.12,41
1784976455,59,2979,147.27,41
1784976456,72,2979,150.90,41
1784976457,73,2979,151.85,41
1784976458,76,2979,151.90,41
1784976459,76,2979,151.67,41
1784976460,81,2979,150.39,41
1784976461,83,2979,153.58,41
1784976462,85,2979,154.67,41
1784976463,80,2979,153.26,41
1784976465,81,2979,153.65,41
1784976466,86,2979,154.92,41
1784976467,57,2979,154.62,41
1784976468,84,2979,153.74,41
1784976469,82,2979,155.95,41
1784976470,88,2979,155.16,41
1784976471,83,2979,155.65,41
1784976472,88,2979,155.44,41
1784976473,89,2979,153.88,41
1784976474,88,2979,154.24,41
1784976475,89,2979,156.27,41
1784976476,88,2979,156.90,41
1784976478,77,2979,155.70,41
1784976479,80,2979,151.57,41
1784976480,89,2979,156.52,41
1784976481,88,2979,156.99,41
1784976482,88,2979,155.25,41
1784976483,87,2979,155.65,41
1784976484,88,2979,156.85,41
1784976485,89,2979,154.22,41
1784976486,89,2979,156.40,41
1784976487,73,2979,154.88,41
1784976488,78,2979,154.55,41
1784976490,87,2979,155.68,41
1784976491,88,2979,153.58,41
1784976492,88,2979,157.33,41
1784976493,88,2979,153.66,41
1784976494,84,2979,153.09,41
1784976495,85,2979,153.68,41
1784976496,88,2979,154.30,41
1784976497,87,2979,152.67,41
1784976498,87,2979,154.38,41
1784976499,81,2979,152.27,41
1784976500,79,2979,152.12,41
1784976502,78,2979,151.37,41
1784976503,78,2979,150.77,41
1784976504,67,2979,153.02,41
1784976505,79,2979,152.99,41
1784976506,62,2979,149.34,41
1784976507,76,2979,151.41,41
1784976508,74,2979,152.03,41
1784976509,57,2979,152.08,41
1784976510,34,2979,138.17,41
1784976511,26,2979,131.54,40
1784976513,2,2979,120.42,40
1784976514,0,2979,117.25,40
1784976515,0,2979,117.29,40
1784976516,0,2979,117.03,40
1784976517,0,2979,117.22,40
1784976518,0,2979,116.91,40
1784976519,0,2979,117.23,40
1784976520,0,2979,117.05,40
1784976521,0,2979,116.92,40
1784976522,0,2979,117.01,39
1784976523,0,2979,116.76,39
1784976524,0,2979,116.94,39
1784976526,95,2979,189.26,42
1784976527,95,2979,278.78,43
1784976528,95,2979,279.73,44
1784976529,95,2979,280.68,44
1784976530,95,2979,279.71,44
1784976531,95,2979,276.03,45
1784976532,95,2979,281.29,45
1784976533,95,2979,277.68,45
1784976534,95,2979,282.12,45
1784976535,95,2979,279.30,45
1784976536,96,2979,269.02,43
1784976538,67,2979,159.94,43
1784976539,66,2979,156.89,42
1784976540,67,2979,158.55,42
1784976541,59,2979,158.76,42
1784976542,53,2979,158.80,42
1784976543,62,2979,156.22,42
1784976544,70,2979,152.23,42
1784976545,63,2979,157.75,42
1784976546,44,2979,150.88,42
1784976547,59,2979,154.01,42
1784976549,63,2979,156.16,42
1784976550,46,2979,152.14,41
1784976551,61,2979,150.93,42
1784976552,55,2979,155.79,42
1784976553,56,2979,150.96,41
1784976554,42,2979,149.57,41
1784976555,52,2979,153.13,41
1784976556,50,2979,150.09,41
1784976557,54,2979,152.04,41
1784976558,54,2979,152.45,41
1784976559,50,2979,151.75,41
1784976561,57,2979,153.63,41
1784976562,57,2979,147.82,41
1784976563,54,2979,151.00,41
1784976564,60,2979,148.45,41
1784976565,54,2979,148.82,41
1784976566,58,2979,151.80,41
1784976567,63,2979,151.88,41
1784976568,54,2979,151.92,41
1784976569,63,2979,150.71,41
1784976570,66,2979,153.85,41
1784976571,68,2979,148.51,41
1784976572,63,2979,151.52,41
1784976574,70,2979,150.91,41
1784976575,64,2979,150.51,41
1784976576,70,2979,146.83,41
1784976577,74,2979,150.71,41
1784976578,68,2979,152.77,41
1784976579,72,2979,147.03,41
1784976580,72,2979,151.18,41
1784976581,76,2979,150.99,41
1784976582,74,2979,150.66,41
1784976583,72,2979,151.60,41
1784976584,65,2979,149.29,41
1784976586,72,2979,150.06,41
1784976587,78,2979,150.51,41
1784976588,79,2979,151.26,41
1784976589,78,2979,151.69,41
1784976590,80,2979,150.60,41
1784976591,84,2979,153.40,41
1784976592,87,2979,154.93,41
1784976593,72,2979,154.10,41
1784976594,89,2979,152.14,41
1784976595,83,2979,153.81,41
1784976596,77,2979,152.89,41
1784976598,85,2979,153.01,41
1784976599,84,2979,154.23,41
1784976600,69,2979,152.99,41
1784976601,80,2979,151.34,41
1784976602,90,2979,150.76,41
1784976603,85,2979,153.10,41
1784976604,84,2979,150.16,41
1784976605,78,2979,151.58,41
1784976606,83,2979,154.40,41
1784976607,86,2979,152.20,41
1784976608,90,2979,153.11,41
1784976609,84,2979,152.86,41
1784976611,84,2979,151.12,41
1784976612,89,2979,152.37,41
1784976613,73,2979,150.70,41
1784976614,79,2979,153.57,41
1784976615,85,2979,153.79,41
1784976616,90,2979,153.19,41
1784976617,91,2979,153.04,41
1784976618,89,2979,152.34,41
1784976619,89,2979,154.65,41
1784976620,89,2979,154.85,41
1784976621,88,2979,151.77,41
1784976623,90,2979,150.94,41
1784976624,90,2979,150.24,41
1784976625,70,2979,148.17,41
1784976626,85,2979,152.64,41
1784976627,89,2979,150.84,41
1784976628,80,2979,149.76,41
1784976629,79,2979,147.11,41
1784976630,76,2979,150.69,41
1784976631,81,2979,150.21,41
1784976632,68,2979,148.57,41
1784976633,82,2979,150.13,41
1784976635,77,2979,150.75,41
1784976636,69,2979,151.44,41
1784976637,32,2979,133.99,40
1784976638,24,2979,129.67,40
1784976639,0,2979,117.87,40
1784976640,0,2979,117.13,40
1784976641,0,2979,117.28,40
1784976642,0,2979,116.94,40
1784976643,0,2979,117.15,40
1784976644,95,2979,277.15,43
1784976645,95,2979,283.31,44
1784976646,95,2979,280.87,44
1784976648,96,2979,280.98,45
1784976649,95,2979,279.00,45
1784976650,95,2979,282.19,45
1784976651,95,2979,282.99,45
1784976652,96,2979,272.99,45
1784976653,96,2979,279.18,45
1784976654,96,2979,285.89,45
1784976655,37,2979,194.17,42
1784976656,40,2979,128.94,42
1784976657,39,2979,127.42,41
1784976658,39,2979,128.60,41
1784976659,39,2979,126.15,41
1784976661,35,2979,125.48,41
1784976662,38,2979,127.35,41
1784976663,39,2979,127.81,41
1784976664,37,2979,127.46,41
1784976665,38,2979,127.67,41
1784976666,36,2979,127.35,41
1784976667,37,2979,127.17,41
1784976668,38,2979,127.26,40
1784976669,39,2979,127.36,40
1784976670,37,2979,127.56,40
1784976671,38,2979,127.21,40
1784976672,38,2979,127.69,40
1784976674,39,2979,126.72,40
1784976675,39,2979,127.56,40
1784976676,28,2979,126.42,40
1784976677,0,2979,125.81,40
1784976678,36,2979,126.41,40
1784976679,37,2979,126.04,40
1784976680,38,2979,126.65,40
1784976681,37,2979,126.59,40
1784976682,38,2979,124.81,40
1784976683,26,2979,123.04,40
1784976684,0,2979,119.86,40
1784976685,40,2979,122.63,40
1784976687,33,2979,122.15,39
1784976688,41,2979,122.25,39
1784976689,84,2979,140.90,40
1784976690,62,2979,156.08,40
1784976691,66,2979,155.14,40
1784976692,53,2979,153.82,40
1784976693,50,2979,158.15,40
1784976694,67,2979,152.85,40
1784976695,60,2979,153.87,40
1784976696,53,2979,151.42,40
1784976697,63,2979,153.66,40
1784976699,62,2979,151.12,40
1784976700,54,2979,151.96,40
1784976701,53,2979,150.31,40
1784976702,47,2979,147.77,40
1784976703,51,2979,145.51,40
1784976704,51,2979,147.15,40
1784976705,54,2979,150.94,40
1784976706,52,2979,146.18,40
1784976707,52,2979,148.84,40
1784976708,53,2979,147.60,40
1784976709,52,2979,146.90,40
1784976711,44,2979,145.27,40
1784976712,55,2979,147.87,40
1784976713,57,2979,147.38,40
1784976714,57,2979,143.20,40
1784976715,57,2979,144.29,40
1784976716,62,2979,146.28,40
1784976717,58,2979,145.08,40
1784976718,49,2979,142.76,40
1784976719,61,2979,142.16,40
1784976720,63,2979,144.17,40
1784976721,59,2979,144.30,40
1784976723,62,2979,144.16,40
1784976724,62,2979,147.02,40
1784976725,61,2979,147.32,40
1784976726,66,2979,147.33,40
1784976727,58,2979,148.96,40
1784976728,50,2979,147.74,40
1784976729,65,2979,152.09,40
1784976730,67,2979,147.82,40
1784976731,69,2979,150.69,40
1784976732,63,2979,154.60,40
1784976734,70,2979,153.27,40
1784976735,68,2979,161.57,40
1784976736,71,2979,155.52,40
1784976737,58,2979,163.05,40
1784976738,82,2979,162.22,41
1784976739,75,2979,163.34,41
1784976740,78,2979,165.38,41
1784976741,77,2979,161.77,41
1784976742,84,2979,164.25,41
1784976743,80,2979,164.49,41
1784976744,84,2979,164.31,41
1784976745,79,2979,164.73,41
1784976747,88,2979,165.67,41
1784976748,86,2979,167.59,41
1784976749,93,2979,165.40,41
1784976750,87,2979,163.18,41
1784976751,93,2979,170.48,41
1784976752,91,2979,165.69,41
1784976753,81,2979,166.13,41
1784976754,80,2979,161.95,41
1784976755,69,2979,161.23,41
1784976756,81,2979,162.93,41
1784976757,83,2979,163.11,41
1784976759,84,2979,160.47,41
1784976760,87,2979,163.62,41
1784976761,90,2979,166.52,41
1784976762,94,2979,166.52,41
1784976763,87,2979,165.14,41
1784976764,81,2979,162.66,41
1784976765,79,2979,163.05,41
1784976766,84,2979,163.53,41
1784976767,65,2979,161.52,41
1784976768,89,2979,163.77,41
1784976769,92,2979,162.10,41
1784976771,92,2979,160.23,41
1784976772,95,2979,160.55,41
1784976773,90,2979,160.86,41
1784976774,88,2979,156.63,41
1784976775,89,2979,160.24,41
1784976776,89,2979,156.26,41
1784976777,89,2979,156.41,41
1784976778,78,2979,157.28,41
1784976779,76,2979,159.63,41
1784976780,70,2979,155.49,41
1784976781,72,2979,154.69,41
1784976782,68,2979,147.84,40
1784976784,32,2979,136.73,40
1784976785,27,2979,130.83,40
1784976786,0,2979,118.61,40
1784976787,0,2979,117.01,40
1784976788,0,2979,117.18,40
1784976789,0,2979,117.04,40
1784976790,0,2979,116.94,39
1784976791,0,2979,117.09,39
1784976792,0,2979,116.84,39
1784976793,95,2979,260.48,43
1784976794,95,2979,280.31,43
1784976795,95,2979,277.14,44
1784976797,96,2979,278.44,44
1784976798,95,2979,272.74,45
1784976799,95,2979,283.81,45
1784976800,95,2979,282.67,45
1784976801,95,2979,283.75,45
1784976802,95,2979,277.10,45
1784976803,95,2979,283.04,45
1784976804,63,2979,183.45,43
1784976805,62,2979,155.23,42
1784976806,66,2979,159.68,42
1784976807,56,2979,156.50,42
1784976809,63,2979,156.84,42
1784976810,63,2979,158.23,42
1784976811,41,2979,150.68,41
1784976812,66,2979,155.21,42
1784976813,55,2979,156.95,41
1784976814,28,2979,148.68,41
1784976815,54,2979,152.48,41
1784976816,60,2979,150.38,41
1784976817,49,2979,151.77,41
1784976818,54,2979,147.58,41
1784976819,55,2979,153.66,41
1784976821,52,2979,152.87,41
1784976822,51,2979,147.15,41
1784976823,52,2979,149.66,41
1784976824,54,2979,150.24,41
1784976825,38,2979,148.42,41
1784976826,48,2979,149.70,41
1784976827,56,2979,150.83,41
1784976828,47,2979,148.93,41
1784976829,55,2979,149.05,41
1784976830,59,2979,148.48,41
1784976831,60,2979,147.13,41
1784976833,39,2979,145.52,41
1784976834,59,2979,149.46,41
1784976835,62,2979,148.06,41
1784976836,45,2979,143.79,41
1784976837,46,2979,145.49,41
1784976838,58,2979,147.23,41
1784976839,62,2979,147.53,41
1784976840,61,2979,147.81,41
1784976841,59,2979,146.26,41
1784976842,62,2979,146.95,41
1784976843,66,2979,148.91,41
1784976845,63,2979,146.20,41
1784976846,65,2979,146.33,41
1784976847,67,2979,147.20,41
1784976848,60,2979,146.22,41
1784976849,58,2979,144.06,40
1784976850,62,2979,148.31,41
1784976851,67,2979,148.04,41
1784976852,57,2979,148.28,41
1784976853,78,2979,146.98,41
1784976854,65,2979,148.22,41
1784976855,72,2979,149.51,41
1784976857,50,2979,144.37,41
1784976858,70,2979,149.23,41
1784976859,69,2979,150.78,41
1784976860,76,2979,149.68,41
1784976861,72,2979,148.44,41
1784976862,70,2979,149.34,41
1784976863,82,2979,151.12,41
1784976864,71,2979,152.44,41
1784976865,86,2979,150.90,41
1784976866,79,2979,153.38,41
1784976867,87,2979,155.57,41
1784976869,80,2979,151.34,41
1784976870,87,2979,155.95,41
1784976871,87,2979,154.96,41
1784976872,82,2979,152.26,41
1784976873,85,2979,153.90,41
1784976874,78,2979,153.59,41
1784976875,80,2979,152.11,41
1784976876,81,2979,152.33,41
1784976877,82,2979,155.30,41
1784976878,85,2979,152.24,41
1784976880,79,2979,152.22,41
1784976881,85,2979,153.33,41
1784976882,86,2979,154.85,41
1784976883,87,2979,152.19,41
1784976884,86,2979,154.36,41
1784976885,71,2979,152.54,41
1784976886,87,2979,154.59,41
1784976887,68,2979,152.58,41
1784976888,68,2979,149.57,41
1784976889,86,2979,150.66,41
1784976890,84,2979,150.77,41
1784976892,78,2979,150.55,41
1784976893,77,2979,151.00,41
1784976894,85,2979,151.40,41
1784976895,73,2979,149.26,41
1784976896,76,2979,147.99,41
1784976897,74,2979,149.10,41
1784976898,80,2979,150.97,41
1784976899,77,2979,149.04,41
1784976900,85,2979,149.30,41
1784976901,83,2979,150.71,41
1784976902,80,2979,149.23,41
1784976903,75,2979,149.43,41
1784976905,76,2979,150.79,41
1784976906,69,2979,153.36,41
1784976907,66,2979,149.21,41
1784976908,34,2979,132.31,40
1784976909,32,2979,133.07,40
1784976910,31,2979,132.07,40
1784976911,24,2979,128.44,40
1784976912,2,2979,119.11,40
1784976913,0,2979,128.61,41
1784976914,95,2979,281.42,43
1784976915,96,2979,278.84,44
1784976916,95,2979,280.32,44
1784976918,95,2979,283.10,45
1784976919,95,2979,280.78,45
1784976920,95,2979,280.93,45
1784976921,95,2979,284.38,45
1784976922,95,2979,279.17,45
1784976923,96,2979,283.99,45
1784976924,95,2979,282.25,46
1784976925,77,2979,173.49,43
1784976926,65,2979,155.93,42
1784976927,64,2979,155.97,42
1784976928,58,2979,154.05,42
1784976930,64,2979,158.77,42
1784976931,63,2979,154.41,42
1784976932,58,2979,153.42,42
1784976933,65,2979,153.88,42
1784976934,55,2979,149.87,42
1784976935,58,2979,151.56,42
1784976936,57,2979,151.61,42
1784976937,61,2979,151.01,42
1784976938,51,2979,148.57,41
1784976939,58,2979,153.17,41
1784976940,39,2979,147.85,41
1784976942,39,2979,149.89,41
1784976943,51,2979,149.42,41
1784976944,51,2979,151.15,41
1784976945,51,2979,148.89,41
1784976946,50,2979,150.82,41
1784976947,52,2979,152.05,41
1784976948,55,2979,147.64,41
1784976949,52,2979,148.47,41
1784976950,53,2979,149.48,41
1784976951,50,2979,147.87,41
1784976952,39,2979,147.65,41
1784976953,57,2979,149.84,41
1784976955,64,2979,151.01,41
1784976956,59,2979,146.57,41
1784976957,58,2979,144.79,41
1784976958,56,2979,146.19,41
1784976959,55,2979,146.92,41
1784976960,67,2979,145.38,41
1784976961,63,2979,143.45,41
1784976962,64,2979,146.31,41
1784976963,67,2979,146.94,41
1784976964,74,2979,145.06,41
1784976965,78,2979,145.64,41
1784976966,70,2979,148.76,41
1784976968,73,2979,148.26,41
1784976969,78,2979,148.85,41
1784976970,74,2979,149.77,41
1784976971,80,2979,149.70,41
1784976972,62,2979,150.65,41
1784976973,64,2979,148.73,41
1784976974,84,2979,151.75,41
1784976975,88,2979,151.92,41
1784976976,81,2979,152.28,41
1784976977,89,2979,150.09,41
1784976978,82,2979,152.74,41
1784976980,85,2979,151.78,41
1784976981,86,2979,152.90,41
1784976982,84,2979,153.69,41
1784976983,86,2979,153.73,41
1784976984,75,2979,151.18,41
1784976985,87,2979,155.79,41
1784976986,91,2979,155.05,41
1784976987,92,2979,151.25,41
1784976988,90,2979,155.12,41
1784976989,91,2979,153.18,41
1784976990,89,2979,150.37,41
1784976992,90,2979,153.50,41
1784976993,94,2979,154.70,41
1784976994,92,2979,153.38,41
1784976995,74,2979,151.77,41
1784976996,92,2979,151.54,41
1784976997,91,2979,153.58,41
1784976998,68,2979,151.79,41
1784976999,92,2979,153.43,41
1784977000,91,2979,152.96,41
1784977001,87,2979,153.18,41
1784977002,92,2979,152.50,41
1784977004,83,2979,153.17,41
1784977005,88,2979,153.57,41
1784977006,83,2979,151.99,41
1784977007,86,2979,152.04,41
1784977008,78,2979,151.44,41
1784977009,78,2979,152.74,41
1784977010,80,2979,150.26,41
1784977011,74,2979,151.51,41
1784977012,77,2979,150.37,41
1784977013,72,2979,148.58,41
1784977014,85,2979,149.58,41
1784977016,78,2979,149.92,41
1784977017,84,2979,154.08,41
1784977018,78,2979,154.34,41
1784977019,83,2979,158.39,41
1784977020,77,2979,156.45,41
1784977021,76,2979,156.52,41
1784977022,78,2979,158.22,41
1784977023,36,2979,141.83,40
1784977024,31,2979,137.87,40
1784977025,7,2979,124.58,40
1784977026,0,2979,117.11,40
1784977028,0,2979,117.40,40
1784977029,0,2979,116.92,40
1784977030,0,2979,117.08,40
1784977031,0,2979,116.83,39
1784977032,0,2979,116.76,39
1784977033,0,2979,117.11,39
1784977034,0,2979,116.75,39
1784977035,0,2979,116.98,39
1784977036,0,2979,116.71,39
1784977037,95,2979,190.13,42
1784977038,95,2979,279.13,43
1784977039,95,2979,281.77,44
1784977041,95,2979,280.56,44
1784977042,95,2979,283.04,44
1784977043,95,2979,279.63,45
1784977044,95,2979,279.32,45
1784977045,95,2979,282.06,45
1784977046,95,2979,278.35,45
1784977047,96,2979,283.37,45
1784977048,60,2979,256.35,43
1784977049,65,2979,162.01,42
1784977050,65,2979,155.47,42
1784977051,60,2979,156.26,42
1784977053,60,2979,154.39,42
1784977054,66,2979,154.39,42
1784977055,59,2979,157.42,42
1784977056,47,2979,152.99,42
1784977057,61,2979,153.30,42
1784977058,57,2979,153.55,41
1784977059,41,2979,149.32,41
1784977060,52,2979,149.13,41
1784977061,57,2979,152.78,41
1784977062,52,2979,150.06,41
1784977063,56,2979,149.25,41
1784977065,49,2979,150.54,41
1784977066,52,2979,150.65,41
1784977067,51,2979,146.72,41
1784977068,49,2979,152.88,41
1784977069,49,2979,151.40,41
1784977070,42,2979,147.71,41
1784977071,50,2979,147.55,41
1784977072,54,2979,149.91,41
1784977073,51,2979,150.47,41
1784977074,55,2979,147.54,41
1784977075,54,2979,147.61,41
1784977076,51,2979,147.31,41
1784977078,40,2979,146.66,41
1784977079,57,2979,146.43,41
1784977080,54,2979,147.80,41
1784977081,60,2979,148.54,41
1784977082,54,2979,143.11,41
1784977083,64,2979,150.91,41
1784977084,65,2979,150.44,41
1784977086,54,2979,148.41,41
1784977087,60,2979,148.84,41
1784977088,68,2979,152.88,41
1784977089,52,2979,146.90,41
1784977090,71,2979,152.29,41
1784977091,66,2979,151.80,41
1784977092,62,2979,150.86,41
1784977094,73,2979,153.28,41
1784977095,73,2979,154.44,41
1784977096,60,2979,153.46,41
1784977097,80,2979,151.59,41
1784977098,80,2979,154.65,41
1784977099,61,2979,153.12,41
1784977100,81,2979,154.69,41
1784977101,77,2979,155.35,41
1784977102,78,2979,156.18,41
1784977103,83,2979,158.85,41
1784977104,79,2979,156.51,41
1784977106,67,2979,156.74,41
1784977107,86,2979,159.15,41
1784977108,85,2979,158.71,41
1784977109,73,2979,157.57,41
1784977110,85,2979,158.66,41
1784977111,85,2979,158.32,41
1784977112,85,2979,155.75,41
1784977113,77,2979,157.76,41
1784977114,87,2979,158.43,41
1784977115,79,2979,156.73,41
1784977117,81,2979,158.50,41
1784977118,63,2979,156.80,41
1784977119,78,2979,155.54,41
1784977120,83,2979,155.59,41
1784977121,67,2979,155.48,41
1784977122,83,2979,157.20,41
1784977123,85,2979,157.36,41
1784977124,86,2979,156.73,41
1784977125,84,2979,158.32,41
1784977126,83,2979,157.24,41
1784977127,78,2979,153.92,41
1784977128,85,2979,156.85,41
1784977130,80,2979,154.99,41
1784977131,73,2979,150.69,41
1784977132,76,2979,150.19,41
1784977133,84,2979,155.63,41
1784977134,53,2979,152.34,41
1784977135,83,2979,154.03,41
1784977136,83,2979,152.87,41
1784977137,82,2979,156.49,41
1784977138,83,2979,150.79,41
1784977139,83,2979,157.09,41
1784977140,85,2979,154.99,41
1784977142,83,2979,150.64,41
1784977143,84,2979,153.26,41
1784977144,83,2979,153.37,41
1784977145,59,2979,150.56,41
1784977146,79,2979,154.56,41
1784977147,78,2979,154.34,41
1784977148,74,2979,150.63,41
1784977149,74,2979,148.61,41
1784977150,70,2979,150.80,41
1784977151,64,2979,145.26,40
1784977152,24,2979,132.26,40
1784977153,30,2979,133.61,40
1784977155,29,2979,132.26,40
1784977156,19,2979,127.49,40
1784977157,0,2979,116.93,40
1784977158,0,2979,116.99,39
1784977159,0,2979,117.04,39
1784977160,0,2979,116.73,39
1784977161,0,2979,117.00,39
1784977162,95,2979,214.57,42
1784977163,95,2979,279.64,43
1784977164,95,2979,279.21,44
1784977165,95,2979,279.00,44
1784977167,95,2979,283.61,44
1784977168,95,2979,280.13,45
1784977169,95,2979,281.36,45
1784977170,95,2979,281.11,45
1784977171,95,2979,281.39,45
1784977172,95,2979,281.42,45
1784977173,81,2979,244.97,43
1784977174,60,2979,157.71,42
1784977175,62,2979,156.10,42
1784977176,48,2979,151.74,42
1784977177,64,2979,153.93,42
1784977179,59,2979,154.71,41
1784977180,58,2979,152.98,41
1784977181,49,2979,151.21,41
1784977182,61,2979,152.86,41
1784977183,44,2979,149.66,41
1784977184,44,2979,150.24,41
1784977185,55,2979,149.69,41
1784977186,56,2979,149.61,41
1784977187,48,2979,147.26,41
1784977188,46,2979,145.05,41
1784977189,50,2979,151.46,41
1784977191,45,2979,147.87,41
1784977192,50,2979,146.68,41
1784977193,45,2979,148.93,41
1784977194,53,2979,150.12,41
1784977195,54,2979,152.22,41
1784977196,51,2979,149.28,41
1784977197,51,2979,148.15,41
1784977198,52,2979,148.75,41
1784977199,42,2979,147.71,41
1784977200,59,2979,147.96,41
1784977201,60,2979,145.00,41
1784977203,61,2979,146.03,41
1784977204,46,2979,144.68,41
1784977205,62,2979,147.61,41
1784977206,61,2979,146.61,41
1784977207,65,2979,146.23,41
1784977208,57,2979,145.36,41
1784977209,48,2979,147.25,40
1784977210,70,2979,148.12,40
1784977211,74,2979,147.70,41
1784977212,75,2979,146.94,40
1784977213,67,2979,147.08,40
1784977215,72,2979,149.07,40
1784977216,79,2979,147.78,40
1784977217,78,2979,150.61,41
1784977218,80,2979,151.15,41
1784977219,81,2979,153.15,41
1784977220,74,2979,152.73,41
1784977221,74,2979,149.52,41
1784977222,74,2979,154.88,41
1784977223,70,2979,154.31,41
1784977224,59,2979,151.08,41
1784977225,72,2979,153.24,41
1784977227,79,2979,153.36,40
1784977228,79,2979,153.35,41
1784977229,77,2979,153.30,41
1784977230,77,2979,152.94,41
1784977231,74,2979,149.88,41
1784977232,79,2979,153.60,41
1784977233,79,2979,155.72,41
1784977234,79,2979,154.63,41
1784977235,78,2979,153.12,41
1784977236,81,2979,153.31,41
1784977237,81,2979,155.35,41
1784977239,75,2979,153.33,41
1784977240,62,2979,153.43,41
1784977241,82,2979,154.56,41
1784977242,79,2979,151.96,41
1784977243,79,2979,155.74,41
1784977244,70,2979,152.35,41
1784977245,80,2979,159.70,41
1784977246,76,2979,155.43,41
1784977247,79,2979,155.14,41
1784977248,74,2979,156.26,40
1784977249,80,2979,152.73,41
1784977250,77,2979,156.09,41
1784977252,83,2979,156.54,41
1784977253,82,2979,152.13,41
1784977254,86,2979,155.56,41
1784977255,81,2979,158.86,41
1784977256,78,2979,150.69,41
1784977257,77,2979,155.57,41
1784977258,77,2979,155.26,41
1784977259,73,2979,153.79,41
1784977260,77,2979,155.32,41
1784977261,75,2979,152.32,41
1784977262,70,2979,150.94,41
1784977264,84,2979,155.23,41
1784977265,87,2979,153.61,41
1784977266,81,2979,153.86,41
1784977267,78,2979,149.10,41
1784977268,74,2979,153.04,41
1784977269,72,2979,151.66,41
1784977270,71,2979,151.30,41
1784977271,69,2979,153.14,41
1784977272,68,2979,151.04,41
1784977273,57,2979,151.65,40
1784977274,70,2979,149.48,40
1784977275,63,2979,148.63,40
1784977277,2,2979,123.41,40
1784977278,0,2979,117.14,40
1784977279,0,2979,117.20,39
1784977280,0,2979,116.83,39
1784977281,0,2979,117.00,39
1784977282,0,2979,116.75,39
1784977283,0,2979,116.78,39
1784977284,0,2979,116.90,39
1784977285,0,2979,116.65,39
1784977286,0,2979,116.79,39
1784977287,95,2979,249.44,42
1784977289,96,2979,278.90,43
1784977290,96,2979,279.77,44
1784977291,96,2979,281.53,44
1784977292,96,2979,283.98,44
1784977293,96,2979,284.69,44
1784977294,96,2979,280.82,45
1784977295,96,2979,279.55,45
1784977296,96,2979,287.86,45
1784977297,96,2979,280.92,45
1784977298,38,2979,196.15,42
1784977299,40,2979,128.52,41
1784977300,40,2979,127.22,41
1784977302,39,2979,128.44,41
1784977303,39,2979,125.25,41
1784977304,40,2979,126.61,41
1784977305,39,2979,127.81,40
1784977306,39,2979,127.63,40
1784977307,39,2979,127.44,40
1784977308,39,2979,127.43,40
1784977309,39,2979,127.67,40
1784977310,39,2979,127.76,40
1784977311,39,2979,127.19,40
1784977312,38,2979,127.32,40
1784977313,39,2979,126.90,40
1784977315,39,2979,127.49,40
1784977316,39,2979,127.54,40
1784977317,39,2979,126.38,40
1784977318,36,2979,127.68,40
1784977319,37,2979,126.08,40
1784977320,33,2979,125.54,40
1784977321,29,2979,124.66,40
1784977322,0,2979,126.41,40
1784977323,7,2979,126.65,40
1784977324,39,2979,122.65,39
1784977325,32,2979,120.29,39
1784977326,41,2979,121.33,39
1784977328,41,2979,122.61,39
1784977329,66,2979,157.00,40
1784977330,58,2979,156.17,40
1784977331,62,2979,154.85,40
1784977332,51,2979,152.67,40
1784977333,63,2979,157.00,40
1784977334,62,2979,154.91,40
1784977335,60,2979,148.85,40
1784977336,64,2979,151.46,40
1784977337,55,2979,154.51,40
1784977338,60,2979,149.28,40
1784977340,62,2979,151.69,40
1784977341,59,2979,152.73,40
1784977342,56,2979,145.48,40
1784977343,61,2979,151.17,40
1784977344,54,2979,151.11,40
1784977345,56,2979,148.54,40
1784977346,51,2979,151.15,40
1784977347,52,2979,150.27,40
1784977348,37,2979,149.30,40
1784977349,52,2979,153.15,40
1784977351,55,2979,151.48,40
1784977352,42,2979,147.64,40
1784977353,57,2979,151.65,40
1784977354,56,2979,149.82,40
1784977355,47,2979,148.50,40
1784977356,56,2979,146.71,40
1784977357,57,2979,148.80,40
1784977358,56,2979,150.02,40
1784977359,54,2979,144.85,40
1784977360,59,2979,146.98,40
1784977361,59,2979,145.60,40
1784977363,55,2979,145.35,40
1784977364,60,2979,146.20,40
1784977365,63,2979,147.41,40
1784977366,64,2979,146.97,40
1784977367,69,2979,144.43,40
1784977368,65,2979,147.02,40
1784977369,66,2979,147.52,40
1784977370,73,2979,148.90,40
1784977371,74,2979,147.19,40
1784977372,71,2979,146.87,40
1784977373,78,2979,148.08,40
1784977375,63,2979,147.42,40
1784977376,76,2979,147.13,40
1784977377,82,2979,147.93,40
1784977378,69,2979,149.38,40
1784977379,78,2979,149.92,40
1784977380,75,2979,149.77,40
1784977381,80,2979,151.56,40
1784977382,61,2979,148.35,40
1784977383,79,2979,149.96,40
1784977384,78,2979,150.19,40
1784977385,82,2979,152.56,40
1784977387,80,2979,150.00,40
1784977388,83,2979,150.21,40
1784977389,79,2979,153.14,40
1784977390,78,2979,151.51,40
1784977391,81,2979,152.63,40
1784977392,85,2979,151.53,40
1784977393,81,2979,152.68,40
1784977394,83,2979,152.71,40
1784977395,78,2979,151.65,40
1784977396,75,2979,152.25,40
1784977397,76,2979,149.39,40
1784977398,79,2979,150.77,40
1784977400,83,2979,148.84,40
1784977401,80,2979,149.52,40
1784977402,80,2979,149.87,40
1784977403,69,2979,149.37,40
1784977404,86,2979,150.25,40
1784977405,87,2979,149.93,40
1784977406,85,2979,152.33,40
1784977407,86,2979,150.01,40
1784977408,81,2979,150.31,40
1784977409,87,2979,152.28,40
1784977411,84,2979,153.04,40
1784977412,91,2979,150.46,40
1784977413,83,2979,151.53,40
1784977414,88,2979,151.59,40
1784977415,83,2979,153.40,40
1784977416,81,2979,154.41,40
1784977417,70,2979,154.45,40
1784977418,71,2979,153.33,40
1784977419,56,2979,151.76,40
1784977420,72,2979,152.72,40
1784977421,73,2979,153.35,40
1784977423,72,2979,154.52,40
1784977424,71,2979,151.72,40
1784977425,72,2979,152.35,40
1784977426,75,2979,153.36,40
1784977427,71,2979,152.84,40
1784977428,75,2979,152.38,40
1784977429,76,2979,153.67,40
1784977430,36,2979,137.56,40
1784977431,32,2979,131.62,40
1784977432,30,2979,132.08,40
1784977433,20,2979,127.16,39
1784977434,40,2979,133.36,41
1784977436,96,2979,281.80,43
1784977437,96,2979,277.99,44
1784977438,96,2979,284.39,44
1784977439,96,2979,282.20,44
1784977440,96,2979,281.44,45
1784977441,96,2979,281.96,45
1784977442,96,2979,281.98,45
1784977443,96,2979,281.14,45
1784977444,96,2979,286.06,45
1784977445,96,2979,282.46,45
1784977446,67,2979,169.28,43
1784977448,48,2979,153.06,42
1784977449,61,2979,154.53,42
1784977450,69,2979,157.93,42
1784977451,62,2979,155.60,42
1784977452,62,2979,157.94,42
1784977453,58,2979,151.87,42
1784977454,59,2979,153.30,41
1784977455,55,2979,154.51,41
1784977456,57,2979,152.98,41
1784977457,50,2979,149.00,41
1784977458,54,2979,153.12,41
1784977460,55,2979,151.31,41
1784977461,55,2979,148.56,41
1784977462,57,2979,152.56,41
1784977463,55,2979,151.51,41
1784977464,52,2979,148.08,41
1784977465,52,2979,152.97,41
1784977466,56,2979,151.99,41
1784977467,34,2979,148.54,41
1784977468,59,2979,154.72,41
1784977469,62,2979,152.28,41
1784977470,59,2979,150.95,41
1784977472,60,2979,149.55,41
1784977473,63,2979,152.00,41
1784977474,56,2979,148.61,41
1784977475,55,2979,150.08,41
1784977476,66,2979,149.43,41
1784977477,54,2979,151.02,41
1784977478,61,2979,152.82,41
1784977479,64,2979,148.32,41
1784977480,53,2979,150.61,41
1784977481,67,2979,149.94,41
1784977483,64,2979,148.63,41
1784977484,69,2979,151.09,41
1784977485,70,2979,148.58,41
1784977486,79,2979,152.35,41
1784977487,75,2979,148.19,41
1784977488,76,2979,148.61,41
1784977489,79,2979,152.09,41
1784977490,72,2979,151.46,41
1784977491,74,2979,148.79,41
1784977492,76,2979,151.18,41
1784977493,79,2979,151.44,41
1784977495,65,2979,149.97,41
1784977496,69,2979,151.41,41
1784977497,76,2979,149.72,41
1784977498,76,2979,151.12,41
1784977499,84,2979,152.26,41
1784977500,83,2979,153.40,41
1784977501,84,2979,153.37,41
1784977502,80,2979,151.22,41
1784977503,87,2979,153.72,41
1784977504,82,2979,153.96,41
1784977505,82,2979,150.01,41
1784977507,87,2979,155.82,41
1784977508,79,2979,153.95,41
1784977509,87,2979,153.24,41
1784977510,89,2979,151.54,41
1784977511,90,2979,152.84,41
1784977512,91,2979,150.85,41
1784977513,90,2979,153.81,41
1784977514,88,2979,152.19,41
1784977515,81,2979,152.16,41
1784977516,87,2979,156.63,41
1784977517,89,2979,154.16,41
1784977519,88,2979,152.53,41
1784977520,88,2979,154.41,41
1784977521,88,2979,154.37,41
1784977522,90,2979,151.72,41
1784977523,90,2979,155.50,41
1784977524,91,2979,152.42,41
1784977525,90,2979,152.25,41
1784977526,90,2979,153.59,41
1784977527,89,2979,154.42,41
1784977528,89,2979,153.53,41
1784977530,88,2979,152.93,41
1784977531,89,2979,153.78,41
1784977532,87,2979,151.63,41
1784977533,88,2979,152.54,41
1784977534,76,2979,152.24,41
1784977535,76,2979,148.17,41
1784977536,79,2979,150.57,41
1784977537,76,2979,149.92,41
1784977538,75,2979,151.96,41
1784977539,83,2979,151.53,41
1784977541,78,2979,149.13,41
1784977542,78,2979,152.46,41
1784977543,79,2979,152.77,41
1784977544,65,2979,150.55,41
1784977545,30,2979,134.77,40
1784977546,23,2979,131.23,40
1784977547,0,2979,117.67,40
1784977548,0,2979,117.10,40
1784977549,0,2979,117.19,40
1784977550,0,2979,117.07,40
1784977551,0,2979,116.96,40
1784977552,96,2979,282.74,43
1784977554,96,2979,282.42,44
1784977555,96,2979,279.50,44
1784977556,96,2979,281.83,45
1784977557,96,2979,281.82,45
1784977558,96,2979,280.60,45
1784977559,96,2979,283.47,45
1784977560,96,2979,281.04,45
1784977561,96,2979,283.30,45
1784977562,96,2979,285.80,46
1784977563,69,2979,179.06,43
1784977564,60,2979,157.00,43
1784977565,55,2979,154.29,42
1784977567,67,2979,153.79,42
1784977568,65,2979,156.72,42
1784977569,62,2979,155.08,42
1784977570,59,2979,156.21,42
1784977571,62,2979,157.54,42
1784977572,56,2979,153.47,42
1784977573,58,2979,154.29,42
1784977574,56,2979,151.61,42
1784977575,52,2979,150.30,42
1784977576,47,2979,150.70,42
1784977577,51,2979,150.99,42
1784977579,45,2979,146.40,41
1784977580,51,2979,151.30,42
1784977581,56,2979,150.07,42
1784977582,48,2979,148.14,41
1784977583,57,2979,146.46,41
1784977584,48,2979,148.57,41
1784977585,58,2979,151.33,41
1784977586,53,2979,147.66,41
1784977587,58,2979,150.73,41
1784977588,59,2979,147.56,41
1784977589,43,2979,147.53,41
1784977591,57,2979,151.82,41
1784977592,64,2979,149.46,41
1784977593,63,2979,150.53,41
1784977594,59,2979,144.88,41
1784977595,60,2979,150.20,41
1784977596,70,2979,151.49,41
1784977597,65,2979,148.19,41
1784977598,64,2979,148.54,41
1784977599,71,2979,150.18,41
1784977600,57,2979,146.04,41
1784977601,70,2979,148.54,41
1784977603,66,2979,147.33,41
1784977604,70,2979,149.32,41
1784977605,70,2979,148.71,41
1784977606,75,2979,148.25,41
1784977607,69,2979,148.80,41
1784977608,72,2979,148.73,41
1784977609,71,2979,150.40,41
1784977610,75,2979,152.28,41
1784977611,63,2979,148.82,41
1784977612,80,2979,152.32,41
1784977613,79,2979,151.98,41
1784977615,79,2979,151.73,41
1784977616,74,2979,153.33,41
1784977617,82,2979,155.80,41
1784977618,83,2979,152.76,41
1784977619,83,2979,154.43,41
1784977620,86,2979,150.92,41
1784977621,70,2979,154.51,41
1784977622,88,2979,154.86,41
1784977623,82,2979,152.77,41
1784977624,83,2979,153.01,41
1784977625,83,2979,154.33,41
1784977627,83,2979,155.04,41
1784977628,85,2979,150.71,41
1784977629,78,2979,152.01,41
1784977630,85,2979,153.51,41
1784977631,85,2979,154.36,41
1784977632,85,2979,154.38,41
1784977633,84,2979,159.07,41
1784977634,90,2979,154.08,41
1784977635,72,2979,156.54,41
1784977636,84,2979,153.33,41
1784977637,89,2979,157.13,41
1784977639,86,2979,156.96,41
1784977640,86,2979,153.12,41
1784977641,88,2979,153.98,41
1784977642,84,2979,154.04,41
1784977643,88,2979,154.18,41
1784977644,84,2979,152.05,41
1784977645,84,2979,154.77,41
1784977646,86,2979,156.81,41
1784977647,88,2979,152.47,41
1784977648,68,2979,155.03,41
1784977649,86,2979,154.36,41
1784977651,84,2979,154.91,41
1784977652,69,2979,153.61,41
1784977653,84,2979,154.94,41
1784977654,85,2979,154.27,41
1784977655,84,2979,151.12,41
1784977656,84,2979,154.74,41
1784977657,76,2979,152.02,41
1784977658,77,2979,151.46,41
1784977659,75,2979,150.91,41
1784977660,76,2979,156.21,41
1784977661,70,2979,151.50,41
1784977663,32,2979,136.55,41
1784977664,31,2979,135.07,41
1784977665,30,2979,131.75,40
1784977666,22,2979,126.94,40
1784977667,0,2979,117.81,40
1784977668,0,2979,117.19,40
1784977669,0,2979,117.33,40
1784977670,0,2979,117.11,40
1784977671,0,2979,117.32,40
1784977672,0,2979,117.08,40
1784977673,0,2979,117.06,40
1784977675,0,2979,117.06,40
1784977676,0,2979,116.96,40
1784977677,0,2979,117.15,39
1784977678,0,2979,116.79,39
1784977679,0,2979,116.98,39
1784977680,0,2979,116.79,39
1784977681,0,2979,116.63,39
1784977682,96,2979,177.44,42
1784977683,96,2979,282.09,43
1784977684,96,2979,283.82,44
1784977685,96,2979,279.05,44
1784977686,96,2979,279.47,44
1784977687,96,2979,282.04,45
1784977689,96,2979,282.73,45
1784977690,96,2979,283.30,45
1784977691,96,2979,280.64,45
1784977692,96,2979,281.45,45
1784977693,56,2979,260.23,44
1784977694,67,2979,163.48,42
1784977695,60,2979,155.23,42
1784977696,59,2979,153.95,42
1784977697,68,2979,157.26,42
1784977698,64,2979,153.80,42
1784977699,61,2979,156.45,42
1784977701,68,2979,155.43,42
1784977702,60,2979,152.69,42
1784977703,58,2979,153.46,41
1784977704,57,2979,152.95,41
1784977705,56,2979,150.52,41
1784977706,54,2979,151.70,41
1784977707,53,2979,149.39,41
1784977708,51,2979,148.28,41
1784977709,56,2979,150.10,41
1784977710,50,2979,149.95,41
1784977711,51,2979,146.93,41
1784977712,48,2979,150.21,41
1784977714,54,2979,150.84,41
1784977715,34,2979,149.18,41
1784977716,54,2979,151.40,41
1784977717,49,2979,153.11,41
1784977718,56,2979,152.57,41
1784977719,60,2979,146.26,41
1784977720,58,2979,148.41,41
1784977721,54,2979,151.47,41
1784977722,62,2979,149.09,41
1784977723,59,2979,147.75,41
1784977724,59,2979,150.49,41
1784977726,63,2979,149.59,41
1784977727,66,2979,150.29,41
1784977728,63,2979,151.45,41
1784977729,52,2979,151.53,41
1784977730,68,2979,151.74,41
1784977731,57,2979,150.23,41
1784977732,64,2979,151.03,41
1784977733,74,2979,150.27,41
1784977734,68,2979,152.12,41
1784977735,74,2979,151.42,41
1784977736,77,2979,154.71,41
1784977738,79,2979,152.80,41
1784977739,76,2979,152.20,41
1784977740,78,2979,155.80,41
1784977741,75,2979,155.84,41
1784977742,77,2979,154.29,41
1784977743,66,2979,153.97,41
1784977744,65,2979,154.13,41
1784977745,84,2979,155.09,41
1784977746,83,2979,156.11,41
1784977747,80,2979,155.62,41
1784977748,86,2979,157.00,41
1784977750,80,2979,158.87,41
1784977751,79,2979,159.60,41
1784977752,75,2979,159.31,41
1784977753,82,2979,157.54,41
1784977754,79,2979,156.61,41
1784977755,80,2979,157.80,41
1784977756,63,2979,153.15,41
1784977757,76,2979,158.98,41
1784977758,79,2979,160.66,41
1784977759,72,2979,158.35,41
1784977760,73,2979,161.41,41
1784977762,83,2979,163.50,41
1784977763,80,2979,159.35,41
1784977764,81,2979,160.23,41
1784977765,77,2979,158.54,41
1784977766,82,2979,157.07,41
1784977767,84,2979,161.07,41
1784977768,81,2979,161.74,41
1784977769,76,2979,157.28,41
1784977770,84,2979,161.16,41
1784977771,59,2979,161.09,41
1784977772,80,2979,161.52,41
1784977774,83,2979,158.54,41
1784977775,72,2979,154.71,41
1784977776,81,2979,160.12,41
1784977777,78,2979,157.68,41
1784977778,72,2979,155.86,41
1784977779,76,2979,158.22,41
1784977780,75,2979,158.49,41
1784977781,73,2979,154.46,41
1784977782,64,2979,157.46,41
1784977783,74,2979,157.71,41
1784977785,75,2979,156.62,41
1784977786,75,2979,156.60,41
1784977787,76,2979,157.52,41
1784977788,73,2979,159.63,41
1784977789,70,2979,157.52,41
1784977790,72,2979,156.87,41
1784977791,70,2979,153.29,41
1784977792,68,2979,152.79,41
1784977793,70,2979,154.08,41
1784977794,53,2979,144.35,41
1784977795,32,2979,136.92,41
1784977797,31,2979,136.30,41
1784977798,20,2979,133.25,40
1784977799,23,2979,131.87,40
1784977800,2,2979,120.16,40
1784977801,0,2979,117.55,40
1784977802,0,2979,117.09,40
1784977803,0,2979,117.23,40
1784977804,0,2979,117.20,40
1784977805,72,2979,164.38,42
1784977806,96,2979,280.37,44
1784977807,96,2979,282.26,44
1784977808,96,2979,283.58,44
1784977810,96,2979,282.66,45
1784977811,96,2979,280.29,45
1784977812,96,2979,279.10,45
1784977813,96,2979,283.16,45
1784977814,96,2979,285.83,46
1784977815,96,2979,283.84,46
1784977816,66,2979,267.24,44
1784977817,66,2979,161.92,43
1784977818,60,2979,153.82,42
1784977819,58,2979,153.83,42
1784977821,66,2979,151.65,42
1784977822,59,2979,151.60,42
1784977823,56,2979,156.27,42
1784977824,56,2979,151.08,42
1784977825,46,2979,148.01,42
1784977826,56,2979,153.82,42
1784977827,48,2979,149.89,42
1784977828,56,2979,149.86,42
1784977829,48,2979,149.55,42
1784977830,51,2979,148.06,42
1784977831,43,2979,147.40,42
1784977832,49,2979,149.65,41
1784977834,45,2979,151.32,42
1784977835,49,2979,152.79,41
1784977836,45,2979,152.42,41
1784977837,47,2979,151.44,41
1784977838,53,2979,150.16,41
1784977839,55,2979,148.86,41
1784977840,53,2979,149.46,41
1784977841,51,2979,148.64,41
1784977842,50,2979,146.82,41
1784977843,54,2979,146.43,41
1784977845,56,2979,146.61,41
1784977846,49,2979,145.95,41
1784977847,50,2979,144.68,41
1784977848,53,2979,144.57,41
1784977849,54,2979,145.62,41
1784977850,53,2979,145.78,41
1784977851,53,2979,145.00,41
1784977852,57,2979,143.47,41
1784977853,56,2979,143.71,41
1784977854,40,2979,144.57,41
1784977855,66,2979,146.92,41
1784977856,45,2979,143.92,41
1784977858,67,2979,146.22,41
1784977859,67,2979,143.86,41
1784977860,53,2979,145.84,41
1784977861,66,2979,147.12,41
1784977862,71,2979,147.44,41
1784977863,69,2979,145.65,41
1784977864,71,2979,150.84,41
1784977865,61,2979,151.47,41
1784977866,58,2979,151.22,41
1784977867,69,2979,149.63,41
1784977868,77,2979,150.78,41
1784977870,67,2979,151.46,41
1784977871,68,2979,153.64,41
1784977872,67,2979,152.66,41
1784977873,71,2979,154.53,41
1784977874,71,2979,154.51,41
1784977875,74,2979,153.64,41
1784977876,58,2979,152.57,41
1784977877,70,2979,153.82,41
1784977878,71,2979,154.05,41
1784977879,71,2979,154.22,41
1784977880,72,2979,152.34,41
1784977882,70,2979,155.39,41
1784977883,72,2979,156.14,41
1784977884,75,2979,152.36,41
1784977885,70,2979,153.35,41
1784977886,65,2979,151.02,41
1784977887,74,2979,153.79,41
1784977888,75,2979,154.37,41
1784977889,76,2979,153.93,41
1784977890,75,2979,153.91,41
1784977891,75,2979,152.38,41
1784977892,76,2979,155.15,41
1784977894,72,2979,152.45,41
1784977895,72,2979,152.65,41
1784977896,72,2979,150.96,41
1784977897,62,2979,153.76,41
1784977898,75,2979,153.15,41
1784977899,75,2979,153.40,41
1784977900,75,2979,153.00,41
1784977901,76,2979,154.12,41
1784977902,72,2979,155.37,41
1784977903,72,2979,154.20,41
1784977904,75,2979,151.38,41
1784977905,71,2979,153.72,41
1784977907,72,2979,152.79,41
1784977908,76,2979,154.45,41
1784977909,76,2979,153.34,41
1784977910,67,2979,152.93,41
1784977911,75,2979,155.03,41
1784977912,69,2979,153.35,41
1784977913,70,2979,155.67,41
1784977914,71,2979,154.84,41
1784977915,71,2979,153.74,41
1784977916,69,2979,154.51,41
1784977917,68,2979,154.43,41
1784977919,72,2979,153.81,41
1784977920,69,2979,149.65,41
1784977921,69,2979,153.22,41
1784977922,69,2979,151.31,41
1784977923,68,2979,149.28,41
1784977924,68,2979,149.52,41
1784977925,63,2979,145.46,41
1784977926,28,2979,133.10,40
1784977928,29,2979,131.38,40
1784977929,2,2979,120.86,40
1784977930,0,2979,117.04,40
1784977931,0,2979,117.13,40
1784977932,0,2979,117.00,40
1784977933,96,2979,280.03,43
1784977934,96,2979,280.03,44
1784977935,96,2979,278.10,44
1784977936,96,2979,286.25,45
1784977937,96,2979,283.09,45
1784977938,96,2979,278.40,45
1784977939,96,2979,282.39,45
1784977941,96,2979,282.11,45
1784977942,96,2979,284.64,46
1784977943,96,2979,281.62,46
1784977944,38,2979,175.29,42
1784977945,40,2979,129.37,42
1784977946,39,2979,128.24,41
1784977947,39,2979,128.37,41
1784977948,37,2979,125.00,41
1784977949,39,2979,128.01,41
1784977950,37,2979,127.46,41
1784977951,39,2979,126.99,41
1784977952,39,2979,127.97,41
1784977954,38,2979,127.54,41
1784977955,39,2979,127.29,41
1784977956,38,2979,127.39,41
1784977957,39,2979,127.82,40
1784977958,39,2979,127.36,40
1784977959,38,2979,127.30,40
1784977960,40,2979,127.93,40
1784977961,39,2979,127.67,40
1784977962,25,2979,127.02,40
1784977963,38,2979,125.94,40
1784977964,38,2979,126.58,40
1784977965,37,2979,126.08,40
1784977967,38,2979,126.50,40
1784977968,37,2979,125.84,40
1784977969,2,2979,122.15,40
1784977970,5,2979,123.74,40
1784977971,26,2979,121.63,40
1784977972,41,2979,122.17,40
1784977973,72,2979,146.02,40
1784977974,52,2979,152.73,40
1784977975,48,2979,147.76,40
1784977976,54,2979,149.82,40
1784977977,54,2979,150.09,40
1784977978,40,2979,148.24,40
1784977980,54,2979,146.71,40
1784977981,50,2979,148.63,40
1784977982,54,2979,148.47,40
1784977983,54,2979,146.54,40
1784977984,51,2979,148.22,40
1784977985,51,2979,149.70,40
1784977986,63,2979,147.71,40
1784977987,50,2979,148.71,40
1784977988,55,2979,148.34,40
1784977989,49,2979,148.47,40
1784977990,49,2979,145.47,40
1784977992,48,2979,149.67,40
1784977993,50,2979,146.85,40
1784977994,47,2979,146.51,40
1784977995,50,2979,148.43,40
1784977996,53,2979,150.80,40
1784977997,46,2979,150.06,40
1784977998,54,2979,146.66,40
1784977999,59,2979,147.49,40
1784978000,56,2979,148.46,40
1784978001,40,2979,146.10,40
1784978002,52,2979,146.74,40
1784978003,56,2979,148.63,40
1784978005,52,2979,149.35,40
1784978006,44,2979,143.40,40
1784978007,60,2979,146.89,40
1784978008,59,2979,147.70,40
1784978009,54,2979,148.57,40
1784978010,64,2979,145.74,40
1784978011,59,2979,146.81,40
1784978012,61,2979,143.25,40
1784978013,68,2979,144.61,40
1784978014,59,2979,144.98,40
1784978015,60,2979,146.16,40
1784978017,67,2979,149.25,40
1784978018,65,2979,145.89,40
1784978019,63,2979,146.80,40
1784978020,66,2979,148.06,40
1784978021,70,2979,148.08,40
1784978022,61,2979,147.26,40
1784978023,67,2979,147.43,40
1784978024,59,2979,148.32,40
1784978025,69,2979,150.05,40
1784978026,78,2979,149.96,40
1784978027,75,2979,150.68,40
1784978029,77,2979,150.68,40
1784978030,74,2979,149.98,40
1784978031,69,2979,149.85,40
1784978032,71,2979,149.46,40
1784978033,70,2979,147.86,40
1784978034,84,2979,148.07,40
1784978035,72,2979,150.45,40
1784978036,75,2979,150.00,40
1784978037,72,2979,149.80,40
1784978038,75,2979,150.63,40
1784978039,74,2979,151.18,40
1784978041,75,2979,150.04,40
1784978042,66,2979,149.09,40
1784978043,65,2979,151.45,40
1784978044,74,2979,149.94,40
1784978045,66,2979,150.70,40
1784978046,63,2979,148.55,40
1784978047,75,2979,148.89,40
1784978048,76,2979,148.39,40
1784978049,76,2979,150.27,40
1784978050,72,2979,151.01,40
1784978051,79,2979,151.77,40
1784978053,73,2979,149.38,40
1784978054,75,2979,148.87,40
1784978055,75,2979,154.26,41
1784978056,73,2979,151.48,41
1784978057,75,2979,154.61,41
1784978058,72,2979,154.76,41
1784978059,71,2979,158.13,41
1784978060,69,2979,153.55,41
1784978061,68,2979,156.65,41
1784978062,73,2979,154.47,41
1784978063,73,2979,153.89,41
1784978065,72,2979,153.57,41
1784978066,71,2979,154.19,41
1784978067,74,2979,156.58,41
1784978068,71,2979,154.72,41
1784978069,72,2979,151.41,41
1784978070,72,2979,157.11,41
1784978071,77,2979,155.85,41
1784978072,68,2979,154.35,41
1784978073,59,2979,152.14,41
1784978074,66,2979,156.21,41
1784978075,69,2979,151.53,41
1784978077,69,2979,154.25,41
1784978078,70,2979,154.72,41
1784978079,68,2979,153.67,41
1784978080,69,2979,151.63,41
1784978081,66,2979,151.43,41
1784978082,63,2979,144.79,40
1784978083,28,2979,135.45,40
1784978084,27,2979,134.27,40
1784978085,29,2979,132.85,40
1784978086,28,2979,131.52,40
1784978087,12,2979,127.20,40
1784978088,0,2979,117.26,40
1784978089,96,2979,249.10,43
1784978091,96,2979,285.33,44
1784978092,96,2979,279.70,44
1784978093,96,2979,282.01,45
1784978094,96,2979,283.50,45
1784978095,96,2979,282.96,45
1784978096,96,2979,283.46,45
1784978097,96,2979,281.71,45
1784978098,96,2979,283.16,45
1784978099,96,2979,279.39,45
1784978100,63,2979,196.32,43
1784978101,60,2979,155.39,42
1784978103,53,2979,148.13,42
1784978104,56,2979,148.78,42
1784978105,53,2979,149.58,42
1784978106,57,2979,148.90,42
1784978107,54,2979,148.99,42
1784978108,53,2979,149.57,41
1784978109,55,2979,150.10,41
1784978110,53,2979,150.79,41
1784978111,53,2979,148.34,41
1784978112,50,2979,148.08,41
1784978113,51,2979,147.46,41
1784978115,53,2979,151.34,41
1784978116,52,2979,146.61,41
1784978117,50,2979,147.08,41
1784978118,55,2979,148.59,41
1784978119,35,2979,146.59,41
1784978120,52,2979,145.57,41
1784978121,50,2979,147.44,41
1784978122,51,2979,148.99,41
1784978123,51,2979,147.51,41
1784978124,50,2979,148.46,41
1784978125,53,2979,148.18,41
1784978127,50,2979,147.02,41
1784978128,55,2979,148.74,41
1784978129,42,2979,146.13,41
1784978130,55,2979,148.52,41
1784978131,55,2979,145.85,41
1784978132,57,2979,146.91,41
1784978133,59,2979,148.11,41
1784978134,58,2979,147.17,41
1784978135,61,2979,149.42,41
1784978136,58,2979,148.83,41
1784978138,53,2979,146.06,41
1784978139,60,2979,148.10,41
1784978140,60,2979,149.12,41
1784978141,53,2979,147.63,41
1784978142,53,2979,147.49,41
1784978143,65,2979,146.57,41
1784978144,67,2979,148.50,41
1784978145,68,2979,147.28,41
1784978146,62,2979,151.08,41
1784978147,72,2979,151.83,41
1784978148,74,2979,148.72,41
1784978149,76,2979,151.22,41
1784978151,69,2979,149.74,41
1784978152,78,2979,151.62,41
1784978153,82,2979,153.93,41
1784978154,77,2979,150.25,41
1784978155,73,2979,148.68,41
1784978156,84,2979,151.10,41
1784978157,83,2979,151.93,41
1784978158,73,2979,148.57,41
1784978159,76,2979,151.76,41
1784978160,73,2979,152.72,41
1784978161,72,2979,151.10,41
1784978163,75,2979,151.11,41
1784978164,82,2979,153.78,41
1784978165,79,2979,151.78,41
1784978166,79,2979,152.85,41
1784978167,79,2979,152.42,41
1784978168,83,2979,151.68,41
1784978169,76,2979,153.01,41
1784978170,78,2979,151.91,41
1784978171,84,2979,152.85,41
1784978172,70,2979,152.48,41
1784978174,81,2979,150.99,41
1784978175,66,2979,152.89,41
1784978176,79,2979,153.89,41
1784978177,76,2979,150.47,41
1784978178,78,2979,152.57,41
1784978179,84,2979,154.14,41
1784978180,84,2979,152.07,41
1784978181,82,2979,155.45,41
1784978182,86,2979,153.16,41
1784978183,79,2979,151.64,41
1784978184,85,2979,151.92,41
1784978185,80,2979,151.01,41
1784978187,64,2979,151.98,41
1784978188,83,2979,152.46,41
1784978189,80,2979,153.61,41
1784978190,58,2979,152.24,41
1784978191,72,2979,154.00,41
1784978192,71,2979,152.43,41
1784978193,74,2979,151.53,41
1784978194,62,2979,151.47,41
1784978195,75,2979,152.60,41
1784978196,80,2979,152.07,41
1784978197,76,2979,151.46,41
1784978199,70,2979,148.29,41
1784978200,80,2979,147.27,41
1784978201,67,2979,150.10,41
1784978202,70,2979,147.13,41
1784978203,71,2979,151.64,41
1784978204,73,2979,145.76,41
1784978205,76,2979,151.41,41
1784978206,71,2979,152.04,41
1784978207,43,2979,141.46,40
1784978208,31,2979,134.95,40
1784978209,30,2979,134.26,40
1784978211,28,2979,129.24,40
1784978212,20,2979,127.77,40
1784978213,0,2979,117.22,40
1784978214,0,2979,117.21,40
1784978215,0,2979,116.89,39
1784978216,0,2979,116.97,39
1784978217,0,2979,116.85,41
1784978218,96,2979,278.36,43
1784978219,96,2979,277.88,44
1784978220,96,2979,282.85,44
1784978221,96,2979,286.64,44
1784978222,96,2979,280.96,45
1784978223,96,2979,283.73,45
1784978225,96,2979,283.42,45
1784978226,96,2979,282.35,45
1784978227,96,2979,283.75,45
1784978228,96,2979,280.46,45
1784978229,76,2979,181.68,43
1784978230,55,2979,152.86,42
1784978231,51,2979,151.13,42
1784978232,41,2979,146.95,42
1784978233,57,2979,150.06,42
1784978234,55,2979,147.89,42
1784978235,59,2979,154.31,42
1784978237,52,2979,146.22,41
1784978238,41,2979,150.45,41
1784978239,53,2979,151.37,41
1784978240,56,2979,149.90,41
1784978241,52,2979,149.05,41
1784978242,55,2979,147.74,41
1784978243,53,2979,147.74,41
1784978244,48,2979,146.55,41
1784978245,56,2979,149.49,41
1784978246,51,2979,145.96,41
1784978247,51,2979,147.90,41
1784978249,48,2979,147.10,41
1784978250,49,2979,147.00,41
1784978251,51,2979,148.27,41
1784978252,53,2979,151.87,41
1784978253,50,2979,148.55,41
1784978254,55,2979,149.59,41
1784978255,58,2979,152.63,41
1784978256,54,2979,148.60,41
1784978257,47,2979,149.26,41
1784978258,53,2979,152.91,41
1784978259,42,2979,149.66,41
1784978261,63,2979,149.65,41
1784978262,57,2979,147.98,41
1784978263,55,2979,149.45,41
1784978264,55,2979,147.98,41
1784978265,57,2979,151.72,41
1784978266,57,2979,151.57,41
1784978267,61,2979,149.92,41
1784978268,62,2979,150.98,41
1784978269,65,2979,149.01,41
1784978270,59,2979,148.16,41
1784978271,61,2979,150.29,41
1784978273,65,2979,151.29,41
1784978274,64,2979,150.79,41
1784978275,69,2979,148.77,41
1784978276,65,2979,152.19,41
1784978277,61,2979,151.40,41
1784978278,73,2979,151.20,41
1784978279,70,2979,151.66,41
1784978280,66,2979,153.16,41
1784978281,65,2979,153.69,41
1784978282,53,2979,154.59,41
1784978284,73,2979,153.27,41
1784978285,73,2979,152.59,41
1784978286,68,2979,153.53,41
1784978287,81,2979,155.94,41
1784978288,83,2979,156.02,41
1784978289,71,2979,154.60,41
1784978290,82,2979,155.92,41
1784978291,84,2979,155.43,41
1784978292,68,2979,154.15,41
1784978293,80,2979,159.37,41
1784978294,78,2979,157.29,41
1784978296,68,2979,155.02,41
1784978297,76,2979,157.66,41
1784978298,78,2979,158.04,41
1784978299,84,2979,157.29,41
1784978300,64,2979,157.29,41
1784978301,84,2979,157.85,41
1784978302,84,2979,155.54,41
1784978303,79,2979,156.59,41
1784978304,84,2979,157.49,41
1784978305,84,2979,156.94,41
1784978306,80,2979,154.29,41
1784978308,78,2979,155.18,41
1784978309,80,2979,155.16,41
1784978310,74,2979,152.32,41
1784978311,72,2979,156.35,41
1784978312,80,2979,156.94,41
1784978313,73,2979,152.91,41
1784978314,78,2979,156.13,41
1784978315,83,2979,155.39,41
1784978316,81,2979,154.76,41
1784978317,80,2979,154.46,41
1784978318,80,2979,152.19,41
1784978320,71,2979,150.24,41
1784978321,72,2979,153.30,41
1784978322,72,2979,153.63,41
1784978323,74,2979,150.55,41
1784978324,73,2979,154.00,41
1784978325,78,2979,153.34,41
1784978326,70,2979,150.75,41
1784978327,66,2979,151.83,41
1784978328,67,2979,153.42,41
1784978329,68,2979,150.62,41
1784978331,76,2979,153.24,41
1784978332,69,2979,151.23,41
1784978333,56,2979,150.15,41
1784978334,76,2979,150.75,41
1784978335,69,2979,151.34,41
1784978336,67,2979,148.60,41
1784978337,60,2979,147.67,41
1784978338,32,2979,135.61,40
1784978339,30,2979,132.65,40
1784978340,23,2979,130.63,40
1784978341,1,2979,118.44,40
1784978342,0,2979,116.93,40
1784978344,0,2979,117.02,40
1784978345,0,2979,117.32,40
1784978346,96,2979,200.83,43
1784978347,96,2979,281.93,44
1784978348,96,2979,279.30,44
1784978349,96,2979,283.68,45
1784978350,96,2979,282.73,45
1784978351,96,2979,283.53,45
1784978352,96,2979,279.73,45
1784978353,96,2979,280.20,45
1784978354,96,2979,283.54,45
1784978356,96,2979,286.45,45
1784978357,46,2979,241.47,43
1784978358,64,2979,159.77,43
1784978359,45,2979,149.97,42
1784978360,55,2979,150.04,42
1784978361,56,2979,150.81,42
1784978362,59,2979,152.10,42
1784978363,56,2979,148.38,42
1784978364,55,2979,148.94,42
1784978365,56,2979,149.28,42
1784978366,53,2979,150.82,42
1784978368,59,2979,151.41,42
1784978369,53,2979,147.78,41
1784978370,57,2979,146.85,42
1784978371,53,2979,152.46,41
1784978372,52,2979,146.99,41
1784978373,55,2979,153.24,41
1784978374,45,2979,147.43,41
1784978375,38,2979,149.66,41
1784978376,47,2979,152.72,41
1784978377,51,2979,146.88,41
1784978378,54,2979,151.69,41
1784978380,52,2979,148.98,41
1784978381,50,2979,150.20,41
1784978382,52,2979,146.83,41
1784978383,53,2979,145.70,41
1784978384,49,2979,146.26,41
1784978385,55,2979,146.22,41
1784978386,59,2979,144.99,41
1784978387,59,2979,148.19,41
1784978388,59,2979,147.11,41
1784978389,56,2979,145.12,41
1784978390,56,2979,144.77,41
1784978392,58,2979,147.34,41
1784978393,64,2979,146.02,41
1784978394,54,2979,143.89,41
1784978395,64,2979,144.83,41
1784978396,65,2979,147.22,41
1784978397,62,2979,145.20,41
1784978398,67,2979,148.80,41
1784978399,68,2979,144.97,41
1784978400,61,2979,145.71,41
1784978401,67,2979,147.57,41
1784978402,66,2979,146.11,41
1784978403,73,2979,148.14,41
1784978405,78,2979,147.04,41
1784978406,77,2979,146.36,41
1784978407,70,2979,148.30,41
1784978408,77,2979,146.48,41
1784978409,80,2979,148.77,41
1784978410,74,2979,148.55,41
1784978411,73,2979,146.64,41
1784978412,77,2979,147.02,41
1784978413,83,2979,148.61,41
1784978414,84,2979,148.54,41
1784978415,83,2979,146.86,41
1784978417,90,2979,150.91,41
1784978418,85,2979,149.42,41
1784978419,85,2979,147.82,41
1784978420,70,2979,152.51,41
1784978421,84,2979,151.73,41
1784978422,88,2979,154.23,41
1784978423,84,2979,149.49,41
1784978424,84,2979,149.42,41
1784978425,85,2979,150.14,41
1784978427,81,2979,152.49,41
1784978428,73,2979,154.04,41
1784978429,83,2979,153.31,41
1784978430,79,2979,153.68,41
1784978431,83,2979,151.99,41
1784978432,83,2979,160.05,41
1784978433,76,2979,154.96,41
1784978434,79,2979,153.18,41
1784978435,79,2979,155.26,41
1784978436,79,2979,151.81,41
1784978437,81,2979,150.28,41
1784978439,78,2979,152.85,41
1784978440,78,2979,152.59,41
1784978441,78,2979,151.32,41
1784978442,78,2979,153.63,41
1784978443,78,2979,152.16,41
1784978444,80,2979,154.08,41
1784978445,75,2979,154.22,41
1784978446,76,2979,151.74,41
1784978447,74,2979,153.92,41
1784978448,71,2979,155.79,41
1784978449,76,2979,152.76,41
1784978451,73,2979,152.65,41
1784978452,72,2979,153.01,41
1784978453,74,2979,151.32,41
1784978454,75,2979,152.06,41
1784978455,73,2979,153.13,41
1784978456,73,2979,151.96,41
1784978457,73,2979,152.20,41
1784978458,68,2979,149.74,41
1784978459,74,2979,150.54,41
1784978460,72,2979,150.97,41
1784978461,72,2979,147.96,41
1784978462,56,2979,140.75,40
1784978464,13,2979,128.67,40
1784978465,0,2979,117.44,40
1784978466,96,2979,230.64,43
1784978467,96,2979,284.11,44
1784978468,96,2979,279.52,44
1784978469,96,2979,280.30,45
1784978470,96,2979,278.91,45
1784978471,96,2979,282.38,45
1784978472,96,2979,283.73,45
1784978473,96,2979,283.82,46
1784978474,96,2979,282.39,46
1784978475,96,2979,282.82,46
1784978477,75,2979,235.37,44
1784978478,60,2979,159.69,43
1784978479,41,2979,149.67,42
1784978480,47,2979,151.19,42
1784978481,55,2979,152.36,42
1784978482,46,2979,150.50,42
1784978483,54,2979,149.80,42
1784978484,51,2979,151.07,42
1784978485,58,2979,148.10,42
1784978486,52,2979,148.91,42
1784978487,52,2979,148.11,42
1784978489,57,2979,153.77,42
1784978490,49,2979,147.76,42
1784978491,52,2979,150.92,42
1784978492,53,2979,148.96,41
1784978493,56,2979,149.43,42
1784978494,55,2979,147.99,42
1784978495,52,2979,151.83,42
1784978496,49,2979,152.63,41
1784978497,35,2979,151.32,41
1784978498,45,2979,148.69,41
1784978499,53,2979,151.65,41
1784978501,54,2979,149.50,41
1784978502,48,2979,149.05,41
1784978503,57,2979,149.10,41
1784978504,53,2979,145.22,41
1784978505,39,2979,143.81,41
1784978506,59,2979,146.98,41
1784978507,59,2979,148.65,41
1784978508,60,2979,145.90,41
1784978509,64,2979,148.29,41
1784978510,62,2979,146.63,41
1784978511,48,2979,146.76,41
1784978512,60,2979,146.85,41
1784978514,62,2979,146.53,41
1784978515,57,2979,149.94,41
1784978516,69,2979,147.37,41
1784978517,67,2979,146.80,41
1784978518,64,2979,147.26,41
1784978519,58,2979,146.01,41
1784978520,67,2979,146.22,41
1784978521,56,2979,145.15,41
1784978522,67,2979,147.34,41
1784978523,63,2979,146.68,41
1784978525,71,2979,146.56,41
1784978526,71,2979,146.17,41
1784978527,72,2979,147.23,41
1784978528,78,2979,148.98,41
1784978529,69,2979,152.65,41
1784978530,72,2979,153.66,41
1784978531,69,2979,153.61,41
1784978532,73,2979,152.97,41
1784978533,74,2979,151.26,41
1784978534,79,2979,150.86,41
1784978535,78,2979,153.47,41
1784978537,70,2979,153.60,41
1784978538,75,2979,149.77,41
1784978539,75,2979,150.46,41
1784978540,76,2979,155.70,41
1784978541,70,2979,153.15,41
1784978542,76,2979,154.12,41
1784978543,76,2979,152.66,41
1784978544,75,2979,153.95,41
1784978545,74,2979,153.75,41
1784978546,76,2979,156.63,41
1784978548,74,2979,155.76,41
1784978549,77,2979,156.35,41
1784978550,77,2979,151.91,41
1784978551,78,2979,155.78,41
1784978552,77,2979,155.30,41
1784978553,67,2979,151.15,41
1784978554,78,2979,155.98,41
1784978555,77,2979,154.69,41
1784978556,76,2979,157.03,41
1784978557,78,2979,148.74,41
1784978559,79,2979,153.99,41
1784978560,74,2979,154.01,41
1784978561,73,2979,155.15,41
1784978562,73,2979,153.38,41
1784978563,72,2979,153.64,41
1784978564,75,2979,153.42,41
1784978565,76,2979,152.88,41
1784978566,76,2979,156.24,41
1784978567,78,2979,154.24,41
1784978568,79,2979,153.84,41
1784978569,76,2979,152.84,41
1784978571,78,2979,156.65,41
1784978572,70,2979,153.95,41
1784978573,72,2979,155.41,41
1784978574,72,2979,151.58,41
1784978575,69,2979,153.28,41
1784978576,63,2979,151.18,41
1784978577,72,2979,152.27,41
1784978578,72,2979,153.21,41
1784978579,69,2979,153.20,41
1784978580,68,2979,152.54,41
1784978581,70,2979,153.05,41
1784978582,68,2979,151.40,41
1784978584,66,2979,146.80,41
1784978585,34,2979,134.83,41
1784978586,24,2979,130.50,40
1784978587,0,2979,118.26,40
1784978588,0,2979,117.22,40
1784978589,96,2979,163.00,42
1784978590,96,2979,285.39,44
1784978591,96,2979,280.84,44
1784978592,96,2979,279.23,45
1784978593,96,2979,281.00,45
1784978594,96,2979,285.58,45
1784978595,96,2979,279.77,45
1784978597,96,2979,283.47,46
1784978598,96,2979,286.47,46
1784978599,96,2979,288.08,46
1784978600,96,2979,266.27,44
1784978601,39,2979,128.29,42
1784978602,39,2979,128.67,42
1784978603,40,2979,129.01,41
1784978604,35,2979,127.70,41
1784978605,37,2979,127.80,41
1784978606,39,2979,127.18,41
1784978607,38,2979,128.24,41
1784978608,38,2979,127.80,41
1784978610,38,2979,127.70,41
1784978611,36,2979,127.90,41
1784978612,38,2979,127.39,41
1784978613,40,2979,127.73,41
1784978614,40,2979,127.83,41
1784978615,40,2979,127.62,41
1784978616,40,2979,127.64,41
1784978617,40,2979,128.20,40
1784978618,41,2979,127.22,40
1784978619,41,2979,128.08,40
1784978620,41,2979,128.04,40
1784978621,41,2979,128.30,40
1784978623,40,2979,128.20,40
1784978624,41,2979,128.83,40
1784978625,40,2979,127.75,40
1784978626,39,2979,127.53,40
1784978627,38,2979,127.93,40
1784978628,37,2979,125.98,40
1784978629,37,2979,126.28,40
1784978630,22,2979,125.27,40
1784978631,17,2979,125.27,40
1784978632,13,2979,126.49,40
1784978633,15,2979,122.24,40
1784978634,38,2979,122.20,40
1784978636,40,2979,121.29,40
1784978637,42,2979,121.75,40
1784978638,62,2979,135.01,40
1784978639,50,2979,152.53,40
1784978640,58,2979,152.41,40
1784978641,51,2979,148.31,40
1784978642,56,2979,149.12,40
1784978643,52,2979,148.70,40
1784978644,48,2979,146.14,40
1784978645,50,2979,147.16,40
1784978646,50,2979,147.72,40
1784978648,56,2979,154.46,40
1784978649,51,2979,149.25,40
1784978650,46,2979,148.66,40
1784978651,52,2979,147.85,40
1784978652,43,2979,148.87,40
1784978653,49,2979,148.27,40
1784978654,50,2979,149.02,40
1784978655,48,2979,148.57,40
1784978656,52,2979,148.55,40
1784978657,50,2979,147.71,40
1784978658,51,2979,152.25,40
1784978660,50,2979,149.20,40
1784978661,55,2979,151.12,40
1784978662,58,2979,148.93,40
1784978663,55,2979,147.46,40
1784978664,55,2979,149.10,40
1784978665,62,2979,146.77,40
1784978666,59,2979,147.11,40
1784978667,60,2979,147.61,40
1784978668,57,2979,150.18,40
1784978669,60,2979,147.20,40
1784978670,63,2979,147.74,40
1784978671,63,2979,147.62,40
1784978673,57,2979,147.14,40
1784978674,67,2979,150.57,40
1784978675,67,2979,148.50,40
1784978676,63,2979,150.21,40
1784978677,69,2979,147.46,40
1784978678,68,2979,149.85,40
1784978679,71,2979,150.72,40
1784978680,65,2979,150.20,40
1784978681,62,2979,149.13,40
1784978682,75,2979,153.76,40
1784978684,75,2979,152.96,40
1784978685,69,2979,151.00,40
1784978686,71,2979,146.48,40
1784978687,69,2979,150.98,40
1784978688,69,2979,150.93,40
1784978689,79,2979,154.26,40
1784978690,80,2979,153.59,40
1784978691,79,2979,150.83,40
1784978692,79,2979,152.22,40
1784978693,81,2979,154.12,40
1784978694,78,2979,155.38,41
1784978696,77,2979,156.13,41
1784978697,78,2979,154.49,41
1784978698,72,2979,153.19,41
1784978699,73,2979,154.70,40
1784978700,82,2979,152.53,40
1784978701,82,2979,152.41,40
1784978702,83,2979,156.42,41
1784978703,66,2979,153.71,40
1784978704,83,2979,153.93,41
1784978705,85,2979,153.31,41
1784978706,79,2979,154.46,41
1784978707,75,2979,148.12,41
1784978709,73,2979,154.86,41
1784978710,83,2979,153.35,41
1784978711,81,2979,150.39,41
1784978712,83,2979,154.75,41
1784978713,86,2979,156.78,41
1784978714,79,2979,153.18,41
1784978715,79,2979,154.49,41
1784978716,78,2979,153.68,41
1784978717,84,2979,153.37,41
1784978718,78,2979,152.97,41
1784978719,86,2979,156.93,41
1784978721,81,2979,153.37,41
1784978722,81,2979,152.61,41
1784978723,66,2979,154.22,41
1784978724,86,2979,156.27,41
1784978725,84,2979,153.23,41
1784978726,69,2979,152.56,41
1784978727,76,2979,154.85,41
1784978728,83,2979,151.29,41
1784978729,82,2979,153.70,41
1784978730,70,2979,152.88,41
1784978731,71,2979,148.68,40
1784978733,61,2979,148.80,41
1784978734,74,2979,150.67,41
1784978735,67,2979,150.63,41
1784978736,78,2979,150.01,41
1784978737,76,2979,151.12,41
1784978738,73,2979,151.66,41
1784978739,77,2979,152.20,41
1784978740,72,2979,147.53,41
1784978741,68,2979,148.82,41
1784978742,67,2979,149.59,41
1784978743,53,2979,145.39,40
1784978745,68,2979,146.14,40
1784978746,26,2979,134.01,40
1784978747,0,2979,117.10,40
1784978748,96,2979,265.63,43
1784978749,96,2979,280.01,44
1784978750,96,2979,281.19,44
1784978751,96,2979,285.32,44
1784978752,96,2979,282.00,45
1784978753,96,2979,281.43,45
1784978754,96,2979,283.27,45
1784978755,96,2979,285.59,45
1784978757,96,2979,282.57,45
1784978758,96,2979,280.18,46
1784978759,72,2979,190.95,43
1784978760,55,2979,149.51,42
1784978761,57,2979,150.80,42
1784978762,54,2979,152.54,42
1784978763,35,2979,146.72,42
1784978764,53,2979,151.15,42
1784978765,53,2979,154.51,42
1784978766,48,2979,150.67,42
1784978768,56,2979,148.12,42
1784978769,53,2979,148.82,41
1784978770,53,2979,149.84,42
1784978771,50,2979,144.86,41
1784978772,57,2979,149.30,41
1784978773,51,2979,148.68,41
1784978774,45,2979,146.93,41
1784978775,47,2979,148.82,41
1784978776,54,2979,150.19,41
1784978777,49,2979,150.86,41
1784978778,55,2979,150.25,41
1784978780,51,2979,149.47,41
1784978781,52,2979,148.63,41
1784978782,48,2979,147.34,41
1784978783,56,2979,151.18,41
1784978784,57,2979,149.18,41
1784978785,34,2979,147.81,41
1784978786,58,2979,149.02,41
1784978787,53,2979,148.77,41
1784978788,57,2979,150.22,41
1784978789,60,2979,146.80,41
1784978790,60,2979,148.48,41
1784978792,62,2979,150.55,41
1784978793,62,2979,148.14,41
1784978794,54,2979,148.03,41
1784978795,66,2979,152.82,41
1784978796,63,2979,150.59,41
1784978797,72,2979,148.23,41
1784978798,52,2979,149.07,41
1784978799,70,2979,151.35,41
1784978800,67,2979,148.62,41
1784978801,72,2979,148.41,41
1784978802,64,2979,153.46,41
1784978804,51,2979,151.61,41
1784978805,73,2979,151.19,41
1784978806,74,2979,150.93,41
1784978807,74,2979,153.23,41
1784978808,71,2979,151.94,41
1784978809,73,2979,154.81,41
1784978810,58,2979,152.17,41
1784978811,79,2979,155.35,41
1784978812,81,2979,154.99,41
1784978813,68,2979,154.51,41
1784978814,82,2979,155.88,41
1784978816,83,2979,155.83,41
1784978817,77,2979,153.91,41
1784978818,83,2979,157.54,41
1784978819,80,2979,156.24,41
1784978820,83,2979,155.74,41
1784978821,72,2979,154.89,41
1784978822,83,2979,157.36,41
1784978823,76,2979,154.30,41
1784978824,82,2979,155.55,41
1784978825,72,2979,155.30,41
1784978826,76,2979,156.57,41
1784978827,79,2979,158.19,41
1784978829,65,2979,156.12,41
1784978830,83,2979,156.26,41
1784978831,82,2979,157.14,41
1784978832,73,2979,156.80,41
1784978833,72,2979,156.71,41
1784978834,86,2979,158.59,41
1784978835,86,2979,156.05,41
1784978836,80,2979,154.00,41
1784978837,83,2979,158.10,41
1784978838,84,2979,155.30,41
1784978839,85,2979,156.54,41
1784978841,78,2979,154.87,41
1784978842,83,2979,154.08,41
1784978843,78,2979,156.07,41
1784978844,76,2979,157.25,41
1784978845,75,2979,156.03,41
1784978846,75,2979,155.76,41
1784978847,82,2979,155.98,41
1784978848,83,2979,156.67,41
1784978849,81,2979,154.51,41
1784978850,63,2979,152.57,41
1784978851,84,2979,157.35,41
1784978853,82,2979,155.00,41
1784978854,66,2979,152.27,41
1784978855,78,2979,154.33,41
1784978856,69,2979,151.99,41
1784978857,77,2979,152.35,41
1784978858,77,2979,154.90,41
1784978859,77,2979,153.66,41
1784978860,78,2979,152.25,41
1784978861,75,2979,153.85,41
1784978862,74,2979,150.71,41
1784978864,67,2979,153.28,41
1784978865,68,2979,149.98,41
1784978866,32,2979,139.17,41
1784978867,9,2979,127.30,40
1784978868,0,2979,117.55,40
1784978869,96,2979,260.06,44
1784978870,96,2979,279.24,44
1784978871,96,2979,280.30,45
1784978872,96,2979,282.67,45
1784978873,96,2979,283.29,45
1784978874,96,2979,283.70,45
1784978876,96,2979,279.59,46
1784978877,96,2979,281.39,46
1784978878,96,2979,284.09,46
1784978879,96,2979,285.63,46
1784978880,59,2979,182.92,43
1784978881,56,2979,153.94,43
1784978882,59,2979,152.87,42
1784978883,53,2979,146.66,42
1784978884,59,2979,151.06,42
1784978885,56,2979,151.70,42
1784978886,54,2979,153.38,42
1784978888,55,2979,152.75,42
1784978889,57,2979,152.54,42
1784978890,48,2979,148.70,42
1784978891,52,2979,148.68,42
1784978892,61,2979,149.27,42
1784978893,54,2979,149.07,42
1784978894,53,2979,146.92,42
1784978895,51,2979,150.24,42
1784978896,49,2979,149.48,42
1784978897,52,2979,149.99,42
1784978898,56,2979,152.84,42
1784978900,54,2979,151.35,42
1784978901,57,2979,149.68,42
1784978902,57,2979,150.49,41
1784978903,58,2979,148.59,41
1784978904,61,2979,148.59,41
1784978905,62,2979,147.66,41
1784978906,65,2979,149.36,41
1784978907,68,2979,152.99,41
1784978908,65,2979,147.54,41
1784978909,68,2979,151.44,41
1784978910,71,2979,150.08,41
1784978912,68,2979,151.02,41
1784978913,63,2979,147.57,41
1784978914,66,2979,148.56,41
1784978915,70,2979,148.13,41
1784978916,70,2979,145.43,41
1784978917,75,2979,147.44,41
1784978918,72,2979,149.13,41
1784978919,58,2979,146.78,41
1784978920,67,2979,146.68,41
1784978921,71,2979,150.38,41
1784978922,81,2979,147.59,41
1784978924,71,2979,149.13,41
1784978925,68,2979,147.32,41
1784978926,73,2979,150.60,41
1784978927,72,2979,149.41,41
1784978928,69,2979,150.29,41
1784978929,67,2979,150.51,41
1784978930,58,2979,147.47,41
1784978931,80,2979,149.34,41
1784978932,71,2979,148.51,41
1784978933,74,2979,151.22,41
1784978935,78,2979,152.06,41
1784978936,75,2979,150.01,41
1784978937,73,2979,149.10,41
1784978938,67,2979,150.27,41
1784978939,72,2979,151.59,41
1784978940,74,2979,149.45,41
1784978941,75,2979,148.22,41
1784978942,69,2979,150.66,41
1784978943,76,2979,148.99,41
1784978944,69,2979,149.64,41
1784978945,76,2979,150.69,41
1784978947,74,2979,149.32,41
1784978948,77,2979,148.31,41
1784978949,78,2979,150.11,41
1784978950,76,2979,150.11,41
1784978951,79,2979,149.52,41
1784978952,66,2979,147.40,41
1784978953,77,2979,150.44,41
1784978954,78,2979,149.15,41
1784978955,80,2979,148.60,41
1784978956,78,2979,149.99,41
1784978957,78,2979,150.92,41
1784978958,81,2979,148.77,41
1784978960,78,2979,148.79,41
1784978961,77,2979,149.13,41
1784978962,77,2979,146.67,41
1784978963,72,2979,150.89,41
1784978964,73,2979,148.71,41
1784978965,79,2979,149.65,41
1784978966,80,2979,149.16,41
1784978967,79,2979,149.31,41
1784978968,80,2979,149.68,41
1784978969,81,2979,151.18,41
1784978970,76,2979,151.55,41
1784978971,79,2979,147.89,41
1784978973,71,2979,147.79,41
1784978974,69,2979,148.02,41
1784978975,69,2979,147.08,41
1784978976,67,2979,149.28,41
1784978977,72,2979,147.85,41
1784978978,76,2979,147.68,41
1784978979,75,2979,145.55,41
1784978980,69,2979,146.02,41
1784978981,71,2979,145.72,41
1784978982,66,2979,147.35,41
1784978983,75,2979,149.23,41
1784978985,35,2979,139.77,40
1784978986,27,2979,132.70,40
1784978987,27,2979,131.76,40
1784978988,1,2979,121.42,40
1784978989,0,2979,117.30,40
1784978990,40,2979,131.31,42
1784978991,96,2979,281.73,43
1784978992,96,2979,280.34,44
1784978993,96,2979,280.89,44
1784978994,96,2979,282.85,45
1784978995,96,2979,279.42,45
1784978996,96,2979,281.28,45
1784978998,96,2979,281.31,45
1784978999,96,2979,282.05,45
1784979000,96,2979,285.52,45
1784979001,96,2979,285.29,46
1784979002,76,2979,158.76,43
1784979003,48,2979,153.84,42
1784979004,58,2979,151.83,42
1784979005,46,2979,152.90,42
1784979006,50,2979,152.87,42
1784979007,49,2979,149.98,42
1784979008,54,2979,152.30,42
1784979010,45,2979,149.86,42
1784979011,56,2979,152.21,42
1784979012,47,2979,147.40,42
1784979013,54,2979,150.24,42
1784979014,42,2979,148.13,41
1784979015,56,2979,152.31,41
1784979016,52,2979,147.23,41
1784979017,52,2979,149.06,41
1784979018,54,2979,146.55,41
1784979019,50,2979,152.74,41
1784979021,41,2979,146.47,41
1784979022,52,2979,150.19,41
1784979023,58,2979,150.50,41
1784979024,53,2979,151.05,41
1784979025,46,2979,146.38,41
1784979026,55,2979,150.42,41
1784979027,58,2979,147.80,41
1784979028,56,2979,145.57,41
1784979029,50,2979,147.95,41
1784979030,59,2979,146.66,41
1784979031,60,2979,147.60,41
1784979032,58,2979,145.98,41
1784979034,61,2979,144.45,41
1784979035,60,2979,147.22,41
1784979036,73,2979,146.98,41
1784979037,63,2979,146.57,41
1784979038,60,2979,146.39,41
1784979039,71,2979,148.37,41
1784979040,58,2979,146.53,41
1784979041,58,2979,146.46,41
1784979042,65,2979,146.03,41
1784979043,67,2979,147.42,41
1784979045,69,2979,148.03,41
1784979046,67,2979,150.49,41
1784979047,67,2979,147.30,41
1784979048,73,2979,148.24,41
1784979049,77,2979,145.08,41
1784979050,71,2979,146.29,41
1784979051,74,2979,148.16,41
1784979052,65,2979,146.65,41
1784979053,69,2979,147.83,41
1784979054,71,2979,147.75,41
1784979055,74,2979,149.90,41
1784979057,68,2979,147.59,41
1784979058,74,2979,149.10,41
1784979059,75,2979,148.28,41
1784979060,75,2979,147.38,41
1784979061,75,2979,147.70,41
1784979062,77,2979,149.99,41
1784979063,77,2979,148.41,41
1784979064,70,2979,156.35,41
1784979065,70,2979,156.84,41
1784979066,77,2979,153.19,41
1784979067,76,2979,154.16,41
1784979069,77,2979,158.05,41
1784979070,75,2979,156.11,41
1784979071,78,2979,155.08,41
1784979072,76,2979,155.92,41
1784979073,79,2979,154.23,41
1784979074,73,2979,155.10,41
1784979075,74,2979,153.27,41
1784979076,73,2979,155.17,41
1784979077,76,2979,157.63,41
1784979078,73,2979,153.62,41
1784979079,76,2979,156.05,41
1784979081,75,2979,156.58,41
1784979082,81,2979,154.96,41
1784979083,84,2979,155.08,41
1784979084,83,2979,156.88,41
1784979085,73,2979,156.31,41
1784979086,79,2979,155.96,41
1784979087,84,2979,155.54,41
1784979088,88,2979,154.78,41
1784979089,82,2979,155.13,41
1784979090,73,2979,153.99,41
1784979091,71,2979,155.92,41
1784979093,69,2979,152.16,41
1784979094,70,2979,156.64,41
1784979095,72,2979,152.74,41
1784979096,74,2979,153.27,41
1784979097,74,2979,154.54,41
1784979098,73,2979,152.94,41
1784979099,73,2979,154.25,41
1784979100,71,2979,154.08,41
1784979101,74,2979,154.62,41
1784979102,66,2979,154.23,41
1784979103,76,2979,153.36,41
1784979105,74,2979,153.15,41
1784979106,72,2979,152.40,41
1784979107,60,2979,143.52,40
1784979108,30,2979,131.47,40
1784979109,24,2979,131.42,40
1784979110,5,2979,117.37,41
1784979111,96,2979,280.79,43
1784979112,96,2979,284.60,44
1784979113,96,2979,280.51,45
1784979114,96,2979,280.88,45
1784979115,96,2979,281.29,45
1784979116,96,2979,283.40,45
1784979117,96,2979,285.69,45
1784979119,96,2979,279.76,46
1784979120,96,2979,284.52,46
1784979121,96,2979,280.93,46
1784979122,70,2979,176.76,43
1784979123,61,2979,156.61,43
1784979124,59,2979,155.03,42
1784979125,51,2979,151.47,42
1784979126,58,2979,151.27,42
1784979127,51,2979,151.74,42
1784979128,56,2979,154.84,42
1784979130,50,2979,149.76,42
1784979131,59,2979,153.79,42
1784979132,51,2979,149.63,42
1784979133,55,2979,149.53,42
1784979134,49,2979,148.87,42
1784979135,50,2979,147.57,42
1784979136,54,2979,150.22,41
1784979137,56,2979,153.58,42
1784979138,53,2979,148.31,42
1784979139,50,2979,152.48,41
1784979140,48,2979,151.30,41
1784979141,46,2979,150.52,41
1784979143,57,2979,149.93,41
1784979144,55,2979,150.35,41
1784979145,57,2979,150.56,41
1784979146,52,2979,152.19,41
1784979147,59,2979,150.46,41
1784979148,62,2979,150.91,41
1784979149,45,2979,149.23,41
1784979150,56,2979,150.37,41
1784979151,62,2979,154.40,41
1784979152,56,2979,150.34,41
1784979153,64,2979,150.25,41
1784979155,66,2979,150.74,41
1784979156,64,2979,153.17,41
1784979157,60,2979,149.84,41
1784979158,71,2979,149.62,41
1784979159,56,2979,150.20,41
1784979160,71,2979,152.30,41
1784979161,72,2979,149.49,41
1784979162,72,2979,153.90,41
1784979163,69,2979,155.14,41
1784979164,65,2979,153.15,41
1784979165,74,2979,154.56,41
1784979166,78,2979,154.19,41
1784979168,78,2979,153.92,41
1784979169,81,2979,152.84,41
1784979170,82,2979,154.70,41
1784979171,74,2979,152.62,41
1784979172,82,2979,154.54,41
1784979173,72,2979,153.45,41
1784979174,83,2979,152.98,41
1784979175,71,2979,154.59,41
1784979176,59,2979,153.73,41
1784979177,83,2979,154.81,41
1784979178,68,2979,155.43,41
1784979180,63,2979,151.54,41
1784979181,79,2979,151.86,41
1784979182,82,2979,153.03,41
1784979183,78,2979,149.95,41
1784979184,82,2979,153.28,41
1784979185,81,2979,154.44,41
1784979186,67,2979,149.81,41
1784979187,75,2979,152.00,41
1784979188,72,2979,152.24,41
1784979189,56,2979,151.12,41
1784979190,79,2979,152.31,41
1784979192,85,2979,153.79,41
1784979193,66,2979,152.21,41
1784979194,84,2979,154.44,41
1784979195,86,2979,153.37,41
1784979196,84,2979,154.43,41
1784979197,85,2979,155.39,41
1784979198,74,2979,153.69,41
1784979199,83,2979,152.57,41
1784979200,84,2979,153.53,41
1784979201,85,2979,154.15,41
1784979202,80,2979,150.04,41
1784979204,80,2979,155.49,41
1784979205,85,2979,154.70,41
1784979206,71,2979,153.79,41
1784979207,84,2979,153.41,41
1784979208,62,2979,150.59,41
1784979209,74,2979,154.10,41
1784979210,76,2979,150.49,41
1784979211,69,2979,149.65,41
1784979212,74,2979,152.33,41
1784979213,75,2979,149.75,41
1784979215,76,2979,149.21,41
1784979216,78,2979,151.23,41
1784979217,77,2979,150.99,41
1784979218,75,2979,151.06,41
1784979219,74,2979,147.10,41
1784979220,69,2979,148.86,41
1784979221,64,2979,151.78,41
1784979222,68,2979,147.79,41
1784979223,66,2979,146.99,41
1784979224,64,2979,147.13,41
1784979225,65,2979,144.26,41
1784979226,61,2979,145.61,41
1784979228,4,2979,124.94,40
1784979229,0,2979,117.33,40
1784979230,0,2979,117.17,40
1784979231,0,2979,117.14,40
1784979232,0,2979,116.95,40
1784979233,0,2979,117.15,40
1784979234,96,2979,253.37,43
1784979235,96,2979,281.29,44
1784979236,96,2979,279.63,44
1784979237,96,2979,281.25,45
1784979238,96,2979,283.23,45
1784979240,96,2979,286.68,45
1784979241,96,2979,280.83,45
1784979242,96,2979,280.84,45
1784979243,96,2979,282.98,46
1784979244,96,2979,283.64,46
1784979245,37,2979,171.41,42
1784979246,39,2979,128.16,42
1784979247,40,2979,128.14,41
1784979248,39,2979,128.95,41
1784979249,39,2979,124.38,41
1784979250,39,2979,126.04,41
1784979252,38,2979,127.61,41
1784979253,38,2979,127.17,41
1784979254,38,2979,127.31,41
1784979255,36,2979,128.12,41
1784979256,37,2979,127.36,41
1784979257,37,2979,127.53,40
1784979258,40,2979,128.15,40
1784979259,40,2979,128.09,40
1784979260,37,2979,127.23,40
1784979261,38,2979,127.13,40
1784979262,39,2979,128.21,40
1784979263,40,2979,127.51,40
1784979265,41,2979,127.06,40
1784979266,40,2979,128.18,40
1784979267,40,2979,128.35,40
1784979268,41,2979,127.45,40
1784979269,40,2979,128.07,40
1784979270,40,2979,127.88,40
1784979271,41,2979,127.20,40
1784979272,40,2979,127.59,40
1784979273,40,2979,127.20,40
1784979274,41,2979,127.40,40
1784979275,41,2979,126.83,40
1784979276,40,2979,127.93,40
1784979277,41,2979,127.02,40
1784979279,41,2979,127.10,40
1784979280,40,2979,128.23,40
1784979281,40,2979,127.40,40
1784979282,23,2979,127.22,39
1784979283,37,2979,125.73,39
1784979284,38,2979,125.67,39
1784979285,39,2979,126.11,39
1784979286,38,2979,125.98,39
1784979287,38,2979,126.68,39
1784979288,13,2979,122.27,39
1784979289,2,2979,124.38,39
1784979290,18,2979,122.13,39
1784979292,41,2979,120.53,39
1784979293,38,2979,124.94,39
1784979294,7,2979,120.59,39
1784979295,0,2979,123.22,39
1784979296,36,2979,125.64,39
1784979297,37,2979,120.97,39
1784979298,0,2979,121.14,39
1784979299,0,2979,123.85,39
1784979300,27,2979,124.23,39
1784979301,39,2979,122.13,39
1784979302,37,2979,120.47,39
1784979303,0,2979,121.29,39
1784979304,0,2979,119.95,39
1784979306,20,2979,124.12,39
1784979307,21,2979,120.22,39
1784979308,7,2979,120.93,39
1784979309,21,3047,119.44,39
1784979310,41,3047,124.97,39
1784979311,41,3047,124.82,39
1784979312,42,3047,125.12,39
1784979313,42,3047,125.24,39
1784979314,41,3047,125.21,39
1784979315,41,3047,125.27,39
1784979316,41,3047,125.39,39
1784979317,41,3047,124.83,38
1784979319,41,3047,125.10,38
1784979320,41,3047,125.28,38
1784979321,41,3047,125.03,38
1784979322,42,3047,125.03,38
1784979323,42,3047,124.96,38
1784979324,41,3047,124.29,38
1784979325,39,3047,125.12,38
1784979326,41,3047,125.25,38
1784979327,41,3047,124.90,38
1784979328,40,3047,124.66,38
1784979329,41,3047,124.87,38
1784979330,42,3047,125.09,38
1784979332,40,3047,125.34,38
1784979333,42,3047,125.15,38
1784979334,40,3047,125.11,38
1784979335,40,3047,124.67,38
1784979336,40,3047,124.71,38
1784979337,41,3047,124.33,38
1784979338,41,3047,124.53,38
1784979339,40,3047,125.07,38
1784979340,41,3047,124.16,38
1784979341,40,3047,123.55,38
1784979342,40,3047,123.92,38
1784979343,41,3047,123.55,38
1784979345,41,3047,124.19,38
1784979346,41,3047,124.23,38
1784979347,41,3047,123.90,38
1784979348,41,3047,123.61,38
1784979349,41,3047,123.69,38
1784979350,41,3047,124.70,38
1784979351,40,3047,124.01,38
1784979352,42,3047,124.41,38
1784979353,41,3047,124.02,38
1784979354,41,3047,123.95,38
1784979355,42,3047,124.09,38
1784979356,39,3047,123.32,38
1784979357,41,3047,123.48,38
1784979359,41,3047,123.52,38
1784979360,39,3047,123.80,38
1784979361,40,3047,124.15,38
1784979362,39,3047,123.62,38
1784979363,40,3047,123.59,38
1784979364,40,3047,124.33,38
1784979365,41,3047,124.16,38
1784979366,40,3047,124.13,38
1784979367,41,3047,123.45,38
1784979368,40,3047,123.89,38
1784979369,40,3047,123.38,38
1784979370,41,3047,123.97,38
1784979372,41,3047,124.23,38
1784979373,41,3047,123.79,38
1784979374,41,3047,123.37,38
1784979375,40,3047,123.65,38
1784979376,41,3047,123.82,38
1784979377,40,3047,123.58,38
1784979378,41,3047,124.01,38
1784979379,41,3047,124.27,38
1784979380,40,3047,123.61,38
1784979381,41,3047,123.58,38
1784979382,41,3047,123.86,38
1784979383,41,3047,123.39,38
1784979385,41,3047,123.99,38
1784979386,41,3047,124.03,38
1784979387,40,3047,124.00,38
1784979388,41,3047,123.43,38
1784979389,40,3047,124.06,38
1784979390,40,3047,123.19,38
1784979391,41,3047,123.75,38
1784979392,39,3047,124.20,38
1784979393,40,3047,123.61,38
1784979394,41,3047,123.34,38
1784979395,41,3047,124.16,38
1784979396,41,3047,124.05,38
1784979397,41,3047,124.05,38
1784979399,41,3047,124.63,38
1784979400,41,3047,124.55,38
1784979401,41,3047,124.46,38
1784979402,41,3047,124.15,38
1784979403,42,3047,124.66,38
1784979404,41,3047,124.75,38
1784979405,41,3047,124.41,38
1784979406,41,3047,124.70,38
1784979407,41,3047,124.26,38
1784979408,41,3047,124.23,38
1784979409,40,3047,123.82,38
1784979410,41,3047,124.20,38
1784979412,41,3047,124.06,38
1784979413,38,3047,124.09,38
1784979414,39,3047,124.89,38
1784979415,41,3047,123.98,38
1784979416,40,3047,123.81,38
1784979417,40,3047,124.40,38
1784979418,40,3047,123.62,38
1784979419,40,3047,123.69,37
1784979420,40,3047,124.07,37
1784979421,40,3047,123.95,37
1784979422,40,3047,124.64,37
1784979423,40,3047,124.05,37
1784979424,41,3047,124.07,37
1784979426,41,3047,123.72,37
1784979427,41,3047,124.20,37
1784979428,41,3047,124.39,37
1784979429,41,3047,124.76,37
1784979430,41,3047,124.30,37
1784979431,41,3047,124.66,37
1784979432,41,3047,124.38,37
1784979433,41,3047,124.32,37
1784979434,41,3047,123.75,37
1784979435,26,3047,123.92,37
1784979436,41,3047,124.35,37
1784979437,41,3047,124.25,37
1784979439,41,3047,124.57,37
1784979440,41,3047,124.14,37
1784979441,41,3047,123.79,37
1784979442,40,3047,123.57,37
1784979443,41,3047,123.89,37
1784979444,40,3047,124.54,37
1784979445,41,3047,123.86,37
1784979446,39,3047,124.16,37
1784979447,40,3047,124.38,37
1784979448,39,3047,123.85,37
1784979449,40,3047,124.00,37
1784979450,39,3047,123.68,37
1784979452,40,3047,123.62,37
1784979453,41,3047,124.50,37
1784979454,41,3047,124.26,37
1784979455,41,3047,124.57,37
1784979456,41,3047,124.01,37
1784979457,40,3047,123.71,37
1784979458,41,3047,124.41,37
1784979459,41,3047,124.54,37
1784979460,41,3047,124.29,37
1784979461,41,3047,124.29,37
1784979462,42,3047,124.39,37
1784979463,42,3047,124.36,37
1784979465,42,3047,124.13,37
1784979466,41,3047,124.11,37
1784979467,41,3047,124.23,37
1784979468,41,3047,124.61,37
1784979469,41,3047,124.38,37
1784979470,41,3047,124.19,37
1784979471,41,3047,124.42,37
1784979472,41,3047,124.02,37
1784979473,35,3047,123.86,37
1784979474,41,3047,124.20,37
1784979475,41,3047,123.89,37
1784979476,40,3047,124.03,37
1784979477,40,3047,123.52,37
1784979479,40,3047,123.95,37
1784979480,40,3047,123.35,37
1784979481,39,3047,123.71,37
1784979482,41,3047,123.75,37
1784979483,41,3047,124.07,37
1784979484,40,3047,123.96,37
1784979485,41,3047,124.21,37
1784979486,41,3047,123.86,37
1784979487,40,3047,124.63,37
1784979488,41,3047,124.07,37
1784979489,41,3047,124.01,37
1784979491,39,3047,123.68,37
1784979492,41,3047,124.42,37
1784979493,41,3047,123.86,37
1784979494,41,3047,123.96,37
1784979495,41,3047,124.43,37
1784979496,42,3047,124.01,37
1784979497,41,3047,124.09,37
1784979498,41,3047,124.69,37
1784979499,41,3047,124.06,37
1784979500,41,3047,123.95,37
1784979501,41,3047,123.99,37
1784979502,41,3047,124.39,37
1784979504,41,3047,123.92,37
1784979505,41,3047,123.83,37
1784979506,31,3047,123.28,37
1784979507,41,3047,124.30,37
1784979508,40,3047,124.12,37
1784979509,41,3047,123.83,37
1784979510,40,3047,123.37,37
1784979511,40,3047,124.45,37
1784979512,40,3047,123.79,37
1784979513,40,3047,123.78,37
1784979514,39,3047,123.93,37
1784979515,40,3047,123.58,37
1784979516,41,3047,124.46,37
1784979518,41,3047,123.89,37
1784979519,41,3047,124.08,37
1784979520,41,3047,124.48,37
1784979521,41,3047,123.49,37
1784979522,39,3047,124.50,37
1784979523,40,3047,124.12,37
1784979524,41,3047,124.06,37
1784979525,42,3047,123.82,37
1784979526,42,3047,124.13,37
1784979527,41,3047,124.05,37
1784979528,41,3047,124.29,37
1784979530,41,3047,124.12,37
1784979531,41,3047,124.26,37
1784979532,41,3047,123.88,37
1784979533,41,3047,123.86,37
1784979534,41,3047,123.93,37
1784979535,41,3047,123.99,37
1784979536,41,3047,124.23,37
1784979537,40,3047,123.71,37
1784979538,40,3047,123.80,37
1784979539,40,3047,124.12,37
1784979540,39,3047,123.82,37
1784979541,39,3047,123.68,37
1784979543,40,3047,124.21,37
1784979544,41,3047,123.75,37
1784979545,40,3047,123.72,37
1784979546,40,3047,123.34,37
1784979547,40,3047,123.87,37
1784979548,41,3047,123.83,37
1784979549,41,3047,123.89,37
1784979550,41,3047,123.92,37
1784979551,40,3047,123.92,37
1784979552,40,3047,123.90,37
1784979553,40,3047,124.23,37
1784979554,42,3047,123.81,37
1784979556,41,3047,123.99,37
1784979557,41,3047,124.14,37
1784979558,40,3047,123.93,37
1784979559,40,3047,124.15,37
1784979560,40,3047,124.42,37
1784979561,41,3047,124.02,37
1784979562,42,3047,122.94,37
1784979563,42,3047,124.00,37
1784979564,42,3047,124.11,37
1784979565,41,3047,124.12,37
1784979566,42,3047,124.13,37
1784979567,42,3047,124.26,37
1784979568,41,3047,124.18,37
1784979570,42,3047,124.27,37
1784979571,42,3047,123.72,37
1784979572,41,3047,124.16,37
1784979573,41,3047,124.17,37
1784979574,41,3047,124.32,37
1784979575,42,3047,124.22,37
1784979576,41,3047,123.99,37
1784979577,41,3047,124.09,37
1784979578,41,3047,124.29,37
1784979579,41,3047,124.10,37
1784979580,41,3047,124.05,37
1784979582,41,3047,124.07,37
1784979583,41,3047,124.14,37
1784979584,41,3047,123.82,37
1784979585,41,3047,123.65,37
1784979586,40,3047,124.13,37
1784979587,41,3047,122.96,37
1784979588,39,3047,123.68,37
1784979589,39,3047,123.36,37
1784979590,38,3047,123.59,37
1784979591,38,3047,123.55,37
1784979592,39,3047,123.29,37
1784979593,40,3047,123.47,37
1784979594,40,3047,123.75,37
1784979596,39,3047,123.90,37
1784979597,40,3047,123.49,37
1784979598,41,3047,124.20,37
1784979599,40,3047,123.52,37
1784979600,40,3047,124.80,37
1784979601,40,3047,123.71,37
1784979602,41,3047,123.96,37
1784979604,40,3047,124.02,37
1784979605,40,3047,124.08,37
1784979606,41,3047,124.02,37
1784979607,41,3047,123.99,37
1784979608,42,3047,124.26,37
1784979609,41,3047,124.16,37
1784979610,42,3047,124.05,37
1784979611,42,3047,123.96,37
1784979613,42,3047,124.04,37
1784979614,42,3047,124.03,37
1784979615,42,3047,124.10,37
1784979616,42,3047,124.06,37
1784979617,42,3047,124.20,37
1784979618,41,3047,124.26,37
1784979619,41,3047,124.20,37
1784979620,41,3047,123.98,37
1784979621,41,3047,124.20,37
1784979622,41,3047,124.36,37
1784979623,40,3047,124.15,37
1784979624,41,3047,123.86,37
1784979626,41,3047,124.23,37
1784979627,41,3047,124.13,37
1784979628,41,3047,124.30,37
1784979629,41,3047,123.99,37
1784979630,41,3047,123.49,37
1784979631,41,3047,124.23,37
1784979632,40,3047,123.76,37
1784979633,40,3047,123.95,37
1784979634,40,3047,123.92,37
1784979635,40,3047,123.34,37
1784979636,40,3047,123.49,37
1784979637,39,3047,123.85,37
1784979638,39,3047,123.36,37
1784979640,39,3047,123.77,37
1784979641,40,3047,123.72,37
1784979642,40,3047,124.11,37
1784979643,40,3047,123.34,37
1784979644,40,3047,123.55,37
1784979645,41,3047,123.49,37
1784979646,39,3047,123.86,37
1784979647,39,3047,123.89,37
1784979648,40,3047,123.69,37
1784979649,41,3047,123.82,37
1784979650,42,3047,123.86,37
1784979651,42,3047,123.82,37
1784979653,42,3047,123.96,37
1784979654,40,3047,123.98,37
1784979655,41,3047,124.29,37
1784979656,41,3047,124.07,37
1784979657,42,3047,123.62,37
1784979658,41,3047,124.17,37
1784979659,42,3047,124.38,37
1784979660,41,3047,124.13,37
1784979661,42,3047,124.24,37
1784979662,41,3047,124.17,37
1784979663,42,3047,124.03,37
1784979664,41,3047,123.83,37
1784979666,41,3047,124.26,37
1784979667,41,3047,123.98,37
1784979668,42,3047,124.26,37
1784979669,41,3047,123.96,37
1784979670,41,3047,124.32,37
1784979671,41,3047,124.29,37
1784979672,41,3047,123.68,37
1784979673,41,3047,124.13,37
1784979674,41,3047,124.10,37
1784979675,41,3047,124.01,37
1784979676,41,3047,124.23,37
1784979677,42,3047,123.93,37
1784979678,41,3047,123.56,37
1784979680,41,3047,124.09,37
1784979681,41,3047,124.45,37
1784979682,41,3047,124.02,37
1784979683,40,3047,123.24,37
1784979684,1,1984,115.54,37
