timestamp,util_pct,mem_used_mib,power_w,temp_c
1786956600,0,433,118.60,42
1786956601,0,433,118.39,42
1786956602,0,433,118.47,42
1786956603,0,433,118.52,42
1786956604,0,433,118.24,42
1786956605,0,433,118.21,42
1786956606,0,862,118.52,42
1786956608,0,862,117.97,42
1786956609,0,862,118.35,41
1786956610,0,862,118.26,41
1786956613,0,879,117.86,41
1786956614,71,1606,160.06,43
1786956616,100,3596,241.39,44
1786956617,100,3596,259.62,45
1786956618,100,3596,256.10,45
1786956619,100,3596,254.40,45
1786956620,100,3596,253.36,45
1786956621,99,3596,257.10,45
1786956623,100,3596,252.35,46
1786956624,100,3596,251.43,46
1786956625,100,3596,257.48,46
1786956626,100,3596,259.39,46
1786956627,100,3596,256.36,46
1786956628,100,3596,253.51,46
1786956629,100,3596,263.04,46
1786956630,100,3596,254.19,46
1786956631,100,3596,255.86,46
1786956632,96,3596,250.63,46
1786956634,100,3596,255.62,46
1786956635,97,3596,252.93,46
1786956636,98,3596,253.53,46
1786956637,99,3596,257.49,46
1786956638,100,3596,255.39,46
1786956639,100,3596,253.29,46
1786956640,100,3596,256.06,46
1786956641,100,3596,251.14,47
1786956642,99,3596,253.91,47
1786956643,99,3596,255.28,47
1786956645,100,3596,255.33,47
1786956646,100,3596,256.79,47
1786956647,100,3596,260.37,47
1786956648,100,3596,253.47,47
1786956649,98,3596,254.27,47
1786956650,100,3596,252.86,47
1786956651,100,3596,254.45,47
1786956652,96,3596,256.37,47
1786956653,97,3596,253.29,47
1786956655,96,3596,251.96,47
1786956656,96,3596,252.96,47
1786956657,95,3596,251.74,47
1786956658,100,3596,253.32,47
1786956659,96,3596,255.64,47
1786956660,96,3596,249.52,47
1786956661,95,3596,250.24,47
1786956662,95,3596,256.77,47
1786956663,97,3596,255.15,47
1786956664,97,3596,248.62,47
1786956666,97,3596,257.58,47
1786956667,98,3596,251.99,47
1786956668,95,3596,249.28,47
1786956669,100,3596,247.62,47
1786956670,95,3596,254.00,47
1786956671,100,3596,256.87,47
1786956672,96,3596,250.97,47
1786956673,97,3596,249.99,47
1786956674,96,3596,249.59,47
1786956675,95,3596,253.75,47
1786956677,95,3596,247.78,47
1786956678,95,3596,251.18,47
1786956679,95,3596,247.54,47
1786956680,95,3596,251.68,47
1786956681,94,3596,249.06,47
1786956682,95,3596,252.13,47
1786956683,100,3596,256.36,47
1786956684,100,3596,252.02,47
1786956685,100,3596,255.73,47
1786956686,100,3596,254.49,47
1786956688,100,3596,261.02,47
1786956689,100,3596,260.11,47
1786956690,100,3596,255.53,47
1786956691,100,3596,256.41,47
1786956692,100,3596,256.67,47
1786956693,100,3596,261.23,47
1786956694,100,3596,260.91,47
1786956695,100,3596,263.33,47
1786956696,100,3596,255.31,47
1786956697,100,3596,261.25,47
1786956698,97,3596,257.45,47
1786956700,97,3596,255.05,47
1786956701,99,3596,257.23,47
1786956702,97,3596,252.01,47
1786956703,97,3596,260.00,47
1786956704,96,3596,251.00,47
1786956705,94,3596,252.13,47
1786956706,94,3596,252.70,47
1786956707,100,3596,258.01,47
1786956708,100,3596,258.89,47
1786956709,100,3596,256.27,47
1786956711,100,3596,256.67,47
1786956712,100,3596,259.56,47
1786956713,100,3596,259.27,47
1786956714,99,3596,257.28,47
1786956715,100,3596,257.90,47
1786956716,100,3596,257.13,47
1786956717,99,3596,253.51,47
1786956718,96,3596,258.48,47
1786956719,95,3596,253.67,47
1786956721,100,3596,258.87,47
1786956722,99,3596,249.69,47
1786956723,96,3596,247.82,47
1786956724,100,3596,258.81,47
1786956725,100,3596,259.67,47
1786956726,100,3596,254.30,47
1786956727,100,3596,256.47,47
1786956728,100,3596,256.21,47
1786956729,100,3596,257.31,47
1786956730,100,3596,258.25,47
1786956732,100,3596,256.18,47
1786956733,100,3596,258.28,47
1786956734,100,3596,255.55,47
1786956735,100,3596,254.09,47
1786956736,100,3596,261.57,47
1786956737,96,3596,251.99,47
1786956738,100,3596,250.77,47
1786956739,100,3596,253.14,47
1786956740,100,3596,253.87,47
1786956741,100,3596,257.19,47
1786956743,100,3596,256.42,47
1786956744,100,3596,262.64,47
1786956745,100,3596,259.91,47
1786956746,100,3596,259.62,47
1786956747,100,3596,256.98,47
1786956748,98,3596,249.05,47
1786956749,100,3596,256.38,47
1786956751,98,3596,256.58,47
1786956752,100,3596,250.04,47
1786956753,100,3596,251.49,47
1786956754,100,3596,260.18,47
1786956755,100,3596,256.63,47
1786956756,100,3596,259.58,47
1786956757,100,3596,261.87,47
1786956758,100,3596,265.08,47
1786956759,100,3596,260.11,47
1786956760,95,3596,252.09,47
1786956762,98,3596,253.91,47
1786956763,96,3596,248.61,47
1786956764,100,3596,252.67,47
1786956765,98,3596,258.25,47
1786956766,95,3596,247.65,47
1786956767,100,3596,253.83,47
1786956768,100,3596,252.04,47
1786956769,100,3596,255.90,47
1786956770,100,3596,253.79,47
1786956771,100,3596,255.47,47
1786956773,100,3596,264.93,47
1786956774,100,3596,256.73,47
1786956775,100,3596,258.02,47
1786956776,100,3596,257.60,47
1786956777,100,3596,263.97,47
1786956778,100,3596,258.10,47
1786956779,100,3596,254.09,47
1786956780,93,3596,254.49,47
1786956781,95,3596,250.79,47
1786956783,100,3596,259.49,47
1786956784,100,3596,257.69,47
1786956785,100,3596,252.84,47
1786956786,99,3596,254.86,47
1786956787,99,3596,251.49,47
1786956788,98,3596,252.66,47
1786956789,100,3596,257.47,47
1786956790,97,3596,256.45,47
1786956791,95,3596,248.57,47
1786956792,100,3596,258.57,47
1786956794,100,3596,259.90,47
1786956795,100,3596,264.05,47
1786956796,100,3596,260.26,47
1786956797,100,3596,253.89,47
1786956798,100,3596,253.13,47
1786956799,100,3596,258.44,47
1786956800,100,3596,256.50,47
1786956801,100,3596,253.77,47
1786956802,100,3596,257.96,47
1786956804,100,3596,259.73,47
1786956805,100,3596,258.32,47
1786956806,100,3596,259.20,47
1786956807,100,3596,257.92,47
1786956808,100,3596,258.86,47
1786956809,100,3596,247.72,47
1786956810,100,3596,262.43,47
1786956811,100,3596,255.07,47
1786956812,100,3596,257.29,47
1786956813,100,3596,261.01,47
1786956815,100,3596,256.75,47
1786956816,97,3596,251.98,47
1786956817,100,3596,254.93,47
1786956818,96,3596,255.29,47
1786956819,90,3596,254.05,47
1786956820,100,3596,257.67,47
1786956821,96,3596,248.57,47
1786956822,94,3596,256.10,47
1786956823,95,3596,251.03,47
1786956824,96,3596,253.80,47
1786956825,95,3596,255.86,47
1786956827,97,3596,247.99,47
1786956828,96,3596,255.99,47
1786956829,99,3596,251.40,47
1786956830,100,3596,248.11,47
1786956831,99,3596,247.17,47
1786956832,98,3596,237.57,46
1786956833,99,3596,234.63,46
1786956834,100,3596,227.96,46
1786956835,92,3596,229.28,46
1786956837,99,3596,230.36,46
1786956838,100,3596,230.76,46
1786956839,99,3596,229.29,46
1786956840,99,3596,229.42,46
1786956841,100,3596,230.16,46
1786956842,100,3596,231.37,46
1786956843,100,3596,230.60,46
1786956844,100,3596,232.23,46
1786956845,94,3596,229.11,46
1786956846,96,3596,225.68,46
1786956847,100,3596,227.60,46
1786956849,100,3596,228.41,46
1786956850,97,3596,221.03,46
1786956851,93,3596,220.75,46
1786956852,93,3596,218.87,46
1786956853,89,3596,214.99,45
1786956854,96,3596,221.58,45
1786956855,97,3596,224.00,45
1786956856,96,3596,221.90,45
1786956857,93,3596,216.83,45
1786956859,97,3596,218.25,45
1786956860,99,3596,218.79,45
1786956861,93,3596,218.45,45
1786956862,96,3596,214.86,45
1786956863,99,3596,223.62,45
1786956864,95,3596,217.97,45
1786956865,98,3596,219.27,45
1786956866,95,3596,221.52,45
1786956867,97,3596,212.30,45
1786956868,98,3596,218.76,45
1786956870,90,3596,220.70,45
1786956871,92,3596,217.51,45
1786956872,94,3596,218.88,45
1786956873,95,3596,217.34,45
1786956874,99,3596,222.67,45
1786956875,100,3596,227.37,45
1786956876,95,3596,225.78,45
1786956877,92,3596,215.45,45
1786956878,93,3596,218.52,45
1786956879,92,3596,218.19,45
1786956881,91,3596,221.35,45
1786956882,93,3596,219.86,45
1786956883,89,3596,218.09,45
1786956884,93,3596,218.43,45
1786956885,93,3596,218.49,45
1786956886,100,3596,220.01,45
1786956887,97,3596,216.25,45
1786956888,97,3596,220.72,45
1786956889,98,3596,215.61,45
1786956890,98,3596,216.87,45
1786956892,99,3596,220.01,45
1786956893,100,3596,216.94,45
1786956894,100,3596,219.53,45
1786956895,99,3598,216.37,45
1786956896,100,3600,213.88,45
1786956897,100,3600,214.34,45
1786956898,99,3600,218.42,45
1786956899,100,3600,219.85,45
1786956900,100,3600,217.85,45
1786956901,100,3600,218.43,45
1786956903,100,3600,216.37,45
1786956904,100,3600,217.14,45
1786956905,100,3600,216.55,45
1786956906,100,3600,217.08,44
1786956907,100,3600,217.12,44
1786956908,100,3600,218.38,45
1786956909,100,3600,217.92,44
1786956910,100,3600,216.48,44
1786956911,100,3600,216.28,44
1786956912,100,3600,217.56,44
1786956914,100,3600,214.76,44
1786956915,100,3600,216.69,44
1786956916,100,3600,217.68,44
1786956917,100,3600,215.72,44
1786956918,100,3600,219.18,44
1786956919,100,3600,216.20,44
1786956920,100,3600,215.46,44
1786956921,100,3600,216.71,44
1786956922,100,3600,214.75,44
1786956924,100,3600,214.35,44
1786956925,100,3600,215.19,44
1786956926,100,3600,214.15,44
1786956927,98,3600,210.61,44
1786956928,99,3600,213.16,44
1786956929,100,3600,214.33,44
1786956930,100,3600,213.65,44
1786956931,100,3600,213.06,44
1786956932,100,3600,211.14,44
1786956933,100,3600,209.80,44
1786956935,100,3600,208.59,44
1786956936,100,3600,210.26,44
1786956937,100,3604,203.97,44
1786956938,100,3604,204.12,44
1786956939,100,3604,206.53,44
1786956940,100,3604,206.05,44
1786956941,100,3604,203.38,44
1786956942,100,3604,205.89,44
1786956943,100,3604,204.52,44
1786956944,100,3604,206.29,44
1786956946,100,3604,202.95,44
1786956947,100,3604,204.30,44
1786956948,100,3604,204.93,44
1786956949,100,3604,205.05,44
1786956950,100,3604,206.26,44
1786956951,98,3604,204.30,44
1786956952,100,3604,203.97,44
1786956953,92,3604,200.19,43
1786956954,100,3604,201.75,43
1786956955,100,3604,205.52,44
1786956957,100,3604,207.33,44
1786956958,100,3604,204.88,44
1786956959,100,3604,202.89,43
1786956960,100,3604,200.50,43
1786956961,100,3604,200.07,43
1786956962,100,3604,197.08,43
1786956963,100,3604,198.84,43
1786956964,100,3604,198.75,43
1786956965,100,3604,199.37,43
1786956967,100,3604,201.13,43
1786956968,100,3604,198.64,43
1786956969,100,3604,196.71,43
1786956970,100,3604,198.40,43
1786956971,100,3604,200.29,43
1786956972,100,3604,198.83,43
1786956973,100,3604,199.18,43
1786956974,100,3604,198.74,43
1786956975,100,3604,199.73,43
1786956976,100,3604,198.16,43
1786956977,100,3604,197.92,43
1786956979,100,3604,195.72,43
1786956980,100,3604,193.76,43
1786956981,100,3604,193.04,43
1786956982,100,3604,192.67,43
1786956983,100,3604,191.96,43
1786956984,100,3604,192.07,43
1786956985,100,3604,189.66,43
1786956986,100,3604,189.01,43
1786956987,100,3604,189.06,43
1786956988,100,3604,184.08,42
1786956990,100,3604,184.84,42
1786956991,100,3604,183.53,42
1786956992,100,3604,182.13,42
1786956993,100,3604,180.42,42
1786956994,100,3604,180.98,42
1786956995,100,3604,180.51,42
1786956996,100,3604,181.16,42
1786956997,100,3604,182.45,42
1786956998,100,3604,182.34,42
1786956999,100,3604,182.76,42
1786957001,100,3604,180.96,42
1786957002,100,3604,180.60,42
1786957003,100,3604,182.02,42
1786957004,100,3604,181.16,42
1786957005,100,3604,180.48,42
1786957006,100,3604,178.69,42
1786957007,100,3604,179.21,42
1786957008,100,3604,177.78,42
1786957009,100,3604,177.75,42
1786957011,100,3604,178.86,42
1786957012,100,3606,177.36,42
1786957013,99,3606,179.20,42
1786957014,99,3606,179.44,42
1786957015,100,3606,178.00,42
1786957016,100,3606,175.19,41
1786957017,100,3606,175.11,41
1786957018,100,3606,175.76,41
1786957019,100,3606,170.63,41
1786957020,100,3606,172.04,41
1786957021,100,3608,172.24,41
1786957023,100,3610,176.94,41
1786957024,100,3610,181.05,41
1786957025,100,3610,182.57,42
1786957026,100,3610,185.90,42
1786957027,100,3610,185.79,42
1786957028,100,3610,182.09,42
1786957029,100,3610,183.52,42
1786957030,100,3610,176.56,41
1786957031,100,3610,175.32,41
1786957032,100,3610,174.92,41
1786957034,100,3610,172.84,41
1786957035,100,3610,169.92,41
1786957036,100,3610,171.41,41
1786957037,100,3610,172.28,41
1786957038,100,3610,173.32,41
1786957039,100,3610,172.55,41
1786957040,100,3610,172.04,41
1786957041,100,3610,170.18,41
1786957042,100,3610,170.76,41
1786957043,100,3612,170.08,41
1786957044,100,3612,173.09,41
1786957046,100,3612,170.85,41
1786957047,100,3612,167.60,41
1786957048,100,3612,167.96,41
1786957049,100,3612,169.99,41
1786957050,100,3612,170.80,41
1786957051,100,3612,171.03,41
1786957052,100,3612,172.67,41
1786957053,100,3612,171.99,41
1786957054,100,3612,167.64,41
1786957055,100,3612,174.21,41
1786957057,100,3612,170.40,40
1786957058,100,3612,168.23,41
1786957059,100,3612,169.41,41
1786957060,100,3612,169.79,40
1786957061,100,3612,168.16,40
1786957062,100,3612,167.15,40
1786957063,100,3612,166.32,40
1786957064,100,3612,163.40,40
1786957065,100,3612,170.91,40
1786957066,100,3612,173.56,41
1786957067,100,3612,169.34,40
1786957069,100,3612,168.27,40
1786957070,100,3612,166.35,40
1786957071,100,3612,167.51,40
1786957072,100,3612,168.63,40
1786957073,100,3612,166.77,40
1786957074,100,3612,166.82,40
1786957075,100,3612,169.38,40
1786957076,100,3612,168.94,40
1786957077,100,3612,170.05,40
1786957078,100,3612,172.28,40
1786957080,100,3612,171.53,40
1786957081,100,3612,167.04,40
1786957082,100,3612,167.39,40
1786957083,100,3612,168.67,40
1786957085,100,3612,170.36,40
1786957086,100,3612,171.32,40
1786957087,100,3612,169.07,40
1786957088,100,3612,169.10,40
1786957089,100,3612,168.18,40
1786957090,100,3612,167.04,40
1786957091,100,3612,172.45,40
1786957092,100,3612,165.56,40
1786957093,100,3612,162.45,40
1786957095,100,3612,166.09,40
1786957096,100,3612,165.46,40
1786957097,100,3612,165.33,40
1786957098,100,3612,164.55,40
1786957099,100,3612,170.79,40
1786957100,100,3612,167.75,40
1786957101,100,3612,166.33,40
1786957102,100,3612,164.52,40
1786957103,100,3612,167.22,40
1786957104,100,3612,166.30,40
1786957106,100,3612,169.69,40
1786957107,100,3612,167.59,40
1786957108,100,3612,172.81,40
1786957109,100,3612,174.28,40
1786957110,100,3612,173.87,40
1786957111,100,3612,172.78,40
1786957112,100,3612,174.45,40
1786957113,100,3612,171.44,40
1786957114,100,3612,175.21,40
1786957115,100,3612,177.61,40
1786957117,100,3612,176.77,40
1786957118,100,3612,174.94,40
1786957119,100,3612,174.61,40
1786957120,100,3612,176.12,40
1786957121,100,3612,174.95,40
1786957122,100,3612,176.44,40
1786957123,100,3612,175.90,40
1786957124,100,3612,176.00,40
1786957125,100,3612,174.20,40
1786957126,100,3612,173.68,40
1786957128,100,3612,173.90,40
1786957129,100,3612,174.30,40
1786957130,100,3612,171.46,40
1786957131,100,3612,171.26,40
1786957132,100,3612,169.95,40
1786957133,99,3612,168.24,40
1786957134,99,3612,166.24,40
1786957135,95,3612,167.15,40
1786957136,99,3612,162.66,40
1786957137,98,3612,160.20,40
1786957138,99,3612,156.82,40
1786957140,99,3612,156.68,39
1786957141,99,3612,153.58,39
1786957142,99,3612,153.51,39
1786957143,99,3612,151.82,39
1786957144,99,3612,153.24,39
1786957145,99,3612,154.32,39
1786957146,99,3612,154.28,39
1786957147,99,3612,154.07,39
1786957148,49,3612,141.16,39
1786957149,48,3612,136.27,39
1786957151,48,3612,136.21,39
1786957152,49,3612,136.31,39
1786957153,48,3612,135.98,38
1786957154,47,3612,135.50,38
1786957155,49,3612,136.83,38
1786957156,48,3612,136.22,38
1786957157,48,3612,136.15,38
1786957158,49,3612,136.80,38
1786957159,49,3612,136.42,38
1786957160,49,3612,136.46,38
1786957161,49,3612,135.60,38
1786957163,48,3612,136.55,38
1786957164,48,3612,136.07,38
1786957165,48,3612,136.35,38
1786957166,48,3612,136.59,38
1786957167,48,3612,136.03,38
1786957168,48,3612,136.50,38
1786957169,49,3612,136.29,38
1786957170,0,3612,125.40,37
1786957171,0,3612,116.15,37
1786957172,0,3612,115.94,37
1786957174,0,3612,116.08,37
1786957175,0,3612,115.82,37
1786957176,0,3612,115.86,37
1786957177,0,3612,116.13,37
1786957178,0,3612,115.84,37
1786957179,0,3612,116.05,37
1786957180,0,3612,115.66,37
1786957181,0,3612,115.65,37
1786957182,0,3612,115.78,37
1786957183,0,3612,115.54,37
1786957185,0,3612,115.57,37
1786957186,0,3612,115.79,37
1786957187,0,3612,115.44,37
1786957188,0,3612,115.53,37
1786957189,0,3612,115.57,37
1786957190,0,3612,115.40,37
1786957191,0,3612,115.56,37
1786957192,0,3612,115.54,37
1786957193,0,3612,115.33,36
1786957194,0,3612,115.62,36
1786957195,0,3612,115.64,36
1786957197,0,3612,115.39,36
1786957198,0,3612,115.45,36
1786957199,0,3612,115.48,36
1786957200,0,3612,115.20,36
1786957201,0,3612,115.44,36
1786957202,0,3612,115.37,36
1786957203,0,3612,115.32,36
1786957204,0,3612,115.48,36
1786957205,0,3612,115.58,36
1786957206,0,3612,115.18,36
1786957207,0,3612,115.39,36
1786957209,0,3612,115.32,36
1786957210,0,3612,115.24,36
1786957211,0,3612,115.37,36
1786957212,0,3612,115.48,36
1786957213,0,3612,115.13,36
1786957214,0,3612,115.29,36
1786957215,0,3612,115.41,36
1786957216,0,3612,115.06,36
1786957217,0,3612,115.14,36
1786957218,0,3612,115.35,36
1786957220,0,3612,115.11,36
1786957221,0,3612,115.17,36
1786957222,0,3612,115.41,36
1786957223,0,3612,115.19,36
1786957224,0,3612,115.10,36
1786957225,0,3612,115.18,36
1786957226,0,3612,115.33,36
1786957227,0,3612,115.04,36
1786957228,0,3612,115.14,36
1786957229,0,3612,115.29,36
1786957230,0,3612,115.15,36
1786957232,0,3612,114.95,36
1786957233,0,3612,115.19,36
1786957234,0,3612,115.17,36
1786957235,0,3612,114.93,36
1786957236,0,3612,115.04,36
1786957237,0,3612,115.24,36
1786957238,0,3612,115.21,36
1786957239,0,3612,114.94,36
1786957240,0,3612,115.04,36
1786957241,0,3612,115.13,36
1786957242,0,3612,115.09,36
1786957243,0,3612,115.04,36
1786957245,0,3612,115.13,36
1786957246,98,8758,208.29,39
1786957247,99,8758,272.70,39
1786957248,99,8758,276.17,40
1786957249,99,8758,270.41,40
1786957250,99,8758,277.27,41
1786957251,99,8758,275.96,41
1786957252,99,8758,273.98,41
1786957253,99,8758,273.53,41
1786957254,99,8758,273.63,42
1786957256,99,8758,274.89,42
1786957257,98,8758,270.82,42
1786957258,98,8758,277.19,42
1786957259,99,8758,276.03,42
1786957260,99,8758,276.67,42
1786957261,99,8758,275.17,42
1786957262,99,8758,281.65,43
1786957263,98,8758,273.19,43
1786957264,99,8758,273.33,43
1786957265,99,8758,276.11,43
1786957266,99,8758,275.96,43
1786957268,99,8758,274.01,43
1786957269,99,8758,277.08,43
1786957270,99,8758,273.97,43
1786957271,99,8758,277.79,43
1786957272,99,8758,276.75,44
1786957273,99,8758,274.86,44
1786957274,99,8758,278.50,44
1786957275,98,8758,279.08,44
1786957276,98,8758,276.54,44
1786957277,99,8758,278.13,44
1786957279,99,8758,275.00,44
1786957280,99,8758,275.67,44
1786957281,99,8758,279.25,44
1786957282,99,8758,276.38,44
1786957283,99,8758,279.66,45
1786957284,99,8758,274.73,45
1786957285,99,8758,276.22,45
1786957286,99,8758,279.93,45
1786957287,98,8758,280.62,45
1786957288,98,8758,275.88,45
1786957289,99,8758,274.95,45
1786957291,99,8758,276.61,45
1786957292,99,8758,276.20,45
1786957293,99,8758,278.43,45
1786957294,98,8758,276.17,45
1786957295,99,8758,278.53,45
1786957296,99,8758,279.02,45
1786957297,99,8758,278.98,45
1786957298,99,8758,278.37,46
1786957299,98,8758,277.78,45
1786957300,98,8758,279.96,46
1786957301,98,8758,275.67,46
1786957302,99,8758,278.79,46
1786957304,99,8758,277.90,46
1786957305,99,8758,279.20,46
1786957306,99,8758,278.89,46
1786957307,99,8758,277.96,46
1786957308,99,8758,276.88,46
1786957309,99,8758,278.65,46
1786957310,99,8758,278.77,46
1786957311,98,8758,279.14,46
1786957312,98,8758,281.50,46
1786957313,99,8758,278.76,46
1786957315,99,8758,277.57,46
1786957316,99,8758,277.09,46
1786957317,99,8758,274.80,46
1786957318,98,8758,281.61,46
1786957319,98,8758,278.03,46
1786957320,99,8758,281.35,46
1786957321,99,8758,277.23,46
1786957322,99,8758,279.99,46
1786957323,98,8758,279.25,46
1786957324,99,8758,276.98,47
1786957326,99,8758,282.97,47
1786957327,99,8758,278.73,46
1786957328,99,8758,280.23,47
1786957329,99,8758,280.79,47
1786957330,98,8758,276.95,46
1786957331,99,8758,277.85,47
1786957332,99,8758,279.31,47
1786957333,99,8758,280.83,47
1786957334,99,8758,275.47,47
1786957335,98,8758,278.23,47
1786957337,98,8758,280.64,47
1786957338,99,8758,279.90,47
1786957339,99,8758,281.80,47
1786957340,99,8758,278.68,47
1786957341,99,8758,277.05,47
1786957342,99,8758,277.45,47
1786957343,99,8758,282.85,47
1786957344,99,8758,274.14,47
1786957345,99,8758,282.21,47
1786957346,99,8758,274.31,47
1786957347,98,8758,278.03,47
1786957349,99,8758,275.76,47
1786957350,99,8758,282.91,47
1786957351,99,8758,277.38,47
1786957352,99,8758,280.82,47
1786957353,98,8758,277.86,47
1786957354,98,8758,278.81,47
1786957355,99,8758,280.56,47
1786957356,99,8758,283.37,47
1786957357,99,8758,279.21,47
1786957358,99,8758,283.13,47
1786957360,99,8758,278.97,47
1786957361,100,8758,246.28,46
1786957362,100,8758,256.06,47
1786957363,100,8758,255.41,47
1786957364,100,8758,256.03,47
1786957365,100,8758,259.65,47
1786957366,100,8758,259.46,47
1786957367,100,8758,264.05,47
1786957368,100,8758,252.95,47
1786957369,100,8758,255.76,47
1786957371,100,8758,252.98,46
1786957372,100,8758,255.02,46
1786957373,100,8758,254.50,46
1786957374,100,8758,263.89,46
1786957375,100,8758,250.62,46
1786957376,100,8758,255.51,46
1786957377,100,8758,257.21,46
1786957378,100,8758,253.27,46
1786957379,100,8758,255.51,46
1786957380,100,8758,261.10,46
1786957382,100,8758,256.42,46
1786957383,100,8758,256.88,46
1786957384,100,8758,255.32,46
1786957385,100,8758,260.13,46
1786957386,100,8758,257.83,46
1786957387,100,8758,257.52,46
1786957388,100,8758,262.06,46
1786957389,100,8758,257.05,46
1786957390,100,8758,255.10,47
1786957391,100,8758,255.84,46
1786957392,100,8758,259.87,46
1786957394,100,8758,257.24,46
1786957395,100,8758,249.74,46
1786957396,100,8758,256.31,46
1786957397,95,8758,259.57,46
1786957398,100,8758,253.00,46
1786957399,98,8758,248.20,46
1786957400,99,8758,252.24,46
1786957401,96,8758,258.24,46
1786957402,100,8758,251.62,46
1786957404,100,8758,256.92,46
1786957405,100,8758,257.92,46
1786957406,100,8758,252.39,46
1786957407,100,8758,258.38,46
1786957408,100,8758,258.71,46
1786957409,100,8758,262.02,46
1786957410,100,8758,254.54,46
1786957411,97,8758,257.52,46
1786957412,100,8758,259.98,46
1786957413,98,8758,259.86,46
1786957414,100,8758,259.98,46
1786957416,100,8758,260.71,46
1786957417,100,8758,255.86,46
1786957418,99,8758,260.51,46
1786957419,100,8758,255.38,46
1786957420,100,8758,256.40,46
1786957421,100,8758,254.45,46
1786957422,100,8758,257.55,46
1786957423,100,8758,255.57,46
1786957424,100,8758,258.66,46
1786957425,96,8758,253.87,46
1786957427,94,8758,245.58,46
1786957428,97,8758,249.95,46
1786957429,100,8758,255.97,46
1786957430,100,8758,259.47,46
1786957431,100,8758,257.49,46
1786957432,100,8758,256.86,46
1786957433,100,8758,259.59,46
1786957434,100,8758,259.38,46
1786957435,100,8758,249.23,46
1786957436,100,8758,259.44,46
1786957438,100,8758,257.59,46
1786957439,100,8758,259.51,46
1786957440,100,8758,261.85,46
1786957441,98,8758,254.25,46
1786957442,100,8758,257.50,46
1786957443,100,8758,259.37,46
1786957444,95,8758,252.42,46
1786957445,100,8758,259.53,46
1786957446,97,8758,255.70,46
1786957447,96,8758,249.48,46
1786957449,97,8758,254.66,46
1786957450,96,8758,254.25,46
1786957451,96,8758,253.06,46
1786957452,96,8758,253.60,46
1786957453,100,8758,259.87,46
1786957454,99,8758,258.49,46
1786957455,100,8758,258.05,46
1786957456,97,8758,257.78,46
1786957457,100,8758,259.38,46
1786957458,100,8758,258.61,46
1786957459,100,8758,256.39,46
1786957461,100,8758,259.99,46
1786957462,97,8758,257.86,46
1786957463,100,8758,247.79,46
1786957464,100,8758,252.76,46
1786957465,100,8758,254.75,46
1786957466,100,8758,254.59,46
1786957467,100,8758,256.31,46
1786957468,100,8758,261.74,46
1786957469,100,8758,260.30,46
1786957470,100,8758,259.36,46
1786957472,97,8758,253.20,46
1786957473,93,8758,250.77,46
1786957474,99,8758,258.70,46
1786957475,100,8758,255.89,46
1786957476,100,8758,254.60,46
1786957477,100,8758,262.67,46
1786957478,98,8758,257.37,46
1786957479,100,8758,255.54,46
1786957480,100,8758,258.28,46
1786957481,100,8758,255.03,46
1786957482,100,8758,255.33,46
1786957484,100,8758,253.12,46
1786957485,100,8758,255.91,46
1786957486,100,8758,253.03,46
1786957487,100,8758,255.57,46
1786957488,100,8758,257.62,46
1786957489,100,8758,258.39,46
1786957490,100,8758,259.08,46
1786957491,100,8758,259.57,46
1786957492,100,8758,256.13,46
1786957494,100,8758,258.54,46
1786957495,95,8758,250.18,46
1786957496,95,8758,250.30,46
1786957497,100,8758,258.74,46
1786957498,100,8758,258.42,46
1786957499,100,8758,256.53,46
1786957500,100,8758,261.02,47
1786957501,98,8758,254.42,46
1786957502,100,8758,258.30,46
1786957503,99,8758,256.21,46
1786957505,99,8758,257.38,47
1786957506,100,8758,261.06,46
1786957507,98,8758,254.62,46
1786957508,100,8758,260.73,46
1786957509,99,8758,257.27,47
1786957510,100,8758,257.85,47
1786957511,100,8758,257.36,47
1786957512,100,8758,256.17,47
1786957513,100,8758,259.16,46
1786957514,98,8758,260.84,46
1786957515,94,8758,249.07,46
1786957517,100,8758,254.28,47
1786957518,100,8758,257.99,47
1786957519,100,8758,255.46,47
1786957520,96,8758,252.38,46
1786957521,99,8758,259.58,46
1786957522,98,8758,254.11,46
1786957523,94,8758,248.18,46
1786957524,100,8758,254.64,46
1786957525,100,8758,260.82,46
1786957527,100,8758,254.92,47
1786957528,100,8758,257.69,47
1786957529,93,8758,254.01,46
1786957530,98,8758,252.89,46
1786957531,95,8758,256.61,46
1786957532,97,8758,255.10,46
1786957533,100,8758,256.73,46
1786957534,100,8758,254.40,47
1786957535,99,8758,256.83,46
1786957536,100,8758,259.94,47
1786957538,100,8758,257.74,47
1786957539,100,8758,257.81,47
1786957540,96,8758,255.79,46
1786957541,100,8758,255.10,47
1786957542,100,8758,255.30,47
1786957543,100,8758,258.79,47
1786957544,100,8758,257.35,47
1786957545,100,8758,252.95,47
1786957546,100,8758,260.15,47
1786957547,100,8758,260.80,47
1786957548,100,8758,253.09,47
1786957550,100,8758,259.07,47
1786957551,100,8758,259.98,47
1786957552,100,8758,260.37,47
1786957553,100,8758,256.43,47
1786957554,100,8758,258.11,47
1786957555,100,8758,258.81,47
1786957556,100,8758,256.11,47
1786957557,100,8758,258.87,47
1786957558,100,8758,259.06,47
1786957559,90,8758,252.65,46
1786957561,100,8758,258.26,47
1786957562,100,8758,255.60,47
1786957563,92,8758,244.34,46
1786957564,100,8758,259.63,47
1786957565,100,8758,259.94,47
1786957566,97,8758,256.88,46
1786957567,99,8758,255.78,46
1786957568,96,8758,253.82,46
1786957569,97,8758,256.97,46
1786957570,96,8758,249.41,46
1786957572,97,8758,250.18,46
1786957573,96,8758,251.37,46
1786957574,97,8758,252.98,46
1786957575,95,8758,248.88,46
1786957576,100,8758,246.83,46
1786957577,98,8758,238.48,46
1786957578,100,8758,238.85,46
1786957579,100,8758,232.81,46
1786957580,100,8758,230.40,46
1786957581,97,8758,231.61,46
1786957582,99,8758,228.98,46
1786957584,100,8758,229.45,46
1786957585,100,8758,231.41,46
1786957586,99,8758,231.47,46
1786957587,100,8758,230.79,46
1786957588,99,8758,227.95,46
1786957589,100,8758,227.80,46
1786957590,93,8758,225.01,45
1786957591,98,8758,225.64,45
1786957592,91,8758,221.26,45
1786957593,98,8758,223.26,45
1786957595,96,8758,218.97,45
1786957596,86,8758,209.94,45
1786957597,95,8758,221.71,45
1786957598,96,8758,213.63,45
1786957599,92,8758,216.76,45
1786957600,94,8758,218.97,45
1786957601,92,8758,223.48,45
1786957602,89,8758,211.32,45
1786957603,95,8758,217.90,45
1786957604,92,8758,217.53,45
1786957606,94,8758,217.78,45
1786957607,96,8758,223.15,45
1786957608,95,8758,216.01,45
1786957609,91,8758,219.23,45
1786957610,96,8758,220.17,45
1786957611,91,8758,218.01,45
1786957612,93,8758,215.71,45
1786957613,92,8758,217.08,45
1786957614,88,8758,217.78,45
1786957616,91,8758,214.91,45
1786957617,94,8758,218.49,45
1786957618,92,8758,219.60,45
1786957619,100,8758,219.16,45
1786957620,100,8758,224.44,45
1786957621,90,8758,215.08,44
1786957622,90,8758,213.68,44
1786957623,89,8758,217.21,44
1786957624,90,8758,214.34,44
1786957625,100,8758,220.31,45
1786957626,96,8758,216.96,44
1786957628,94,8758,222.07,45
1786957629,100,8758,222.84,44
1786957630,100,8758,220.48,44
1786957631,99,8758,218.37,44
1786957632,99,8758,219.29,44
1786957633,99,8758,217.97,44
1786957634,98,8758,220.24,44
1786957635,96,8758,218.27,44
1786957636,91,8758,214.28,44
1786957637,100,8758,217.00,44
1786957639,100,8758,215.93,44
1786957640,100,8758,208.41,44
1786957641,100,8758,210.40,44
1786957642,100,8758,209.82,44
1786957643,100,8758,207.12,44
1786957644,100,8758,207.67,44
1786957645,100,8758,207.81,44
1786957646,100,8758,207.48,44
1786957647,100,8758,206.97,44
1786957648,100,8758,207.58,44
1786957650,100,8758,205.55,44
1786957651,100,8758,205.46,44
1786957652,96,8758,200.83,44
1786957653,100,8758,206.66,44
1786957654,98,8758,204.51,44
1786957655,100,8758,206.18,44
1786957656,100,8758,208.99,44
1786957657,100,8758,202.95,44
1786957658,97,8758,206.96,44
1786957659,98,8758,204.02,44
1786957660,98,8758,202.59,43
1786957662,100,8758,204.33,43
1786957663,100,8758,202.65,43
1786957664,100,8758,198.01,43
1786957665,98,8758,202.27,43
1786957666,99,8758,202.74,43
1786957667,100,8758,204.10,44
1786957668,100,8758,204.24,43
1786957669,100,8758,204.76,43
1786957670,100,8758,203.90,43
1786957671,100,8758,204.48,43
1786957673,100,8758,204.49,43
1786957674,100,8758,206.35,43
1786957675,100,8758,205.07,43
1786957676,100,8758,203.12,43
1786957677,100,8758,203.87,43
1786957678,100,8758,204.17,43
1786957679,100,8758,203.29,43
1786957680,100,8758,205.52,43
1786957681,100,8758,204.83,43
1786957682,99,8758,205.55,43
1786957684,99,8758,201.93,43
1786957685,100,8758,201.94,43
1786957686,100,8758,203.87,43
1786957687,100,8758,203.93,43
1786957688,100,8758,199.82,43
1786957689,100,8758,196.61,43
1786957690,100,8758,192.19,43
1786957691,100,8758,189.53,43
1786957692,99,8758,189.77,43
1786957693,100,8758,193.58,43
1786957695,100,8758,195.23,43
1786957696,100,8758,193.39,43
1786957697,100,8758,193.04,43
1786957698,100,8758,191.45,43
1786957699,100,8758,189.00,43
1786957700,100,8758,188.57,42
1786957701,100,8758,184.69,42
1786957702,100,8758,183.10,42
1786957703,99,8758,185.05,42
1786957705,100,8758,184.57,42
1786957706,100,8758,182.86,42
1786957707,100,8758,181.69,42
1786957708,100,8758,182.85,42
1786957709,100,8758,180.92,42
1786957710,100,8758,183.21,42
1786957711,100,8758,184.69,42
1786957712,100,8758,184.44,42
1786957713,100,8758,180.27,42
1786957714,100,8758,178.41,42
1786957716,100,8758,176.52,42
1786957717,100,8758,176.93,42
1786957718,100,8758,179.21,42
1786957719,99,8758,175.97,42
1786957720,100,8758,177.88,42
1786957721,99,8758,176.55,42
1786957722,99,8758,178.98,42
1786957723,99,8758,183.00,42
1786957724,100,8758,181.87,42
1786957725,100,8758,180.85,41
1786957726,100,8758,177.07,41
1786957728,100,8758,177.17,41
1786957729,100,8758,175.63,41
1786957730,100,8758,178.25,41
1786957731,100,8758,183.19,42
1786957732,100,8758,181.90,41
1786957733,100,8758,179.36,41
1786957734,100,8758,179.98,41
1786957735,100,8758,176.20,41
1786957736,100,8758,173.49,41
1786957737,100,8758,172.05,41
1786957738,100,8758,173.42,41
1786957740,100,8758,170.27,41
1786957741,100,8758,171.47,41
1786957742,100,8758,182.82,41
1786957743,100,8758,180.27,41
1786957744,100,8758,177.87,41
1786957745,100,8758,178.43,41
1786957746,100,8758,175.26,41
1786957747,100,8758,172.75,41
1786957748,100,8758,168.36,41
1786957749,100,8758,170.33,41
1786957751,100,8758,174.66,41
1786957752,100,8758,181.22,41
1786957753,100,8758,180.40,41
1786957754,100,8758,184.56,41
1786957755,100,8758,185.10,41
1786957756,100,8758,183.35,41
1786957757,100,8758,181.59,41
1786957758,100,8758,181.84,41
1786957759,100,8758,179.14,41
1786957760,100,8758,181.43,41
1786957761,100,8758,181.07,41
1786957763,100,8758,180.41,41
1786957764,100,8758,180.24,41
1786957765,100,8758,180.80,41
1786957766,100,8758,178.70,41
1786957767,100,8758,177.96,41
1786957768,100,8758,175.75,41
1786957769,100,8758,174.53,41
1786957770,100,8758,170.09,41
1786957771,100,8758,168.76,41
1786957772,100,8758,168.64,41
1786957773,100,8758,170.03,41
1786957775,100,8758,168.45,41
1786957776,100,8758,169.64,40
1786957777,100,8758,167.32,40
1786957778,100,8758,166.74,40
1786957779,100,8758,166.50,40
1786957780,100,8758,166.03,40
1786957781,100,8758,168.53,40
1786957782,100,8758,167.38,40
1786957783,100,8758,167.66,40
1786957784,100,8758,165.41,40
1786957786,100,8758,166.95,40
1786957787,100,8758,165.83,40
1786957788,100,8758,165.94,40
1786957789,100,8758,164.08,40
1786957790,100,8758,166.87,40
1786957791,100,8758,165.86,40
1786957792,100,8758,165.94,40
1786957793,100,8758,166.30,40
1786957794,100,8758,166.03,40
1786957796,100,8758,165.66,40
1786957797,100,8758,165.96,40
1786957798,100,8758,166.46,40
1786957799,100,8758,163.73,40
1786957800,100,8758,162.76,40
1786957801,100,8758,163.44,40
1786957802,100,8758,163.95,40
1786957803,100,8758,163.45,40
1786957804,100,8758,163.55,40
1786957805,100,8758,161.06,40
1786957807,100,8758,161.34,40
1786957808,100,8758,161.14,40
1786957809,100,8758,165.26,40
1786957810,100,8758,165.36,40
1786957811,100,8758,162.13,40
1786957812,100,8758,161.00,40
1786957813,100,8758,160.29,40
1786957814,100,8758,161.67,40
1786957815,100,8758,160.31,40
1786957816,99,8758,156.11,39
1786957818,99,8758,153.29,39
1786957819,99,8758,152.56,39
1786957820,99,8758,153.44,39
1786957821,99,8758,153.95,39
1786957822,96,8758,155.11,39
1786957823,48,8758,143.63,39
1786957824,48,8758,136.81,39
1786957825,48,8758,136.52,39
1786957826,48,8758,136.15,39
1786957827,48,8758,136.35,39
1786957829,48,8758,136.23,38
1786957830,49,8758,136.88,38
1786957831,48,8758,136.17,38
1786957832,48,8758,136.05,38
1786957833,48,8758,136.11,38
1786957834,48,8758,135.89,38
1786957835,48,8758,136.31,38
1786957836,49,8758,136.07,38
1786957837,48,8758,136.10,38
1786957838,48,8758,136.29,38
1786957839,49,8758,135.90,38
1786957841,48,8758,136.62,38
1786957842,48,8758,136.32,38
1786957843,48,8758,136.24,38
1786957844,49,8758,136.32,38
1786957845,49,8758,136.38,38
1786957846,49,8758,136.43,38
1786957847,48,8758,136.24,38
1786957848,48,8758,135.94,38
1786957849,48,8758,135.92,38
1786957850,47,8758,135.68,38
1786957851,47,8758,136.10,38
1786957853,48,8758,135.67,38
1786957854,48,8758,135.93,38
1786957855,47,8758,135.94,38
1786957856,47,8758,135.61,38
1786957857,47,8758,135.64,38
1786957858,48,8758,136.09,38
1786957859,48,8758,136.17,38
1786957860,48,8758,135.72,38
1786957861,48,8758,135.78,38
1786957862,38,8758,134.53,38
1786957863,48,8758,136.29,38
1786957865,48,8758,135.50,38
1786957866,48,8758,135.71,38
1786957867,48,8758,135.78,37
1786957868,48,8758,135.47,37
1786957869,47,8758,136.02,37
1786957870,47,8758,135.71,37
1786957871,47,8758,135.38,37
1786957872,48,8758,135.58,37
1786957873,49,8758,135.98,37
1786957874,48,8758,135.84,37
1786957876,48,8758,135.91,37
1786957877,48,8758,135.80,37
1786957878,49,8758,135.55,37
1786957879,48,8758,135.89,37
1786957880,48,8758,135.77,37
1786957881,48,8758,135.47,37
1786957882,48,8758,135.95,37
1786957883,49,8758,136.12,37
1786957884,0,8758,124.08,37
1786957885,0,8758,115.75,37
1786957886,0,8758,115.75,37
1786957889,0,8758,115.36,37
1786957892,0,8758,115.48,37
1786957893,0,8758,115.67,36
1786957894,0,8758,115.32,36
1786957895,0,8758,115.41,36
1786957896,0,8758,115.56,36
1786957897,0,8758,115.49,36
1786957899,0,8758,115.42,36
1786957900,0,8758,115.60,36
1786957901,0,8758,115.37,36
1786957902,0,8758,115.43,36
1786957903,0,8758,115.40,36
1786957904,0,8758,115.38,36
1786957906,0,8758,115.32,36
1786957907,0,8758,115.31,36
1786957908,0,8758,115.61,36
1786957909,0,8758,115.28,36
1786957910,0,8758,115.40,36
1786957911,0,8758,115.35,36
1786957912,0,8758,115.26,36
1786957913,0,8758,115.19,36
1786957914,0,8758,115.39,36
1786957915,0,8758,115.29,36
1786957916,0,8758,115.05,36
1786957918,0,8758,115.25,36
1786957919,0,8758,115.38,36
1786957920,0,8758,115.03,36
1786957921,0,8758,115.18,36
1786957922,0,8758,115.37,36
1786957923,0,8758,115.12,36
1786957924,0,8758,115.07,36
1786957925,0,8758,115.11,36
1786957926,0,8758,115.27,36
1786957927,0,8758,114.99,36
1786957928,0,8758,115.06,36
1786957930,0,8758,115.27,36
1786957931,0,8758,115.01,36
1786957932,0,8758,114.91,36
1786957933,0,8758,115.03,36
1786957934,0,8758,115.18,36
1786957935,0,8758,115.10,36
1786957936,0,8758,114.91,36
1786957937,0,8758,115.05,36
1786957938,0,8758,115.14,36
1786957939,0,8758,114.96,36
1786957940,0,8758,115.06,36
1786957942,0,8758,115.05,36
1786957943,0,8758,115.20,36
1786957944,0,8758,114.89,36
1786957945,0,8758,115.11,35
1786957946,0,8758,115.21,35
1786957947,0,8758,115.01,35
1786957948,0,8758,115.04,35
1786957949,0,8758,114.97,35
1786957950,0,8758,115.09,35
1786957951,0,8758,115.02,35
1786957952,0,8758,114.87,35
1786957954,0,8758,114.95,35
1786957955,0,8758,115.13,35
1786957956,0,8758,115.00,35
1786957957,0,8758,114.89,35
1786957958,0,8758,114.85,35
1786957959,0,8758,115.04,35
1786957960,0,8758,115.03,35
1786957961,0,8758,114.91,35
1786957962,0,8758,114.97,35
1786957963,0,8758,114.89,35
1786957964,0,8758,115.13,35
1786957965,0,8758,114.81,35
1786957967,99,8758,240.47,39
1786957968,99,8758,278.16,39
1786957969,99,8758,277.31,40
1786957970,99,8758,276.71,40
1786957971,99,8758,274.11,40
1786957972,99,8758,273.34,41
1786957973,99,8758,279.20,41
1786957974,98,8758,272.66,41
1786957975,99,8758,280.81,41
1786957977,99,8758,272.78,41
1786957978,99,8758,276.97,42
1786957979,99,8758,271.65,42
1786957980,98,8758,276.27,42
1786957981,98,8758,276.43,42
1786957982,99,8758,274.33,42
1786957983,99,8758,277.38,42
1786957984,99,8758,274.52,43
1786957985,99,8758,277.44,42
1786957986,99,8758,275.36,43
1786957987,99,8758,273.10,43
1786957989,99,8758,277.12,43
1786957990,99,8758,273.55,43
1786957991,99,8758,279.20,43
1786957992,98,8758,278.99,43
1786957993,98,8758,277.33,44
1786957994,99,8758,275.09,44
1786957995,99,8758,278.90,44
1786957996,99,8758,278.87,44
1786957997,99,8758,278.12,44
1786957998,98,8758,273.52,44
1786957999,99,8758,275.96,44
1786958001,99,8758,275.66,44
1786958002,99,8758,276.31,44
1786958003,99,8758,275.59,44
1786958004,99,8758,274.75,44
1786958005,98,8758,278.70,44
1786958006,99,8758,274.72,45
1786958007,99,8758,277.94,44
1786958008,99,8758,282.01,45
1786958009,99,8758,275.39,45
1786958010,98,8758,279.48,45
1786958011,98,8758,279.42,45
1786958013,99,8758,278.57,45
1786958014,99,8758,276.71,45
1786958015,99,8758,276.62,45
1786958016,99,8758,276.88,45
1786958017,98,8758,277.56,45
1786958018,99,8758,279.95,45
1786958019,99,8758,276.90,45
1786958020,99,8758,275.32,45
1786958021,99,8758,276.52,46
1786958022,98,8758,276.99,45
1786958024,98,8758,274.71,45
1786958025,99,8758,278.73,46
1786958026,99,8758,277.08,45
1786958027,99,8758,277.25,46
1786958028,99,8758,278.24,46
1786958029,98,8758,277.43,46
1786958030,99,8758,276.00,46
1786958031,99,8758,278.30,46
1786958032,99,8758,276.23,46
1786958033,99,8758,274.59,46
1786958034,99,8758,277.12,46
1786958036,98,8758,281.67,46
1786958037,99,8758,276.65,46
1786958038,99,8758,278.58,46
1786958039,99,8758,280.11,46
1786958040,98,8758,274.01,46
1786958041,99,8758,276.55,46
1786958043,98,8758,277.28,46
1786958044,99,8758,280.49,46
1786958045,99,8758,280.45,46
1786958046,99,8758,278.83,46
1786958048,98,8758,277.60,47
1786958049,99,8758,275.69,47
1786958050,99,8758,276.84,46
1786958051,99,8758,283.22,47
1786958052,99,8758,276.43,47
1786958053,98,8758,278.37,46
1786958054,99,8758,276.75,47
1786958055,99,8758,278.98,47
1786958056,99,8758,281.59,47
1786958058,99,8758,275.52,47
1786958059,98,8758,279.27,47
1786958060,98,8758,275.43,47
1786958061,99,8758,281.74,47
1786958062,99,8758,278.26,47
1786958063,99,8758,281.66,47
1786958064,99,8758,278.92,47
1786958065,99,8758,276.98,47
1786958066,99,8758,282.57,47
1786958067,99,8758,276.85,47
1786958068,99,8758,280.21,47
1786958070,99,8758,277.47,47
1786958071,98,8758,278.89,47
1786958072,98,8758,278.90,47
1786958073,99,8758,282.78,47
1786958074,99,8758,277.49,47
1786958075,99,8758,278.92,47
1786958076,99,8758,279.98,47
1786958077,98,8758,281.65,47
1786958078,99,8758,277.90,47
1786958079,99,8758,274.69,47
1786958081,99,8758,279.97,47
1786958082,100,8758,230.42,46
1786958083,100,8758,259.98,46
1786958084,100,8758,252.66,47
1786958085,100,8758,256.04,46
1786958086,100,8758,256.83,46
1786958087,100,8758,254.99,46
1786958088,100,8758,256.53,46
1786958089,100,8758,255.08,46
1786958090,100,8758,258.32,46
1786958091,100,8758,259.65,46
1786958093,100,8758,254.29,46
1786958094,100,8758,254.38,46
1786958095,100,8758,254.95,46
1786958096,100,8758,253.73,46
1786958097,100,8758,257.67,46
1786958098,100,8758,254.37,46
1786958099,100,8758,254.54,46
1786958100,100,8758,253.29,46
1786958101,100,8758,259.61,46
1786958102,100,8758,253.74,46
1786958103,100,8758,256.10,46
1786958105,100,8758,254.59,46
1786958106,100,8758,256.93,46
1786958107,100,8758,255.93,46
1786958108,100,8758,256.86,46
1786958109,100,8758,263.08,46
1786958110,100,8758,254.46,46
1786958111,100,8758,253.07,46
1786958112,100,8758,255.15,46
1786958113,98,8758,251.86,46
1786958115,100,8758,250.01,45
1786958116,100,8758,255.19,46
1786958117,100,8758,255.69,46
1786958118,100,8758,258.35,46
1786958119,100,8758,253.27,46
1786958120,100,8758,258.63,46
1786958121,100,8758,256.94,46
1786958122,100,8758,250.54,46
1786958123,100,8758,256.27,46
1786958124,100,8758,255.52,46
1786958126,100,8758,260.78,46
1786958127,100,8758,255.46,46
1786958128,96,8758,255.26,46
1786958129,100,8758,260.66,46
1786958130,96,8758,253.45,46
1786958131,95,8758,254.14,46
1786958132,100,8758,258.59,46
1786958133,91,8758,253.11,46
1786958134,95,8758,257.06,46
1786958135,100,8758,253.68,46
1786958137,100,8758,259.47,46
1786958138,100,8758,258.50,46
1786958139,97,8758,256.97,46
1786958140,97,8758,251.35,46
1786958141,96,8758,249.32,46
1786958142,96,8758,251.62,46
1786958143,96,8758,249.19,46
1786958144,95,8758,250.04,46
1786958145,95,8758,249.87,46
1786958146,96,8758,251.62,46
1786958148,96,8758,247.81,46
1786958149,94,8758,251.45,46
1786958150,100,8758,250.47,46
1786958151,100,8758,254.60,46
1786958152,100,8758,259.43,46
1786958153,97,8758,253.60,46
1786958154,98,8758,255.52,46
1786958155,99,8758,259.27,46
1786958156,98,8758,255.43,46
1786958157,100,8758,258.57,46
1786958159,100,8758,260.65,46
1786958160,100,8758,255.36,46
1786958161,100,8758,256.67,46
1786958162,100,8758,256.38,46
1786958163,100,8758,262.05,46
1786958164,100,8758,264.88,46
1786958165,100,8758,254.24,46
1786958166,98,8758,251.63,46
1786958167,98,8758,252.02,46
1786958168,96,8758,256.12,46
1786958170,97,8758,254.31,46
1786958171,96,8758,252.33,46
1786958172,98,8758,257.71,46
1786958173,98,8758,254.12,46
1786958174,100,8758,257.65,46
1786958175,100,8758,253.55,46
1786958176,100,8758,256.54,46
1786958177,100,8758,257.11,46
1786958178,100,8758,255.02,46
1786958180,100,8758,260.44,46
1786958181,100,8758,255.47,46
1786958182,98,8758,256.29,46
1786958183,100,8758,261.36,46
1786958184,100,8758,253.27,46
1786958185,100,8758,250.69,46
1786958186,100,8758,255.43,46
1786958187,100,8758,255.16,46
1786958188,100,8758,261.44,46
1786958189,100,8758,259.46,46
1786958191,100,8758,259.26,46
1786958192,100,8758,260.79,46
1786958193,97,8758,251.12,46
1786958194,100,8758,260.66,46
1786958195,100,8758,260.27,46
1786958196,100,8758,258.05,46
1786958197,100,8758,257.78,46
1786958198,100,8758,251.49,46
1786958199,98,8758,255.40,46
1786958200,100,8758,257.92,46
1786958202,100,8758,251.16,46
1786958203,100,8758,257.71,46
1786958204,100,8758,259.67,46
1786958205,98,8758,254.67,46
1786958206,100,8758,253.33,46
1786958207,100,8758,258.86,46
1786958208,100,8758,260.54,46
1786958209,100,8758,253.49,46
1786958210,100,8758,258.95,46
1786958211,95,8758,251.77,46
1786958213,98,8758,253.74,46
1786958214,100,8758,258.80,46
1786958215,100,8758,260.46,46
1786958216,100,8758,254.34,46
1786958217,96,8758,258.75,46
1786958218,97,8758,256.04,46
1786958219,100,8758,255.04,46
1786958220,100,8758,263.14,46
1786958221,100,8758,254.49,46
1786958222,96,8758,254.46,46
1786958223,97,8758,255.26,46
1786958225,99,8758,254.32,46
1786958226,100,8758,256.58,46
1786958227,100,8758,257.82,46
1786958228,95,8758,255.30,46
1786958229,95,8758,249.22,46
1786958230,98,8758,251.52,46
1786958231,91,8758,251.04,46
1786958232,100,8758,259.76,46
1786958233,100,8758,257.70,46
1786958234,100,8758,256.99,46
1786958236,100,8758,257.99,46
1786958237,100,8758,256.17,46
1786958238,100,8758,254.14,46
1786958239,100,8758,256.78,46
1786958240,100,8758,258.33,46
1786958241,98,8758,255.08,46
1786958242,100,8758,256.92,46
1786958243,100,8758,254.84,46
1786958244,100,8758,250.63,46
1786958246,100,8758,259.56,46
1786958247,100,8758,255.53,46
1786958248,100,8758,257.31,46
1786958249,100,8758,259.98,46
1786958250,99,8758,248.34,46
1786958251,96,8758,257.05,46
1786958252,96,8758,255.63,46
1786958253,93,8758,256.20,46
1786958254,100,8758,260.54,46
1786958255,99,8758,256.37,46
1786958257,99,8758,260.72,46
1786958258,100,8758,254.44,46
1786958259,100,8758,258.18,46
1786958260,100,8758,253.88,46
1786958261,100,8758,256.78,46
1786958262,100,8758,261.67,46
1786958263,100,8758,256.21,46
1786958264,100,8758,254.14,46
1786958265,100,8758,251.54,46
1786958266,100,8758,258.23,46
1786958268,100,8758,255.92,46
1786958269,100,8758,257.96,46
1786958270,98,8758,253.79,46
1786958271,100,8758,261.25,46
1786958272,100,8758,255.63,46
1786958273,100,8758,254.48,46
1786958274,100,8758,260.46,46
1786958275,100,8758,259.30,46
1786958276,100,8758,257.64,46
1786958277,100,8758,258.40,46
1786958279,100,8758,254.30,46
1786958280,100,8758,263.52,46
1786958281,100,8758,256.43,46
1786958282,95,8758,256.03,46
1786958283,100,8758,256.34,46
1786958284,100,8758,251.09,46
1786958285,100,8758,255.50,46
1786958286,100,8758,257.45,46
1786958287,98,8758,253.20,46
1786958288,99,8758,256.81,46
1786958290,98,8758,251.78,46
1786958291,97,8758,254.51,46
1786958292,99,8758,253.97,46
1786958293,98,8758,251.82,46
1786958294,99,8758,251.99,46
1786958295,97,8758,248.10,46
1786958296,97,8758,244.94,46
1786958297,100,8758,243.10,46
1786958298,100,8758,243.29,46
1786958299,96,8758,230.16,46
1786958300,91,8758,224.36,46
1786958302,98,8758,223.83,46
1786958303,100,8758,226.90,46
1786958304,97,8758,229.57,46
1786958305,100,8758,231.31,46
1786958306,100,8758,230.57,46
1786958307,100,8758,225.45,46
1786958308,96,8758,225.58,45
1786958309,92,8758,217.20,45
1786958310,99,8758,223.78,45
1786958311,92,8758,216.65,45
1786958313,88,8758,215.27,45
1786958314,92,8758,205.26,45
1786958315,100,8758,221.46,45
1786958316,96,8758,221.73,45
1786958317,100,8758,219.61,45
1786958318,100,8758,216.59,45
1786958319,100,8758,219.81,45
1786958320,100,8758,220.88,45
1786958321,99,8758,218.57,45
1786958322,95,8758,217.67,45
1786958323,89,8758,215.85,45
1786958325,89,8758,220.57,45
1786958326,96,8758,217.38,45
1786958327,93,8758,210.64,45
1786958328,92,8758,215.57,45
1786958329,90,8758,218.29,44
1786958330,90,8758,210.22,45
1786958331,93,8758,212.68,44
1786958332,93,8758,219.79,44
1786958333,89,8758,220.31,44
1786958334,95,8758,212.35,44
1786958336,97,8758,211.42,44
1786958337,96,8758,216.37,45
1786958338,100,8758,221.74,45
1786958339,92,8758,219.36,44
1786958340,100,8758,221.10,44
1786958341,95,8758,217.17,44
1786958342,94,8758,216.78,44
1786958343,100,8758,217.34,44
1786958344,99,8758,222.33,44
1786958346,100,8758,220.02,44
1786958347,100,8758,219.14,44
1786958348,98,8758,219.72,44
1786958349,98,8758,218.56,44
1786958350,99,8758,213.93,44
1786958351,99,8758,216.99,44
1786958352,98,8758,215.74,44
1786958353,99,8758,213.34,44
1786958354,98,8758,211.32,44
1786958355,96,8758,213.46,44
1786958356,100,8758,212.60,44
1786958358,94,8758,208.75,44
1786958359,99,8758,208.95,44
1786958360,100,8758,210.80,44
1786958361,100,8758,206.02,44
1786958362,99,8758,203.64,44
1786958363,100,8758,203.49,44
1786958364,100,8758,206.66,44
1786958365,100,8758,207.50,44
1786958366,100,8758,207.70,44
1786958367,99,8758,207.23,44
1786958369,96,8758,208.04,44
1786958370,100,8758,209.06,44
1786958371,100,8758,208.04,44
1786958372,100,8758,207.61,44
1786958373,100,8758,208.01,44
1786958374,99,8758,208.38,44
1786958375,100,8758,210.06,44
1786958376,100,8758,210.49,44
1786958377,100,8758,209.49,44
1786958378,100,8758,208.58,44
1786958379,100,8758,207.91,44
1786958381,100,8758,205.84,43
1786958382,100,8758,202.92,43
1786958383,100,8758,203.36,43
1786958384,100,8758,204.81,43
1786958385,100,8758,205.93,43
1786958386,100,8758,203.57,43
1786958387,100,8758,202.07,43
1786958388,100,8758,201.63,43
1786958389,100,8758,199.82,43
1786958390,100,8758,201.38,43
1786958391,100,8758,202.04,43
1786958393,100,8758,200.35,43
1786958394,100,8758,201.17,43
1786958395,100,8758,201.49,43
1786958396,100,8758,199.38,43
1786958397,100,8758,198.23,43
1786958398,100,8758,195.27,43
1786958399,100,8758,192.53,43
1786958400,100,8758,192.32,43
1786958401,100,8758,191.08,43
1786958402,100,8758,194.83,43
1786958404,100,8758,194.71,43
1786958405,100,8758,194.16,43
1786958406,100,8758,194.13,43
1786958407,99,8758,186.18,42
1786958408,100,8758,183.57,42
1786958409,100,8758,184.50,42
1786958410,100,8758,185.68,42
1786958411,100,8758,184.21,42
1786958412,100,8758,183.36,42
1786958413,100,8758,184.98,42
1786958415,100,8758,188.39,42
1786958416,100,8758,184.40,42
1786958417,100,8758,186.40,42
1786958418,100,8758,186.39,42
1786958419,100,8758,189.82,42
1786958420,100,8758,184.89,42
1786958421,100,8758,184.33,42
1786958422,99,8758,184.26,42
1786958423,100,8758,183.42,42
1786958424,100,8758,181.66,42
1786958426,100,8758,180.95,42
1786958427,100,8758,179.90,42
1786958428,100,8758,178.43,42
1786958429,100,8758,179.77,42
1786958430,100,8758,179.97,42
1786958431,100,8758,178.93,42
1786958432,100,8758,178.43,41
1786958433,100,8758,176.50,41
1786958434,100,8758,174.03,41
1786958435,100,8758,173.39,41
1786958437,100,8758,178.16,41
1786958438,100,8758,178.63,41
1786958439,100,8758,177.41,41
1786958440,100,8758,175.57,41
1786958441,100,8758,177.39,41
1786958442,100,8758,176.98,41
1786958443,100,8758,182.10,41
1786958444,100,8758,179.70,41
1786958445,100,8758,177.51,41
1786958446,100,8758,175.70,41
1786958448,100,8758,175.37,41
1786958449,100,8758,174.50,41
1786958450,100,8758,173.34,41
1786958451,100,8758,173.02,41
1786958452,100,8758,173.12,41
1786958453,100,8758,173.62,41
1786958454,100,8758,173.60,41
1786958455,100,8758,173.12,41
1786958456,100,8758,171.59,41
1786958457,100,8758,170.29,41
1786958459,100,8758,171.30,41
1786958460,100,8758,175.15,41
1786958461,100,8758,174.66,41
1786958462,100,8758,174.45,41
1786958463,100,8758,174.65,41
1786958464,100,8758,178.09,41
1786958465,100,8758,174.87,41
1786958466,99,8758,176.43,41
1786958467,100,8758,174.47,41
1786958468,100,8758,169.06,41
1786958469,99,8758,172.92,41
1786958471,100,8758,179.69,41
1786958472,100,8758,179.20,41
1786958473,100,8758,181.72,41
1786958474,100,8758,181.56,41
1786958475,100,8758,180.24,41
1786958476,100,8758,181.62,41
1786958477,100,8758,179.66,41
1786958478,100,8758,180.88,41
1786958479,100,8758,181.15,41
1786958480,100,8758,177.18,41
1786958481,100,8758,174.96,41
1786958483,100,8758,173.31,41
1786958484,100,8758,178.64,41
1786958485,100,8758,177.24,41
1786958486,100,8758,176.13,41
1786958487,100,8758,177.75,41
1786958488,100,8758,178.60,41
1786958489,100,8758,178.45,41
1786958490,100,8758,177.72,41
1786958491,100,8758,175.34,41
1786958492,100,8758,181.07,41
1786958494,100,8758,177.11,41
1786958495,100,8758,177.37,41
1786958496,100,8758,176.26,41
1786958497,100,8758,176.52,41
1786958498,100,8758,177.95,41
1786958499,100,8758,178.24,41
1786958500,100,8758,181.19,41
1786958501,100,8758,176.34,41
1786958502,100,8758,182.54,41
1786958503,100,8758,181.56,41
1786958505,100,8758,183.69,41
1786958506,100,8758,184.72,41
1786958507,100,8758,184.87,41
1786958508,100,8758,185.68,41
1786958509,100,8758,185.20,41
1786958510,100,8758,183.86,41
1786958511,100,8758,183.32,41
1786958512,100,8758,183.80,41
1786958513,100,8758,181.84,41
1786958514,100,8758,181.37,41
1786958516,100,8758,183.11,41
1786958517,100,8758,184.93,41
1786958518,100,8758,184.05,41
1786958519,100,8758,183.78,41
1786958520,100,8758,184.41,41
1786958521,100,8758,182.85,41
1786958522,100,8758,181.93,41
1786958523,100,8758,182.05,41
1786958524,100,8758,181.06,41
1786958526,100,8758,180.24,41
1786958527,100,8758,177.60,41
1786958528,100,8758,178.37,41
1786958529,100,8758,178.09,41
1786958530,100,8758,177.94,41
1786958531,100,8758,177.06,41
1786958532,100,8758,174.45,40
1786958533,100,8758,173.63,40
1786958534,100,8758,171.51,40
1786958535,100,8758,174.01,40
1786958536,100,8758,173.33,40
1786958538,100,8758,172.02,40
1786958539,100,8758,169.72,40
1786958540,100,8758,171.22,40
1786958541,100,8758,172.02,40
1786958542,100,8758,171.02,40
1786958543,100,8758,171.12,40
1786958544,100,8758,169.51,40
1786958545,100,8758,169.73,40
1786958546,100,8758,169.66,40
1786958547,100,8758,169.20,40
1786958549,99,8758,172.94,40
1786958550,100,8758,171.58,40
1786958551,98,8758,171.20,40
1786958552,100,8758,173.97,40
1786958553,99,8758,173.54,40
1786958554,100,8758,171.57,40
1786958555,100,8758,172.95,40
1786958556,100,8758,172.64,40
1786958557,98,8758,170.38,40
1786958558,98,8758,167.40,40
1786958559,55,8758,157.36,40
1786958561,57,8758,155.62,40
1786958562,59,8758,156.50,40
1786958563,59,8758,157.08,40
1786958564,58,8758,153.66,39
1786958565,57,8758,155.34,39
1786958566,58,8758,156.66,39
1786958567,58,8758,157.38,39
1786958568,57,8758,155.48,39
1786958569,56,8758,151.06,39
1786958570,58,8758,155.01,39
1786958571,59,8758,157.17,39
1786958572,58,8758,156.13,39
1786958574,58,8758,156.44,39
1786958575,59,8758,157.30,39
1786958576,56,8758,157.15,39
1786958577,59,8758,156.90,39
1786958578,59,8758,156.74,39
1786958579,54,8758,154.30,39
1786958580,51,8758,147.38,39
1786958581,53,8758,146.60,39
1786958582,52,8758,146.32,39
1786958583,53,8758,148.42,39
1786958584,52,8758,145.65,39
1786958586,53,8758,146.74,39
1786958587,52,8758,145.08,39
1786958588,52,8758,142.48,39
1786958589,53,8758,147.35,39
1786958590,52,8758,145.33,39
1786958591,52,8758,144.63,38
1786958592,53,8758,144.54,38
1786958593,54,8758,144.64,38
1786958594,53,8758,145.68,38
1786958595,53,8758,145.62,38
1786958596,45,8758,139.09,38
1786958598,0,8758,123.85,38
1786958599,0,8758,116.10,38
1786958600,0,8758,116.60,37
1786958601,0,8758,116.29,37
1786958602,0,8758,116.34,37
1786958603,0,8758,116.41,37
1786958604,0,8758,116.12,37
1786958605,0,8758,116.28,37
1786958606,0,8758,116.34,37
1786958607,0,8758,116.04,37
1786958608,0,8758,116.31,37
1786958610,0,8758,116.21,38
1786958611,99,8758,278.93,40
1786958612,99,8758,275.17,41
1786958613,99,8758,278.37,42
1786958614,99,8758,276.61,42
1786958615,98,8758,273.08,42
1786958616,99,8758,276.31,42
1786958617,99,8758,272.10,43
1786958618,99,8758,277.22,43
1786958619,99,8758,276.04,43
1786958620,98,8758,278.48,43
1786958622,98,8758,272.02,43
1786958623,99,8758,276.72,43
1786958624,99,8758,274.59,43
1786958625,99,8758,275.24,44
1786958626,99,8758,277.48,44
1786958627,98,8758,274.23,44
1786958628,99,8758,277.65,44
1786958629,99,8758,275.12,44
1786958630,99,8758,276.67,44
1786958631,99,8758,277.15,44
1786958632,98,8758,276.08,44
1786958634,98,8758,274.93,44
1786958635,99,8758,274.88,44
1786958636,99,8758,276.96,44
1786958637,99,8758,277.05,44
1786958638,99,8758,280.75,45
1786958639,98,8758,273.90,45
1786958640,99,8758,274.91,45
1786958641,99,8758,279.68,45
1786958642,99,8758,276.64,45
1786958643,99,8758,278.52,45
1786958644,99,8758,276.88,45
1786958646,99,8758,276.20,45
1786958647,99,8758,278.53,45
1786958648,99,8758,276.07,45
1786958649,99,8758,278.12,45
1786958650,98,8758,277.82,45
1786958651,98,8758,277.91,46
1786958652,99,8758,275.40,45
1786958653,99,8758,278.46,45
1786958654,99,8758,277.59,46
1786958655,99,8758,276.98,46
1786958657,98,8758,274.71,46
1786958658,98,8758,277.86,46
1786958659,99,8758,277.30,46
1786958660,99,8758,278.22,46
1786958661,99,8758,276.02,46
1786958662,99,8758,279.11,46
1786958663,99,8758,276.85,46
1786958664,99,8758,277.75,46
1786958665,99,8758,278.79,46
1786958666,99,8758,280.03,46
1786958668,99,8758,278.73,46
1786958669,99,8758,279.83,46
1786958670,98,8758,276.62,46
1786958671,99,8758,282.39,46
1786958672,99,8758,276.92,46
1786958673,99,8758,278.80,46
1786958674,99,8758,279.37,46
1786958675,98,8758,278.12,46
1786958676,98,8758,279.31,47
1786958677,99,8758,276.03,46
1786958678,99,8758,278.52,46
1786958680,99,8758,278.01,47
1786958681,99,8758,277.64,46
1786958682,99,8758,281.87,47
1786958683,98,8758,279.94,47
1786958684,99,8758,276.16,47
1786958685,99,8758,280.12,47
1786958686,99,8758,278.33,47
1786958687,99,8758,278.03,47
1786958688,99,8758,280.95,47
1786958689,98,8758,277.89,47
1786958690,99,8758,279.51,47
1786958692,99,8758,277.42,47
1786958693,99,8758,274.78,47
1786958694,99,8758,277.77,47
1786958695,99,8758,279.37,47
1786958696,98,8758,281.00,47
1786958697,99,8758,276.24,47
1786958698,99,8758,279.78,47
1786958699,99,8758,278.96,47
1786958700,99,8758,274.91,47
1786958701,99,8758,276.92,47
1786958702,98,8758,279.29,47
1786958704,98,8758,279.48,47
1786958705,99,8758,279.38,47
1786958706,99,8758,278.71,47
1786958707,99,8758,276.54,47
1786958708,99,8758,284.44,47
1786958709,98,8758,281.23,47
1786958710,99,8758,278.95,47
1786958711,99,8758,281.82,47
1786958712,99,8758,276.71,47
1786958713,99,8758,277.63,47
1786958714,99,8758,279.75,47
1786958716,98,8758,276.91,47
1786958717,99,8758,277.33,47
1786958718,99,8758,278.89,47
1786958719,99,8758,280.56,47
1786958720,99,8758,278.29,47
1786958721,98,8758,279.08,47
1786958722,99,8758,280.02,47
1786958723,99,8758,278.86,47
1786958724,99,8758,277.96,47
1786958725,100,8758,244.54,47
1786958727,100,8758,257.35,47
1786958728,100,8758,256.67,47
1786958729,100,8758,258.72,47
1786958730,98,8758,253.82,47
1786958731,99,8758,253.94,47
1786958732,100,8758,256.26,47
1786958733,100,8758,257.54,47
1786958734,100,8758,266.40,47
1786958735,100,8758,258.63,47
1786958736,100,8758,252.84,47
1786958738,100,8758,257.34,47
1786958739,100,8758,254.77,47
1786958740,100,8758,260.28,47
1786958741,100,8758,260.45,47
1786958742,100,8758,257.34,47
1786958743,100,8758,254.39,46
1786958744,99,8758,253.65,46
1786958745,100,8758,262.97,46
1786958746,100,8758,254.13,46
1786958747,100,8758,253.60,46
1786958748,100,8758,250.92,46
1786958750,100,8758,260.76,46
1786958751,100,8758,254.99,46
1786958752,100,8758,256.42,46
1786958753,100,8758,254.52,46
1786958754,100,8758,254.08,46
1786958755,100,8758,255.73,46
1786958756,99,8758,254.17,46
1786958757,99,8758,258.63,46
1786958758,98,8758,248.94,46
1786958759,100,8758,250.48,46
1786958761,97,8758,254.93,46
1786958762,100,8758,255.65,46
1786958763,98,8758,253.38,46
1786958764,100,8758,251.00,46
1786958765,100,8758,253.98,46
1786958766,100,8758,254.96,46
1786958767,100,8758,258.78,46
1786958768,100,8758,258.30,46
1786958770,100,8758,253.36,46
1786958771,100,8758,257.34,46
1786958772,100,8758,253.13,46
1786958773,99,8758,253.49,46
1786958774,100,8758,257.33,46
1786958775,100,8758,256.03,46
1786958776,100,8758,255.35,46
1786958777,100,8758,255.16,46
1786958778,100,8758,258.05,46
1786958779,100,8758,254.63,46
1786958781,95,8758,257.32,46
1786958782,100,8758,256.26,46
1786958783,100,8758,259.16,46
1786958784,100,8758,260.49,46
1786958785,99,8758,258.67,46
1786958786,100,8758,257.71,46
1786958787,100,8758,256.21,46
1786958788,100,8758,255.84,46
1786958789,100,8758,257.70,46
1786958790,100,8758,259.21,46
1786958792,100,8758,254.59,46
1786958793,88,8758,234.45,46
1786958794,100,8758,256.27,46
1786958795,100,8758,259.91,46
1786958796,100,8758,259.10,46
1786958797,100,8758,256.88,46
1786958798,100,8758,266.88,46
1786958799,100,8758,259.92,46
1786958800,100,8758,253.03,46
1786958801,100,8758,257.60,46
1786958802,100,8758,258.96,46
1786958804,100,8758,256.96,46
1786958805,100,8758,256.79,46
1786958806,100,8758,262.15,46
1786958807,100,8758,262.73,46
1786958808,100,8758,259.84,46
1786958809,100,8758,254.79,46
1786958810,100,8758,254.22,46
1786958811,100,8758,259.46,46
1786958812,99,8758,259.26,46
1786958813,100,8758,258.93,46
1786958815,100,8758,258.54,46
1786958816,95,8758,254.57,46
1786958817,96,8758,248.15,46
1786958818,99,8758,256.70,46
1786958819,100,8758,253.97,46
1786958820,100,8758,258.17,46
1786958821,100,8758,259.55,46
1786958822,100,8758,254.75,46
1786958823,100,8758,256.09,46
1786958824,100,8758,253.28,46
1786958826,100,8758,257.15,46
1786958827,100,8758,248.76,46
1786958828,99,8758,262.43,46
1786958829,100,8758,257.90,46
1786958830,94,8758,267.38,46
1786958831,94,8758,254.10,46
1786958832,100,8758,254.87,46
1786958833,100,8758,254.57,46
1786958834,100,8758,257.24,46
1786958835,100,8758,257.75,46
1786958837,100,8758,257.71,46
1786958838,100,8758,261.22,46
1786958839,100,8758,256.58,46
1786958840,100,8758,256.51,46
1786958841,100,8758,259.23,46
1786958842,100,8758,256.21,46
1786958843,100,8758,260.90,46
1786958844,100,8758,258.49,46
1786958845,100,8758,267.34,46
1786958846,100,8758,251.29,46
1786958848,100,8758,252.97,46
1786958849,100,8758,257.48,46
1786958850,100,8758,256.60,46
1786958851,100,8758,256.29,46
1786958852,100,8758,258.14,46
1786958853,100,8758,264.10,46
1786958854,87,8758,252.97,46
1786958855,94,8758,243.38,46
1786958856,94,8758,252.14,46
1786958857,94,8758,246.73,46
1786958859,93,8758,245.15,46
1786958860,94,8758,244.66,46
1786958861,100,8758,249.77,46
1786958862,100,8758,254.35,46
1786958863,100,8758,255.88,46
1786958864,100,8758,260.64,46
1786958865,100,8758,257.49,46
1786958866,100,8758,260.90,46
1786958867,97,8758,252.41,46
1786958868,98,8758,256.05,46
1786958870,97,8758,253.39,46
1786958871,95,8758,251.38,46
1786958872,94,8758,250.34,46
1786958873,99,8758,253.73,46
1786958874,100,8758,259.53,46
1786958875,100,8758,252.16,46
1786958876,100,8758,259.19,46
1786958877,100,8758,259.00,46
1786958878,100,8758,255.63,46
1786958879,100,8758,256.48,46
1786958881,100,8758,257.71,46
1786958882,100,8758,257.56,46
1786958883,93,8758,253.41,46
1786958884,93,8758,244.12,46
1786958885,100,8758,253.88,46
1786958886,100,8758,258.21,46
1786958887,100,8758,260.65,46
1786958888,98,8758,258.12,46
1786958889,93,8758,248.27,46
1786958890,100,8758,252.59,46
1786958891,100,8758,256.80,46
1786958893,99,8758,254.82,46
1786958894,100,8758,259.09,46
1786958895,100,8758,252.62,46
1786958896,99,8758,259.98,46
1786958897,100,8758,251.10,46
1786958898,100,8758,255.89,46
1786958899,99,8758,248.55,46
1786958900,100,8758,259.85,46
1786958901,98,8758,253.04,46
1786958902,100,8758,259.62,46
1786958904,100,8758,259.34,46
1786958905,100,8758,260.11,46
1786958906,100,8758,258.42,46
1786958907,98,8758,256.80,46
1786958908,100,8758,255.84,46
1786958909,100,8758,256.30,46
1786958910,100,8758,253.67,46
1786958911,100,8758,258.33,46
1786958912,100,8758,258.70,46
1786958914,100,8758,257.86,46
1786958915,100,8758,261.85,46
1786958916,100,8758,255.92,46
1786958917,100,8758,257.36,46
1786958918,100,8758,256.31,46
1786958919,100,8758,259.41,47
1786958920,100,8758,256.77,46
1786958921,100,8758,251.67,46
1786958922,100,8758,260.19,46
1786958924,100,8758,258.88,46
1786958925,100,8758,254.40,46
1786958926,92,8758,252.29,46
1786958927,95,8758,252.70,46
1786958928,100,8758,252.06,46
1786958929,97,8758,247.50,46
1786958930,99,8758,251.63,46
1786958931,100,8758,261.31,46
1786958932,100,8758,256.19,46
1786958933,96,8758,253.90,46
1786958935,98,8758,255.05,46
1786958936,95,8758,255.99,46
1786958937,100,8758,255.47,46
1786958938,100,8758,260.81,46
1786958939,97,8758,257.49,46
1786958940,100,8758,252.73,46
1786958941,100,8758,242.79,46
1786958942,100,8758,240.33,46
1786958943,96,8758,229.56,46
1786958944,98,8758,224.45,46
1786958946,99,8758,230.21,46
1786958947,100,8758,230.70,46
1786958948,100,8758,230.88,46
1786958949,100,8758,230.63,46
1786958950,100,8758,225.30,46
1786958951,97,8758,227.09,45
1786958952,100,8758,226.23,45
1786958953,99,8758,226.46,45
1786958954,98,8758,224.90,45
1786958955,100,8758,227.93,45
1786958957,99,8758,223.04,45
1786958958,96,8758,228.07,45
1786958959,100,8758,225.95,45
1786958960,92,8758,220.05,45
1786958961,98,8758,217.77,45
1786958962,99,8758,217.83,45
1786958963,98,8758,217.62,45
1786958964,88,8758,222.10,45
1786958965,98,8758,222.70,45
1786958966,86,8758,210.46,45
1786958968,91,8758,213.38,45
1786958969,99,8758,213.22,45
1786958970,93,8758,219.28,45
1786958971,97,8758,212.66,45
1786958972,100,8758,216.51,45
1786958973,91,8758,209.51,45
1786958974,94,8758,216.28,45
1786958975,98,8758,216.96,45
1786958976,94,8758,214.16,45
1786958977,94,8758,212.04,44
1786958979,96,8758,215.79,45
1786958980,94,8758,218.72,45
1786958981,99,8758,224.60,45
1786958982,100,8758,224.36,45
1786958983,100,8758,223.59,45
1786958984,98,8758,221.47,45
1786958985,98,8758,217.37,45
1786958986,94,8758,215.76,44
1786958987,96,8758,222.55,45
1786958988,96,8758,219.79,45
1786958989,95,8758,218.30,44
1786958991,96,8758,215.31,44
1786958992,99,8758,220.32,44
1786958993,100,8758,219.70,44
1786958994,100,8758,219.65,44
1786958995,99,8758,220.02,44
1786958996,98,8758,219.52,44
1786958997,100,8758,220.05,44
1786958998,99,8758,218.40,44
1786958999,100,8758,219.55,44
1786959001,99,8758,218.66,44
1786959002,100,8758,212.98,44
1786959003,100,8758,213.70,44
1786959004,100,8758,212.45,44
1786959005,100,8758,217.73,44
1786959006,100,8758,209.11,44
1786959007,100,8758,210.25,44
1786959008,100,8758,209.21,44
1786959010,100,8758,212.48,44
1786959011,100,8758,213.18,44
1786959012,100,8758,214.71,44
1786959013,100,8758,213.42,44
1786959014,94,8758,213.08,44
1786959015,100,8758,212.30,44
1786959016,100,8758,213.57,44
1786959017,99,8758,212.60,44
1786959018,100,8758,212.51,44
1786959019,100,8758,210.57,44
1786959021,98,8758,212.02,44
1786959022,100,8758,210.87,44
1786959023,100,8758,209.69,44
1786959024,100,8758,209.12,44
1786959025,97,8758,207.76,44
1786959026,100,8758,207.05,44
1786959027,100,8758,209.85,44
1786959028,100,8758,208.57,44
1786959029,100,8758,208.38,44
1786959030,100,8758,208.47,44
1786959032,100,8758,208.71,44
1786959033,100,8758,205.41,44
1786959034,100,8758,205.30,44
1786959035,100,8758,205.17,43
1786959036,99,8758,202.53,43
1786959037,100,8758,201.73,43
1786959038,99,8758,201.68,43
1786959039,99,8758,201.70,43
1786959040,100,8758,202.25,43
1786959041,100,8758,203.53,43
1786959042,100,8758,206.04,43
1786959044,100,8758,206.52,43
1786959045,100,8758,204.27,43
1786959046,100,8758,205.64,43
1786959047,100,8758,205.64,43
1786959048,100,8758,207.39,43
1786959049,100,8758,203.89,43
1786959050,100,8758,202.87,43
1786959051,99,8758,203.91,43
1786959052,98,8758,202.41,43
1786959053,99,8758,198.83,43
1786959055,100,8758,200.28,43
1786959056,100,8758,198.36,43
1786959057,100,8758,197.23,43
1786959058,100,8758,196.51,43
1786959059,100,8758,199.15,43
1786959060,100,8758,196.63,43
1786959061,100,8758,194.55,43
1786959062,100,8758,191.19,43
1786959063,100,8758,188.87,43
1786959064,100,8758,187.20,43
1786959066,100,8758,186.60,42
1786959067,100,8758,184.12,42
1786959068,100,8758,186.68,42
1786959069,100,8758,188.05,42
1786959070,100,8758,186.87,42
1786959071,100,8758,188.09,42
1786959072,100,8758,187.57,42
1786959073,100,8758,186.41,42
1786959074,100,8758,184.30,42
1786959075,100,8758,185.28,42
1786959077,100,8758,183.67,42
1786959078,100,8758,183.76,42
1786959079,100,8758,185.00,42
1786959080,100,8758,182.77,42
1786959081,100,8758,182.73,42
1786959082,100,8758,181.22,42
1786959083,100,8758,179.35,42
1786959084,100,8758,176.99,42
1786959085,100,8758,178.61,42
1786959086,100,8758,175.87,42
1786959088,100,8758,178.64,42
1786959089,100,8758,174.17,41
1786959090,100,8758,174.23,41
1786959091,100,8758,176.25,42
1786959092,100,8758,180.61,42
1786959093,100,8758,181.19,42
1786959094,100,8758,183.19,42
1786959095,100,8758,181.73,42
1786959096,100,8758,180.65,42
1786959097,100,8758,181.08,42
1786959099,100,8758,182.74,42
1786959100,100,8758,181.96,42
1786959101,100,8758,183.15,42
1786959102,100,8758,183.28,41
1786959103,100,8758,179.28,41
1786959104,100,8758,180.88,41
1786959105,100,8758,180.34,41
1786959106,100,8758,177.14,41
1786959107,100,8758,179.49,41
1786959108,100,8758,180.18,41
1786959109,100,8758,180.58,41
1786959111,100,8758,183.77,41
1786959112,100,8758,178.08,41
1786959113,100,8758,177.45,41
1786959114,100,8758,176.35,41
1786959115,100,8758,181.36,41
1786959116,100,8758,178.69,41
1786959117,100,8758,172.58,41
1786959118,100,8758,173.25,41
1786959119,100,8758,174.34,41
1786959120,100,8758,172.15,41
1786959121,100,8758,170.70,41
1786959123,100,8758,170.99,41
1786959124,100,8758,170.79,41
1786959125,100,8758,171.63,41
1786959126,100,8758,175.73,41
1786959127,100,8758,166.31,41
1786959128,100,8758,170.15,41
1786959129,100,8758,169.81,40
1786959130,100,8758,166.01,40
1786959131,100,8758,165.90,40
1786959132,100,8758,165.36,40
1786959134,100,8758,165.93,40
1786959135,100,8758,168.61,40
1786959136,100,8758,173.70,41
1786959137,100,8758,174.87,41
1786959138,100,8758,174.23,41
1786959139,100,8758,172.57,40
1786959140,100,8758,171.17,40
1786959141,100,8758,169.01,40
1786959142,100,8758,168.33,40
1786959143,100,8758,174.38,40
1786959145,100,8758,176.87,41
1786959146,100,8758,187.74,41
1786959147,100,8758,184.35,41
1786959148,100,8758,180.43,41
1786959149,100,8758,182.68,41
1786959150,100,8758,174.21,40
1786959151,100,8758,176.23,41
1786959152,100,8758,183.68,41
1786959154,100,8758,180.58,41
1786959155,100,8758,180.78,41
1786959156,100,8758,181.28,41
1786959157,100,8758,182.34,41
1786959158,100,8758,179.73,41
1786959159,100,8758,180.67,41
1786959160,100,8758,181.13,41
1786959161,100,8758,183.37,41
1786959162,100,8758,181.93,41
1786959163,100,8758,181.30,41
1786959165,100,8758,184.23,41
1786959166,100,8758,182.91,41
1786959167,100,8758,183.89,41
1786959168,100,8758,183.77,41
1786959169,100,8758,181.07,41
1786959170,100,8758,178.77,41
1786959171,100,8758,176.71,41
1786959172,100,8758,175.65,41
1786959173,100,8758,171.49,40
1786959174,100,8758,175.36,40
1786959176,100,8758,174.66,40
1786959177,100,8758,175.22,40
1786959178,100,8758,171.16,40
1786959179,100,8758,170.38,40
1786959180,100,8758,167.68,40
1786959181,100,8758,170.02,40
1786959182,100,8758,168.77,40
1786959183,100,8758,167.65,40
1786959184,100,8758,169.75,40
1786959185,100,8758,167.43,40
1786959187,100,8758,168.13,40
1786959188,100,8758,167.82,40
1786959189,100,8758,167.15,40
1786959190,100,8758,168.24,40
1786959191,100,8758,166.71,40
1786959192,100,8758,170.12,40
1786959193,100,8758,169.41,40
1786959194,100,8758,167.09,40
1786959195,100,8758,164.41,40
1786959196,100,8758,163.91,40
1786959197,100,8758,163.42,40
1786959199,100,8758,161.20,40
1786959200,100,8758,160.66,40
1786959201,100,8758,159.98,40
1786959202,100,8758,161.28,40
1786959203,100,8758,160.64,40
1786959204,100,8758,161.35,40
1786959205,100,8758,160.10,40
1786959206,99,8758,154.73,39
1786959207,99,8758,154.16,39
1786959208,99,8758,152.75,39
1786959210,99,8758,153.21,39
1786959211,99,8758,153.39,39
1786959212,99,8758,153.84,39
1786959213,99,8758,153.23,39
1786959214,99,8758,153.94,39
1786959215,99,8758,153.93,39
1786959216,99,8758,153.16,39
1786959217,97,8758,154.92,39
1786959218,99,8758,154.17,39
1786959219,99,8758,155.13,39
1786959221,99,8758,153.68,39
1786959222,99,8758,154.04,39
1786959223,99,8758,153.57,39
1786959224,99,8758,153.33,39
1786959225,98,8758,153.13,39
1786959226,48,8758,146.46,39
1786959227,47,8758,136.18,38
1786959228,48,8758,136.38,38
1786959229,48,8758,136.29,38
1786959230,47,8758,136.54,38
1786959231,49,8758,136.52,38
1786959233,48,8758,136.23,38
1786959234,48,8758,136.32,38
1786959235,48,8758,136.11,38
1786959236,47,8758,136.72,38
1786959237,47,8758,135.64,38
1786959238,45,8758,134.99,38
1786959239,46,8758,135.48,38
1786959240,37,8758,133.48,38
1786959241,0,8758,125.03,37
1786959242,0,8758,116.10,37
1786959244,0,8758,115.74,37
1786959245,0,8758,115.91,37
1786959246,0,8758,115.78,37
1786959247,0,8758,115.66,37
1786959248,0,8758,115.84,37
1786959249,0,8758,115.62,37
1786959250,0,8758,115.59,37
1786959251,0,8758,115.74,37
1786959252,0,8758,115.57,37
1786959253,0,8758,115.70,37
1786959254,0,8758,115.86,37
1786959255,0,8758,115.68,37
1786959257,0,8758,115.99,37
1786959258,0,8758,116.26,37
1786959259,0,8758,115.93,37
1786959260,0,8758,116.08,37
1786959261,0,8758,115.94,37
1786959262,0,8758,115.82,37
1786959263,0,8758,115.96,37
1786959264,0,8758,115.88,37
1786959265,0,8758,115.75,36
1786959266,0,8758,115.94,36
1786959267,0,8758,115.96,36
1786959269,0,8758,115.82,36
1786959270,0,8758,115.93,36
1786959271,0,8758,115.91,36
1786959272,0,8758,115.71,36
1786959273,0,8758,115.71,36
1786959274,0,8758,115.88,36
1786959275,0,8758,115.73,36
1786959276,0,8758,115.80,36
1786959277,0,8758,116.01,36
1786959278,0,8758,115.71,36
1786959279,0,8758,115.74,36
1786959281,0,8758,115.83,36
1786959282,0,8758,115.57,36
1786959283,0,8758,115.62,36
1786959284,0,8758,115.79,36
1786959285,17,8758,139.61,38
1786959286,99,8758,273.08,40
1786959287,99,8758,273.26,40
1786959288,99,8758,273.51,41
1786959289,99,8758,274.75,41
1786959290,99,8758,270.41,41
1786959292,99,8758,274.30,41
1786959293,99,8758,273.73,42
1786959294,99,8758,271.02,42
1786959295,99,8758,276.17,42
1786959296,98,8758,274.01,42
1786959297,98,8758,278.37,42
1786959298,99,8758,276.67,43
1786959299,99,8758,272.72,43
1786959300,99,8758,274.63,43
1786959301,99,8758,278.64,43
1786959302,98,8758,276.92,43
1786959304,98,8758,273.06,43
1786959305,99,8758,277.26,43
1786959306,99,8758,276.55,43
1786959307,99,8758,270.19,44
1786959308,99,8758,277.11,44
1786959309,98,8758,276.85,43
1786959310,99,8758,272.33,44
1786959311,99,8758,280.46,44
1786959312,99,8758,278.98,44
1786959313,99,8758,277.70,44
1786959314,99,8758,278.74,44
1786959316,99,8758,273.65,44
1786959317,99,8758,276.67,44
1786959318,99,8758,274.40,44
1786959319,99,8758,276.89,44
1786959320,99,8758,276.37,44
1786959321,98,8758,275.32,45
1786959322,99,8758,276.74,45
1786959323,99,8758,275.14,45
1786959324,99,8758,282.04,45
1786959326,99,8758,276.21,45
1786959327,98,8758,276.67,45
1786959328,98,8758,278.12,45
1786959329,99,8758,278.18,45
1786959330,99,8758,278.00,45
1786959331,99,8758,274.04,45
1786959332,99,8758,277.88,45
1786959333,98,8758,278.77,45
1786959334,98,8758,277.66,45
1786959335,99,8758,277.75,45
1786959336,99,8758,276.07,46
1786959338,99,8758,273.07,46
1786959339,99,8758,278.90,46
1786959340,98,8758,275.15,46
1786959341,99,8758,278.84,46
1786959342,99,8758,275.09,46
1786959343,99,8758,273.25,46
1786959344,99,8758,279.74,46
1786959345,98,8758,277.65,46
1786959346,98,8758,277.89,46
1786959347,99,8758,276.51,46
1786959349,99,8758,276.38,46
1786959350,99,8758,279.28,46
1786959351,99,8758,275.03,46
1786959352,98,8758,277.51,46
1786959353,98,8758,275.43,46
1786959354,99,8758,276.65,46
1786959355,99,8758,274.72,46
1786959356,99,8758,274.64,46
1786959357,99,8758,280.58,46
1786959358,99,8758,276.99,47
1786959359,99,8758,276.67,47
1786959361,99,8758,279.91,46
1786959362,99,8758,275.76,47
1786959363,99,8758,278.45,46
1786959364,99,8758,278.79,47
1786959365,98,8758,278.96,47
1786959366,98,8758,277.12,46
1786959367,99,8758,274.87,47
1786959368,99,8758,277.58,47
1786959369,99,8758,275.26,47
1786959370,99,8758,277.84,47
1786959371,98,8758,283.36,47
1786959373,98,8758,279.74,47
1786959374,99,8758,279.95,47
1786959375,99,8758,276.22,47
1786959376,99,8758,277.76,47
1786959377,99,8758,279.25,47
1786959378,98,8758,275.00,47
1786959379,99,8758,281.16,47
1786959380,99,8758,279.20,47
1786959381,99,8758,279.95,47
1786959382,99,8758,282.33,47
1786959383,99,8758,281.60,47
1786959385,98,8758,282.05,47
1786959386,99,8758,278.65,47
1786959387,99,8758,275.57,47
1786959388,99,8758,277.55,47
1786959389,99,8758,274.90,47
1786959390,98,8758,278.83,47
1786959391,98,8758,279.38,47
1786959392,99,8758,277.89,47
1786959393,99,8758,281.22,47
1786959394,99,8758,275.56,47
1786959395,99,8758,278.23,47
1786959397,98,8758,275.17,47
1786959398,99,8758,279.59,47
1786959399,99,8758,280.15,47
1786959400,99,8758,276.26,47
1786959401,100,8758,234.10,47
1786959402,100,8758,269.36,47
1786959403,100,8758,260.31,47
1786959404,100,8758,256.62,47
1786959405,100,8758,256.41,47
1786959406,100,8758,255.51,47
1786959408,100,8758,259.67,47
1786959409,98,8758,256.11,47
1786959410,100,8758,257.05,47
1786959411,100,8758,261.01,46
1786959412,100,8758,256.00,46
1786959413,100,8758,257.39,46
1786959414,100,8758,252.79,46
1786959415,100,8758,260.51,46
1786959416,100,8758,255.92,46
1786959417,100,8758,259.06,46
1786959418,100,8758,265.17,46
1786959420,100,8758,257.83,46
1786959421,100,8758,253.96,46
1786959422,100,8758,252.55,46
1786959423,100,8758,257.90,46
1786959424,100,8758,259.62,46
1786959425,100,8758,251.24,46
1786959426,100,8758,258.79,46
1786959427,100,8758,264.42,46
1786959428,100,8758,262.73,46
1786959429,100,8758,258.22,46
1786959431,100,8758,259.16,46
1786959432,100,8758,256.58,46
1786959433,100,8758,257.48,46
1786959434,98,8758,258.69,46
1786959435,100,8758,250.14,46
1786959436,100,8758,257.39,46
1786959437,98,8758,253.53,46
1786959438,100,8758,249.93,46
1786959439,98,8758,254.17,46
1786959440,100,8758,254.79,46
1786959442,100,8758,252.43,46
1786959443,100,8758,257.43,46
1786959444,100,8758,258.05,46
1786959445,100,8758,257.79,46
1786959446,100,8758,254.76,46
1786959447,100,8758,258.69,46
1786959448,100,8758,256.79,46
1786959449,100,8758,260.68,46
1786959450,100,8758,258.34,46
1786959451,100,8758,258.38,46
1786959453,100,8758,264.45,46
1786959454,100,8758,253.61,46
1786959455,100,8758,257.34,46
1786959456,99,8758,258.60,46
1786959457,100,8758,254.38,46
1786959458,100,8758,258.12,46
1786959459,100,8758,252.65,46
1786959460,100,8758,258.36,46
1786959461,100,8758,259.18,46
1786959463,100,8758,256.36,46
1786959464,100,8758,257.95,46
1786959465,100,8758,256.80,46
1786959466,100,8758,257.54,46
1786959467,100,8758,258.57,46
1786959468,98,8758,252.87,46
1786959469,100,8758,261.23,46
1786959470,100,8758,255.70,46
1786959471,100,8758,251.82,46
1786959472,100,8758,255.18,46
1786959474,100,8758,255.82,46
1786959475,100,8758,259.17,46
1786959476,98,8758,254.81,46
1786959477,98,8758,254.73,46
1786959478,98,8758,252.88,46
1786959479,98,8758,256.77,46
1786959480,99,8758,256.17,46
1786959481,100,8758,258.29,46
1786959482,100,8758,254.92,46
1786959484,100,8758,256.15,46
1786959485,100,8758,256.52,46
1786959486,97,8758,254.96,46
1786959487,100,8758,261.05,46
1786959488,97,8758,255.31,46
1786959489,96,8758,248.14,46
1786959490,95,8758,257.83,46
1786959491,96,8758,253.57,46
1786959492,98,8758,250.45,46
1786959494,96,8758,251.26,46
1786959495,99,8758,253.42,46
1786959496,100,8758,261.48,46
1786959497,100,8758,262.52,46
1786959498,100,8758,250.60,46
1786959499,100,8758,255.82,46
1786959500,100,8758,259.38,46
1786959501,100,8758,260.32,46
1786959502,95,8758,250.86,46
1786959503,95,8758,255.87,46
1786959504,100,8758,253.00,46
1786959506,100,8758,256.68,46
1786959507,99,8758,254.82,46
1786959508,100,8758,261.29,46
1786959509,100,8758,260.08,46
1786959510,100,8758,260.54,46
1786959511,100,8758,255.99,46
1786959512,100,8758,255.48,46
1786959513,100,8758,257.14,46
1786959514,100,8758,256.97,46
1786959515,100,8758,260.58,46
1786959517,100,8758,258.98,46
1786959518,100,8758,261.98,46
1786959519,100,8758,253.33,46
1786959520,100,8758,255.66,46
1786959521,99,8758,255.88,46
1786959522,100,8758,258.04,46
1786959523,100,8758,255.86,46
1786959524,100,8758,260.62,46
1786959525,100,8758,253.46,46
1786959526,100,8758,260.00,46
1786959528,100,8758,259.00,46
1786959529,96,8758,256.28,46
1786959530,95,8758,253.77,46
1786959531,93,8758,247.62,46
1786959532,100,8758,254.37,46
1786959533,100,8758,257.14,46
1786959534,100,8758,254.26,46
1786959535,98,8758,259.16,46
1786959536,99,8758,251.39,46
1786959537,99,8758,256.42,46
1786959539,100,8758,249.20,46
1786959540,100,8758,255.63,46
1786959541,100,8758,254.42,46
1786959542,99,8758,258.30,46
1786959543,100,8758,255.76,46
1786959544,100,8758,259.21,46
1786959545,96,8758,254.31,46
1786959546,96,8758,255.80,46
1786959547,100,8758,259.61,46
1786959548,100,8758,256.79,46
1786959549,100,8758,256.22,46
1786959551,100,8758,259.87,46
1786959552,100,8758,260.72,46
1786959553,100,8758,258.26,46
1786959554,100,8758,258.26,46
1786959555,100,8758,257.52,46
1786959556,100,8758,257.66,46
1786959557,100,8758,261.70,46
1786959558,98,8758,260.98,46
1786959559,100,8758,254.76,46
1786959560,100,8758,255.85,46
1786959562,100,8758,254.56,46
1786959563,100,8758,258.77,46
1786959564,100,8758,259.21,46
1786959565,100,8758,256.68,46
1786959566,100,8758,258.02,46
1786959567,100,8758,256.30,46
1786959568,100,8758,256.00,46
1786959569,98,8758,254.75,46
1786959570,96,8758,257.87,46
1786959571,100,8758,265.54,46
1786959573,100,8758,259.24,46
1786959574,100,8758,258.34,46
1786959575,95,8758,247.49,46
1786959576,100,8758,253.51,46
1786959577,100,8758,263.78,46
1786959578,100,8758,266.78,46
1786959579,100,8758,259.71,46
1786959580,90,8758,252.33,46
1786959581,95,8758,254.29,46
1786959582,100,8758,252.02,46
1786959584,100,8758,258.16,46
1786959585,100,8758,253.43,46
1786959586,100,8758,259.49,46
1786959587,99,8758,256.10,46
1786959588,100,8758,252.89,46
1786959589,100,8758,256.83,46
1786959590,98,8758,257.96,46
1786959591,93,8758,246.32,46
1786959592,100,8758,258.20,46
1786959593,100,8758,258.64,46
1786959595,100,8758,257.28,46
1786959596,100,8758,256.98,46
1786959597,100,8758,260.77,46
1786959598,100,8758,257.81,46
1786959599,100,8758,257.54,46
1786959600,100,8758,259.44,46
1786959601,100,8758,256.87,46
1786959602,100,8758,259.83,46
1786959603,97,8758,250.35,46
1786959605,100,8758,257.85,46
1786959606,100,8758,254.95,46
1786959607,100,8758,254.26,46
1786959608,96,8758,255.97,46
1786959609,98,8758,257.66,46
1786959610,97,8758,250.44,46
1786959611,96,8758,250.57,46
1786959612,100,8758,256.41,46
1786959613,100,8758,255.79,46
1786959614,100,8758,251.56,46
1786959616,100,8758,247.91,46
1786959617,99,8758,241.88,46
1786959618,100,8758,237.90,46
1786959619,100,8758,237.95,46
1786959620,98,8758,233.06,46
1786959621,96,8758,224.67,46
1786959622,92,8758,228.25,46
1786959623,100,8758,231.10,46
1786959624,100,8758,229.14,46
1786959625,100,8758,223.46,46
1786959627,100,8758,229.90,46
1786959628,99,8758,230.46,46
1786959629,100,8758,228.85,46
1786959630,100,8758,230.94,46
1786959631,100,8758,231.52,45
1786959632,100,8758,228.58,45
1786959633,100,8758,233.24,45
1786959634,99,8758,223.20,45
1786959635,99,8758,225.71,45
1786959636,87,8758,212.87,45
1786959637,89,8758,212.51,45
1786959639,90,8758,212.58,45
1786959640,90,8758,216.12,45
1786959641,92,8758,221.52,45
1786959642,100,8758,225.98,45
1786959643,99,8758,222.23,45
1786959644,100,8758,225.27,45
1786959645,93,8758,223.23,45
1786959646,100,8758,226.15,45
1786959647,95,8758,222.52,45
1786959648,95,8758,218.48,45
1786959650,96,8758,221.41,45
1786959651,94,8758,221.94,45
1786959652,96,8758,225.18,45
1786959653,100,8758,222.11,45
1786959654,100,8758,225.07,45
1786959655,96,8758,223.39,45
1786959656,100,8758,223.17,45
1786959657,95,8758,224.89,45
1786959658,90,8758,219.45,45
1786959659,99,8758,223.03,45
1786959661,100,8758,223.25,45
1786959662,100,8758,225.28,45
1786959663,100,8758,219.35,45
1786959664,100,8758,223.57,45
1786959665,100,8758,224.05,45
1786959666,100,8758,222.71,45
1786959667,100,8758,223.69,45
1786959668,100,8758,223.55,45
1786959669,100,8758,228.89,45
1786959670,95,8758,223.36,45
1786959672,92,8758,220.55,45
1786959673,92,8758,217.65,44
1786959674,94,8758,216.73,44
1786959675,88,8758,212.55,44
1786959676,86,8758,216.85,44
1786959677,88,8758,213.39,44
1786959678,92,8758,215.29,44
1786959679,88,8758,214.75,44
1786959680,92,8758,219.04,44
1786959681,95,8758,215.32,44
1786959683,98,8758,215.07,44
1786959684,97,8758,221.92,44
1786959685,100,8758,220.81,44
1786959686,98,8758,215.98,44
1786959687,100,8758,216.02,44
1786959688,100,8758,218.71,44
1786959689,100,8758,217.37,44
1786959690,100,8758,216.15,44
1786959691,100,8758,219.90,44
1786959692,100,8758,216.46,44
1786959694,100,8758,216.96,44
1786959695,100,8758,216.10,44
1786959696,100,8758,217.31,44
1786959697,100,8758,220.58,44
1786959698,100,8758,215.47,44
1786959699,100,8758,218.65,44
1786959700,100,8758,216.87,44
1786959701,100,8758,214.75,44
1786959702,100,8758,215.72,44
1786959703,97,8758,219.23,44
1786959704,100,8758,222.35,44
1786959706,99,8758,220.97,44
1786959707,100,8758,222.01,44
1786959708,100,8758,223.31,44
1786959709,100,8758,220.35,44
1786959710,100,8758,220.90,44
1786959711,99,8758,216.80,44
1786959712,100,8758,217.18,44
1786959713,100,8758,215.90,44
1786959714,100,8758,213.83,44
1786959715,100,8758,211.77,44
1786959717,100,8758,208.66,44
1786959718,98,8758,206.96,44
1786959719,100,8758,206.16,44
1786959720,100,8758,205.87,44
1786959721,100,8758,207.86,44
1786959722,100,8758,208.34,44
1786959723,100,8758,206.83,44
1786959724,100,8758,204.09,44
1786959725,100,8758,205.52,44
1786959726,100,8758,203.90,43
1786959728,100,8758,204.00,43
1786959729,100,8758,202.51,43
1786959730,100,8758,202.04,43
1786959731,100,8758,202.61,43
1786959732,99,8758,203.23,43
1786959733,99,8758,202.85,43
1786959734,100,8758,204.09,43
1786959735,100,8758,208.28,43
1786959736,100,8758,206.87,43
1786959737,99,8758,204.48,43
1786959738,100,8758,204.60,43
1786959740,100,8758,201.17,43
1786959741,100,8758,198.26,43
1786959742,100,8758,196.98,43
1786959743,100,8758,196.14,43
1786959744,100,8758,199.46,43
1786959745,100,8758,202.74,43
1786959746,100,8758,204.37,43
1786959747,100,8758,199.15,43
1786959748,100,8758,200.59,43
1786959749,100,8758,197.54,43
1786959751,100,8758,200.18,43
1786959752,100,8758,195.29,43
1786959753,100,8758,192.60,43
1786959754,100,8758,195.40,43
1786959755,100,8758,190.96,43
1786959756,100,8758,193.44,43
1786959757,98,8758,191.22,43
1786959758,100,8758,193.23,43
1786959759,100,8758,191.56,43
1786959760,100,8758,193.38,43
1786959762,100,8758,195.86,43
1786959763,100,8758,192.90,43
1786959764,100,8758,193.13,43
1786959765,100,8758,191.93,43
1786959766,100,8758,189.02,42
1786959767,100,8758,185.85,42
1786959768,100,8758,184.81,42
1786959769,100,8758,184.72,42
1786959770,100,8758,182.17,42
1786959771,100,8758,180.72,42
1786959773,100,8758,178.33,42
1786959774,100,8758,182.77,42
1786959775,100,8758,182.37,42
1786959776,100,8758,181.29,42
1786959777,100,8758,183.49,42
1786959778,100,8758,182.26,42
1786959779,100,8758,182.11,42
1786959780,100,8758,184.42,42
1786959781,100,8758,179.98,42
1786959782,100,8758,178.37,42
1786959784,100,8758,176.36,42
1786959785,100,8758,175.88,42
1786959786,100,8758,176.57,41
1786959787,100,8758,175.99,41
1786959788,100,8758,178.76,42
1786959789,100,8758,178.76,42
1786959790,100,8758,177.99,41
1786959791,100,8758,178.92,41
1786959792,100,8758,181.43,41
1786959794,100,8758,179.07,41
1786959795,100,8758,182.24,41
1786959796,100,8758,179.54,41
1786959797,100,8758,179.33,41
1786959798,100,8758,176.16,41
1786959799,100,8758,172.18,41
1786959800,100,8758,176.53,41
1786959801,100,8758,180.33,41
1786959802,100,8758,178.90,41
1786959803,100,8758,177.04,41
1786959804,100,8758,179.10,41
1786959806,100,8758,181.42,41
1786959807,100,8758,179.30,41
1786959808,100,8758,177.21,41
1786959809,100,8758,177.51,41
1786959810,100,8758,179.63,41
1786959811,100,8758,180.12,41
1786959812,100,8758,178.67,41
1786959813,100,8758,170.40,41
1786959814,100,8758,171.37,41
1786959815,100,8758,174.07,41
1786959817,100,8758,175.70,41
1786959818,100,8758,174.87,41
1786959819,100,8758,176.57,41
1786959820,100,8758,173.80,41
1786959821,100,8758,176.89,41
1786959822,100,8758,179.40,41
1786959823,100,8758,180.45,41
1786959824,100,8758,178.34,41
1786959825,100,8758,177.94,41
1786959826,100,8758,175.70,41
1786959828,100,8758,177.21,41
1786959829,100,8758,181.46,41
1786959830,100,8758,181.73,41
1786959831,100,8758,181.07,41
1786959832,100,8758,182.17,41
1786959833,100,8758,177.20,41
1786959834,100,8758,183.35,41
1786959835,100,8758,175.68,41
1786959836,100,8758,179.91,41
1786959837,100,8758,179.77,41
1786959838,100,8758,182.64,41
1786959840,100,8758,181.22,41
1786959841,100,8758,180.24,41
1786959842,100,8758,180.21,41
1786959843,100,8758,186.17,41
1786959844,100,8758,181.12,41
1786959845,100,8758,179.10,41
1786959846,100,8758,181.25,41
1786959847,100,8758,180.62,41
1786959848,100,8758,179.67,41
1786959850,100,8758,181.21,41
1786959851,100,8758,179.87,41
1786959852,100,8758,181.38,41
1786959853,100,8758,180.31,41
1786959854,100,8758,180.34,41
1786959855,100,8758,173.75,41
1786959856,100,8758,176.35,41
1786959857,100,8758,176.19,41
1786959858,100,8758,176.35,41
1786959859,100,8758,183.05,41
1786959861,100,8758,182.37,41
1786959862,100,8758,182.04,41
1786959863,100,8758,176.84,41
1786959864,100,8758,176.07,41
1786959865,100,8758,176.23,41
1786959866,100,8758,176.12,41
1786959867,100,8758,174.34,40
1786959868,100,8758,177.70,40
1786959869,100,8758,177.40,41
1786959870,100,8758,176.45,41
1786959871,100,8758,177.63,40
1786959873,100,8758,174.42,40
1786959874,100,8758,174.36,40
1786959875,100,8758,174.56,40
1786959876,100,8758,173.53,40
1786959877,100,8758,174.35,40
1786959878,100,8758,171.60,40
1786959879,100,8758,170.04,40
1786959880,100,8758,172.80,40
1786959881,100,8758,171.99,40
1786959882,100,8758,172.77,40
1786959883,100,8758,171.14,40
1786959885,100,8758,167.95,40
1786959886,100,8758,169.48,40
1786959887,100,8758,170.90,40
1786959888,100,8758,170.14,40
1786959889,100,8758,168.57,40
1786959890,100,8758,169.30,40
1786959891,100,8758,170.07,40
1786959892,100,8758,166.80,40
1786959893,100,8758,166.94,40
1786959894,100,8758,166.36,40
1786959896,100,8758,163.97,40
1786959897,100,8758,163.45,40
1786959898,100,8758,161.22,40
1786959899,100,8758,161.38,40
1786959900,100,8758,161.54,40
1786959901,100,8758,161.08,40
1786959902,100,8758,160.31,40
1786959903,100,8758,159.61,40
1786959904,100,8758,162.65,40
1786959905,100,8758,160.06,40
1786959906,99,8758,157.70,39
1786959908,99,8758,153.09,39
1786959909,98,8758,153.85,39
1786959910,99,8758,152.93,39
1786959911,99,8758,152.76,39
1786959912,99,8758,152.99,39
1786959913,99,8758,153.20,39
1786959914,97,8758,153.83,39
1786959915,98,8758,153.20,39
1786959916,99,8758,154.30,39
1786959917,0,8758,131.50,38
1786959918,0,8758,116.32,38
1786959920,0,8758,116.40,38
1786959921,0,8758,115.96,38
1786959922,0,8758,116.10,38
1786959923,0,8758,116.30,38
1786959924,0,8758,115.93,38
1786959925,0,8758,116.28,38
1786959926,0,8758,115.84,37
1786959927,0,8758,115.95,37
1786959928,0,8758,116.03,37
1786959929,0,8758,115.81,37
1786959930,0,8758,115.99,37
1786959932,0,8758,115.97,37
1786959933,0,8758,115.80,37
1786959934,0,8758,115.92,37
1786959935,0,8758,115.66,37
1786959936,0,8758,115.75,37
1786959937,0,8758,115.85,37
1786959938,0,8758,115.77,37
1786959939,0,8758,116.03,37
1786959940,0,8758,115.56,37
1786959941,0,8758,115.55,37
1786959942,0,8758,115.85,37
1786959944,0,8758,115.55,37
1786959945,0,8758,115.57,37
1786959946,0,8758,115.82,37
1786959947,0,8758,115.44,37
1786959948,0,8758,115.57,37
1786959949,0,8758,115.48,37
1786959950,0,8758,115.32,37
1786959951,0,8758,115.51,36
1786959952,0,8758,115.42,36
1786959953,0,8758,115.45,36
1786959954,0,8758,115.49,36
1786959956,0,8758,115.55,36
1786959957,0,8758,115.28,36
1786959958,98,8758,159.31,39
1786959959,99,8758,274.38,40
1786959960,99,8758,273.66,41
1786959961,99,8758,273.02,41
1786959962,98,8758,269.68,41
1786959963,98,8758,276.29,41
1786959964,99,8758,278.33,42
1786959966,99,8758,276.66,42
1786959967,99,8758,270.44,42
1786959968,99,8758,276.88,42
1786959969,98,8758,275.02,43
1786959970,99,8758,280.24,43
1786959971,99,8758,272.85,43
1786959972,99,8758,275.69,43
1786959973,99,8758,277.05,43
1786959974,99,8758,276.47,43
1786959975,99,8758,274.49,43
1786959977,99,8758,277.04,43
1786959978,99,8758,275.93,44
1786959979,99,8758,277.88,44
1786959980,99,8758,276.25,44
1786959981,98,8758,279.08,44
1786959982,99,8758,277.36,44
1786959983,99,8758,275.02,44
1786959984,99,8758,276.92,44
1786959985,99,8758,278.26,44
1786959986,98,8758,275.70,44
1786959987,98,8758,276.18,45
1786959989,98,8758,275.76,44
1786959990,99,8758,279.19,44
1786959991,99,8758,277.58,45
1786959992,99,8758,280.15,45
1786959993,99,8758,278.49,45
1786959994,98,8758,276.32,45
1786959995,99,8758,278.67,45
1786959996,99,8758,276.77,45
1786959997,99,8758,277.69,45
1786959998,99,8758,281.22,45
1786960000,99,8758,272.04,45
1786960001,99,8758,276.67,45
1786960002,99,8758,276.77,45
1786960003,99,8758,275.33,45
1786960004,99,8758,277.55,45
1786960005,99,8758,276.64,45
1786960006,98,8758,281.40,46
1786960007,98,8758,272.93,45
1786960008,99,8758,278.00,46
1786960009,99,8758,279.71,46
1786960010,99,8758,278.83,46
1786960012,99,8758,278.13,46
1786960013,98,8758,277.99,46
1786960014,98,8758,275.92,46
1786960015,99,8758,279.67,46
1786960016,99,8758,276.75,46
1786960017,99,8758,276.17,46
1786960018,99,8758,282.51,46
1786960019,99,8758,273.88,46
1786960020,99,8758,281.60,46
1786960021,99,8758,278.79,46
1786960022,99,8758,276.75,46
1786960024,99,8758,282.49,46
1786960025,99,8758,279.74,46
1786960026,98,8758,275.76,47
1786960027,98,8758,277.24,46
1786960028,99,8758,279.41,47
1786960029,99,8758,280.42,47
1786960030,99,8758,279.27,46
1786960031,99,8758,280.12,47
1786960032,98,8758,275.96,47
1786960033,98,8758,282.39,47
1786960034,99,8758,281.66,47
1786960036,99,8758,275.19,47
1786960037,99,8758,280.82,47
1786960038,99,8758,277.29,47
1786960039,98,8758,278.86,47
1786960040,99,8758,278.60,47
1786960041,99,8758,274.42,47
1786960042,99,8758,281.26,47
1786960043,99,8758,276.02,47
1786960044,99,8758,279.83,47
1786960045,98,8758,278.49,47
1786960046,99,8758,274.98,47
1786960048,99,8758,277.45,47
1786960049,99,8758,280.61,47
1786960050,99,8758,279.68,47
1786960051,98,8758,277.79,47
1786960052,99,8758,275.43,47
1786960053,99,8758,278.42,47
1786960054,99,8758,281.32,47
1786960055,99,8758,276.23,47
1786960056,98,8758,278.46,47
1786960057,98,8758,278.76,47
1786960059,99,8758,280.32,47
1786960060,99,8758,277.19,47
1786960061,99,8758,282.91,47
1786960062,99,8758,282.05,47
1786960063,99,8758,280.18,48
1786960064,98,8758,276.11,47
1786960065,99,8758,276.03,47
1786960066,99,8758,275.54,47
1786960067,99,8758,278.76,47
1786960068,99,8758,280.60,47
1786960070,98,8758,278.86,47
1786960071,99,8758,282.14,48
1786960072,99,8758,279.75,47
1786960073,81,8762,269.30,46
1786960074,71,8762,175.07,45
1786960075,70,8762,173.65,45
1786960076,69,8762,172.93,44
1786960077,70,8762,175.55,44
1786960078,70,8762,173.91,44
1786960079,70,8762,174.72,44
1786960080,70,8762,173.26,44
1786960082,66,8762,172.06,44
1786960083,69,8762,172.25,44
1786960084,70,8762,173.40,43
1786960085,70,8762,150.87,43
1786960086,27,8762,157.61,43
1786960087,71,8762,172.98,43
1786960088,71,8762,171.47,43
1786960089,69,8762,172.29,43
1786960090,71,8762,171.72,43
1786960091,71,8762,172.53,43
1786960092,69,8762,173.13,43
1786960094,70,8762,172.19,43
1786960095,68,8762,171.60,43
1786960096,68,8762,171.96,43
1786960097,70,8762,169.87,42
1786960098,69,8762,171.66,42
1786960099,68,8762,171.51,42
1786960100,69,8762,172.09,42
1786960101,69,8762,171.68,42
1786960102,68,8762,171.33,42
1786960103,64,8762,168.08,42
1786960104,68,8762,170.38,42
1786960106,70,8762,171.42,42
1786960107,68,8762,170.38,42
1786960108,68,8762,171.97,42
1786960109,70,8762,169.00,42
1786960110,66,8762,170.75,42
1786960111,68,8762,170.27,42
1786960112,68,8762,169.84,42
1786960113,71,8762,170.74,42
1786960114,70,8762,171.30,42
1786960115,69,8762,171.33,42
1786960116,69,8762,168.51,41
1786960118,67,8762,169.66,41
1786960119,68,8762,171.62,41
1786960120,69,8762,170.43,41
1786960121,67,8762,169.27,41
1786960122,69,8762,170.51,41
1786960123,68,8762,170.53,41
1786960124,69,8762,170.30,41
1786960125,69,8762,170.87,41
1786960126,68,8762,169.70,41
1786960127,70,8762,170.77,41
1786960128,69,8762,171.64,41
1786960130,67,8762,170.22,41
1786960131,70,8762,169.66,41
1786960132,74,8764,165.91,41
1786960133,74,8764,165.52,41
1786960134,13,8764,142.59,40
1786960135,70,8764,165.58,41
1786960136,0,8764,140.37,40
1786960137,74,8764,164.80,41
1786960138,0,8764,151.40,40
1786960139,74,8764,156.75,40
1786960140,51,8764,156.47,40
1786960142,73,8764,149.82,40
1786960143,71,8764,160.39,40
1786960144,74,8764,143.32,40
1786960145,71,8764,164.44,40
1786960146,55,8764,143.20,40
1786960147,54,8764,155.28,40
1786960148,75,8764,140.94,40
1786960149,35,8764,145.51,39
1786960150,21,8764,126.68,40
1786960151,75,8764,164.91,40
1786960152,73,8764,165.89,40
1786960154,75,8764,165.18,40
1786960155,73,8764,164.16,40
1786960156,74,8764,165.32,40
1786960157,75,8764,165.50,40
1786960158,83,8764,155.21,40
1786960159,83,8764,151.54,39
1786960160,84,8764,154.23,39
1786960161,63,8764,155.18,40
1786960162,72,8764,168.42,40
1786960164,60,8764,155.89,40
1786960165,57,8764,155.48,39
1786960166,64,8764,157.51,40
1786960167,49,8764,145.00,39
1786960168,50,8764,145.41,39
1786960169,58,8764,146.31,39
1786960170,54,8764,140.00,39
1786960171,49,8764,143.63,39
1786960172,58,8764,146.77,39
1786960173,57,8764,140.15,39
1786960175,50,8764,142.95,39
1786960176,57,8764,147.00,39
1786960177,57,8764,146.76,39
1786960178,57,8764,147.80,39
1786960179,49,8764,136.51,38
1786960180,49,8764,136.45,38
1786960181,49,8764,136.58,38
1786960182,49,8764,136.69,38
1786960183,49,8764,136.65,38
1786960184,49,8764,136.29,38
1786960185,73,8764,159.32,39
1786960186,74,8764,164.88,39
1786960188,74,8764,164.35,39
1786960189,72,8764,163.98,39
1786960190,75,8764,164.37,39
1786960191,73,8764,164.44,39
1786960192,73,8764,165.92,39
1786960193,64,8764,160.84,39
1786960194,71,8764,163.26,39
1786960195,71,8764,160.60,39
1786960196,63,8764,160.57,39
1786960197,72,8764,162.35,39
1786960198,64,8764,159.68,39
1786960200,62,8764,162.22,39
1786960201,73,8764,161.01,39
1786960202,57,8764,153.40,39
1786960203,62,8764,160.97,39
1786960204,72,8764,153.91,39
1786960205,56,8764,148.28,39
1786960206,83,8764,148.07,39
1786960207,50,8764,140.48,38
1786960208,51,8764,155.18,38
1786960210,70,8764,152.39,39
1786960211,50,8764,146.66,38
1786960212,64,8764,163.56,38
1786960213,70,8764,151.68,39
1786960214,50,8764,146.84,38
1786960215,69,8764,163.25,38
1786960216,71,8764,150.50,39
1786960217,58,8764,150.37,39
1786960218,57,8764,155.07,38
1786960219,50,8764,136.25,38
1786960220,50,8764,136.70,38
1786960222,50,8764,136.87,38
1786960223,49,8764,136.65,38
1786960224,72,8764,152.98,39
1786960225,74,8764,164.46,39
1786960226,72,8764,162.60,39
1786960227,61,8764,160.12,39
1786960228,75,8764,163.46,39
1786960229,72,8764,164.96,39
1786960230,75,8764,164.71,39
1786960231,56,8764,149.19,38
1786960232,84,8764,150.54,38
1786960233,58,8764,148.32,38
1786960235,66,8764,149.12,38
1786960236,85,8764,149.12,38
1786960237,57,8764,156.93,38
1786960238,70,8764,166.60,39
1786960239,62,8764,152.96,39
1786960240,56,8764,157.18,38
1786960241,62,8764,155.43,38
1786960242,59,8764,149.53,38
1786960243,49,8764,150.42,38
1786960244,62,8764,148.71,38
1786960245,50,8764,139.18,38
1786960247,50,8764,144.82,38
1786960248,54,8764,147.84,38
1786960249,57,8764,148.45,38
1786960250,56,8764,149.22,38
1786960251,56,8764,148.58,38
1786960252,57,8764,149.10,38
1786960253,53,8764,145.58,38
1786960254,49,8764,136.41,38
1786960255,49,8764,135.64,38
1786960256,49,8764,136.46,38
1786960257,50,8764,136.52,38
1786960259,49,8764,135.98,38
1786960260,49,8764,136.31,37
1786960261,50,8764,136.26,37
1786960262,49,8764,135.98,37
1786960263,49,8764,136.50,37
1786960264,49,8764,135.90,37
1786960265,49,8764,135.44,37
1786960266,50,8764,136.57,37
1786960267,50,8764,136.08,37
1786960268,49,8764,136.06,37
1786960269,50,8764,136.14,37
1786960271,50,8764,136.25,37
1786960272,49,8764,136.16,37
1786960273,49,8764,136.62,37
1786960274,49,8764,135.68,37
1786960275,49,8764,136.23,37
1786960276,50,8764,136.48,37
1786960277,49,8764,135.79,37
1786960278,49,8764,136.50,37
1786960279,49,8764,136.36,37
1786960280,50,8764,135.87,37
1786960281,49,8764,135.70,37
1786960283,49,8764,135.91,37
1786960284,49,8764,135.92,37
1786960285,49,8764,135.49,37
1786960286,49,8764,135.68,37
1786960287,50,8764,136.38,37
1786960288,49,8764,135.24,37
1786960289,49,8764,135.79,37
1786960290,99,8764,163.42,39
1786960291,100,8764,256.20,40
1786960292,99,8764,252.47,40
1786960293,100,8764,251.40,41
1786960295,100,8764,257.85,41
1786960296,100,8764,256.50,41
1786960297,100,8764,250.42,41
1786960298,100,8764,255.22,41
1786960299,100,8764,249.05,41
1786960300,100,8764,252.93,41
1786960301,100,8764,253.06,42
1786960302,100,8764,252.47,42
1786960303,100,8764,255.02,42
1786960304,100,8764,257.48,42
1786960306,100,8764,252.38,42
1786960307,100,8764,251.82,42
1786960308,100,8764,259.14,42
1786960309,100,8764,250.97,42
1786960310,100,8764,252.04,42
1786960311,100,8764,254.74,42
1786960312,100,8764,256.18,43
1786960313,100,8764,253.94,43
1786960314,100,8764,259.29,43
1786960316,100,8764,256.57,43
1786960317,100,8764,253.63,43
1786960318,100,8764,257.00,43
1786960319,99,8764,251.54,43
1786960320,100,8764,252.63,43
1786960321,100,8764,256.15,43
1786960322,100,8764,254.28,43
1786960323,100,8764,254.68,43
1786960324,100,8764,251.38,43
1786960325,100,8764,258.59,43
1786960327,100,8764,250.99,43
1786960328,100,8764,255.25,43
1786960329,100,8764,247.93,44
1786960330,99,8764,259.86,43
1786960331,97,8764,252.54,44
1786960332,98,8764,250.08,44
1786960333,100,8764,250.37,44
1786960334,98,8764,250.61,44
1786960335,98,8764,248.73,44
1786960336,97,8764,249.32,44
1786960338,95,8764,248.89,44
1786960339,99,8764,249.05,44
1786960340,95,8764,251.36,44
1786960341,97,8764,250.88,44
1786960342,95,8764,244.98,44
1786960343,96,8764,250.79,44
1786960344,100,8764,256.09,44
1786960345,95,8764,258.18,44
1786960346,100,8764,253.20,44
1786960347,95,8764,254.55,44
1786960348,95,8764,246.97,44
1786960350,96,8764,256.56,44
1786960351,96,8764,248.82,44
1786960352,95,8764,252.29,44
1786960353,95,8764,251.43,44
1786960354,99,8764,258.01,44
1786960355,96,8764,258.15,44
1786960356,95,8764,248.47,44
1786960357,95,8764,251.72,44
1786960358,100,8764,230.98,44
1786960359,97,8764,249.32,44
1786960361,99,8764,257.08,44
1786960362,100,8764,260.68,45
1786960363,100,8764,255.35,45
1786960364,100,8764,253.55,45
1786960365,100,8764,258.28,45
1786960366,100,8764,252.96,45
1786960367,100,8764,254.35,45
1786960368,100,8764,251.69,45
