timestamp,util_pct,mem_used_mib,power_w,temp_c
1784966334,0,433,114.78,35
1784966335,0,433,114.97,35
1784966337,1,958,114.80,35
1784966338,43,958,120.56,36
1784966339,0,958,114.87,35
1784966341,0,962,114.92,35
1784966342,1,1501,118.19,36
1784966344,83,2009,163.31,37
1784966345,97,2009,171.38,37
1784966346,97,2009,174.41,37
1784966347,94,2009,169.95,37
1784966348,96,2009,174.73,37
1784966349,95,2009,172.27,38
1784966350,88,2009,172.32,38
1784966351,95,2009,170.08,37
1784966352,95,2009,172.92,38
1784966353,87,2009,170.77,38
1784966355,77,2009,168.33,38
1784966356,95,2009,174.51,38
1784966357,77,2009,170.50,38
1784966358,95,2009,171.91,38
1784966359,81,2009,172.55,38
1784966360,86,2009,170.00,38
1784966361,95,2009,170.68,38
1784966362,86,2009,171.02,38
1784966363,92,2009,169.88,38
1784966364,79,2009,174.11,38
1784966365,75,2009,170.21,38
1784966367,66,2009,170.87,38
1784966368,83,2009,171.27,38
1784966369,75,2009,170.10,38
1784966370,86,2009,169.07,39
1784966371,73,2009,166.77,38
1784966372,79,2009,164.68,39
1784966373,71,2009,167.15,39
1784966374,76,2009,163.15,39
1784966375,82,2009,165.63,39
1784966376,66,2009,164.85,39
1784966378,82,2009,166.25,39
1784966379,77,2009,164.84,38
1784966380,79,2009,161.74,39
1784966381,80,2009,160.75,39
1784966382,82,2009,158.59,39
1784966383,86,2015,158.41,39
1784966384,84,2015,150.99,39
1784966385,84,2015,155.88,39
1784966386,80,2021,155.11,39
1784966387,65,2021,153.82,39
1784966388,83,2021,148.98,39
1784966390,80,2021,151.96,39
1784966391,81,2021,153.42,39
1784966392,90,2021,150.95,39
1784966393,90,2021,149.50,39
1784966394,82,2021,153.96,39
1784966395,85,2021,152.99,39
1784966396,77,2021,149.29,39
1784966397,88,2021,145.77,39
1784966398,89,2021,142.45,38
1784966399,94,2021,137.88,38
1784966400,95,2021,136.02,38
1784966401,98,2021,130.59,38
1784966403,43,2021,122.02,38
1784966404,44,2021,121.62,38
1784966405,0,2021,117.16,38
1784966406,0,2021,115.47,38
1784966407,0,2021,115.45,38
1784966408,0,2021,115.57,38
1784966409,0,2021,115.44,38
1784966410,0,2021,115.36,38
1784966411,0,2021,115.38,38
1784966412,0,2021,115.62,38
1784966413,0,2021,115.42,38
1784966414,0,2021,115.34,37
1784966416,96,2979,175.54,40
1784966417,96,2979,275.47,41
1784966418,96,2979,282.22,42
1784966419,96,2979,279.47,42
1784966420,96,2979,282.44,43
1784966421,97,2979,286.52,43
1784966422,96,2979,281.50,43
1784966423,96,2979,290.22,43
1784966424,96,2979,286.64,44
1784966425,96,2979,284.75,44
1784966426,96,2979,270.95,42
1784966428,88,2979,172.98,41
1784966429,91,2979,168.71,41
1784966430,90,2979,175.13,41
1784966431,98,2979,172.55,41
1784966432,72,2979,169.39,41
1784966433,87,2979,176.08,41
1784966434,66,2979,166.11,41
1784966435,92,2979,170.73,41
1784966436,89,2979,170.77,41
1784966437,79,2979,170.92,41
1784966438,87,2979,171.13,41
1784966440,87,2979,174.06,41
1784966441,92,2979,170.06,41
1784966442,97,2979,169.01,41
1784966443,77,2979,171.63,41
1784966444,88,2979,172.28,41
1784966445,88,2979,174.13,41
1784966446,88,2979,168.73,41
1784966447,84,2979,168.05,41
1784966448,81,2979,169.29,41
1784966449,88,2979,172.11,41
1784966450,80,2979,167.60,41
1784966452,75,2979,170.02,41
1784966453,74,2979,160.09,41
1784966454,69,2979,168.41,41
1784966455,61,2979,165.09,41
1784966456,76,2979,166.92,41
1784966457,79,2979,163.66,41
1784966458,73,2979,166.03,41
1784966459,76,2979,165.59,41
1784966460,73,2979,163.06,41
1784966461,80,2979,162.66,41
1784966462,81,2979,161.01,41
1784966464,84,2979,159.20,41
1784966465,86,2979,161.07,41
1784966466,88,2979,155.30,41
1784966467,77,2979,155.37,41
1784966468,68,2979,155.73,41
1784966469,74,2979,154.15,41
1784966470,75,2979,153.16,41
1784966471,83,2979,150.82,40
1784966472,79,2979,154.88,41
1784966473,81,2979,151.54,40
1784966474,80,2979,150.59,41
1784966476,82,2979,152.14,41
1784966477,87,2979,150.26,40
1784966478,88,2979,144.94,40
1784966479,90,2979,140.45,40
1784966480,96,2979,137.04,40
1784966481,96,2979,134.41,40
1784966482,96,2979,133.07,40
1784966483,42,2979,126.57,40
1784966484,40,2979,124.75,39
1784966485,40,2979,122.62,39
1784966486,42,2979,122.57,39
1784966487,41,2979,122.25,39
1784966489,0,2979,119.68,39
1784966490,0,2979,116.67,39
1784966491,0,2979,116.69,39
1784966492,0,2979,116.85,39
1784966493,0,2979,116.58,39
1784966494,0,2979,116.54,39
1784966495,0,2979,116.64,39
1784966496,0,2979,116.40,39
1784966497,0,2979,116.44,39
1784966498,0,2979,116.73,39
1784966499,0,2979,116.38,39
1784966501,0,2979,116.51,39
1784966502,0,2979,116.76,39
1784966503,0,2979,116.48,39
1784966504,0,2979,116.51,39
1784966505,0,2979,116.68,39
1784966506,96,2979,285.81,42
1784966507,96,2979,281.90,43
1784966508,96,2979,285.06,43
1784966509,96,2979,279.48,44
1784966510,96,2979,292.89,44
1784966511,96,2979,288.11,44
1784966513,96,2979,289.25,45
1784966514,96,2979,285.66,45
1784966515,96,2979,284.26,45
1784966516,96,2979,291.63,45
1784966517,91,2979,214.52,43
1784966518,85,2979,166.72,42
1784966519,71,2979,169.96,42
1784966520,88,2979,166.99,42
1784966521,89,2979,171.82,42
1784966522,78,2979,166.96,42
1784966523,83,2979,174.29,42
1784966525,88,2979,166.23,42
1784966526,79,2979,166.44,42
1784966527,76,2979,166.66,42
1784966528,67,2979,164.36,42
1784966529,83,2979,166.71,42
1784966530,69,2979,163.53,41
1784966531,73,2979,165.08,41
1784966532,84,2979,160.84,42
1784966533,79,2979,168.59,42
1784966534,68,2979,160.10,41
1784966536,73,2979,160.01,41
1784966537,67,2979,158.58,41
1784966538,73,2979,162.45,42
1784966539,69,2979,164.35,41
1784966540,78,2979,163.21,41
1784966541,68,2979,159.82,41
1784966542,79,2979,161.50,41
1784966543,71,2979,154.69,41
1784966544,75,2979,151.71,41
1784966545,70,2979,154.09,41
1784966547,75,2979,153.32,41
1784966548,71,2979,151.19,41
1784966549,76,2979,153.02,41
1784966550,71,2979,156.01,41
1784966551,73,2979,155.03,41
1784966552,85,2979,149.90,41
1784966553,85,2979,149.51,41
1784966554,87,2979,148.52,41
1784966555,87,2979,147.59,41
1784966556,88,2979,148.27,41
1784966557,90,2979,145.35,41
1784966558,90,2979,143.52,41
1784966560,90,2979,143.52,41
1784966561,90,2979,142.71,41
1784966562,92,2979,142.39,41
1784966563,92,2979,141.09,40
1784966564,92,2979,139.76,40
1784966565,94,2979,137.77,40
1784966566,95,2979,135.47,40
1784966567,96,2979,133.87,40
1784966568,97,2979,133.66,40
1784966569,97,2979,133.45,40
1784966570,96,2979,132.04,40
1784966571,88,2979,132.02,40
1784966572,97,2979,132.01,40
1784966574,99,2979,131.26,40
1784966575,98,2979,130.45,40
1784966576,99,2979,130.18,40
1784966577,99,2979,129.41,40
1784966578,99,2979,129.25,40
1784966579,99,2979,129.17,40
1784966580,99,2979,129.47,40
1784966581,99,2979,129.05,40
1784966582,99,2979,129.34,40
1784966583,99,2979,129.03,40
1784966584,98,2979,129.00,40
1784966586,99,2979,129.10,40
1784966587,99,2979,128.93,40
1784966588,99,2979,128.82,39
1784966589,99,2979,129.23,39
1784966590,45,2979,126.14,39
1784966591,96,2979,203.71,42
1784966592,96,2979,287.60,43
1784966593,96,2979,288.82,44
1784966594,96,2979,287.86,44
1784966595,96,2979,286.11,44
1784966596,96,2979,283.31,45
1784966597,96,2979,288.49,45
1784966599,96,2979,287.71,45
1784966600,96,2979,289.14,45
1784966601,96,2979,285.06,45
1784966602,76,2979,254.57,43
1784966603,83,2979,170.00,42
1784966604,84,2979,165.99,42
1784966605,74,2979,164.95,42
1784966606,80,2979,166.00,42
1784966607,77,2979,164.14,42
1784966608,71,2979,167.05,42
1784966610,77,2979,161.70,42
1784966611,66,2979,163.55,42
1784966612,61,2979,157.63,41
1784966613,68,2979,160.18,42
1784966614,74,2979,159.32,41
1784966615,64,2979,155.36,41
1784966616,67,2979,157.57,41
1784966617,77,2979,154.76,41
1784966618,65,2979,149.29,41
1784966619,73,2979,156.25,41
1784966620,79,2979,155.55,41
1784966621,85,2979,149.06,41
1784966623,76,2979,148.52,41
1784966624,81,2979,148.96,41
1784966625,80,2979,147.63,41
1784966626,83,2979,146.87,41
1784966627,83,2979,147.90,41
1784966628,84,2979,146.83,41
1784966629,88,2979,143.11,41
1784966630,87,2979,139.17,40
1784966631,91,2979,137.28,40
1784966632,91,2979,138.91,40
1784966633,92,2979,137.90,40
1784966634,93,2979,137.24,40
1784966636,93,2979,135.69,40
1784966637,94,2979,135.38,40
1784966638,94,2979,134.42,40
1784966639,96,2979,133.30,40
1784966640,97,2979,133.09,40
1784966641,98,2979,133.46,40
1784966642,97,2979,132.55,40
1784966643,96,2979,133.05,40
1784966644,97,2979,132.11,40
1784966645,97,2979,130.75,40
1784966646,97,2979,129.61,40
1784966648,98,2979,129.61,40
1784966649,99,2979,130.09,40
1784966650,98,2979,129.21,40
1784966651,99,2979,129.03,40
1784966652,99,2979,129.10,40
1784966653,99,2979,128.85,40
1784966654,99,2979,129.06,40
1784966655,99,2979,128.83,39
1784966656,99,2979,128.95,39
1784966657,99,2979,128.91,39
1784966658,99,2979,128.73,39
1784966659,99,2979,128.84,39
1784966661,98,2979,129.13,39
1784966662,99,2979,128.91,39
1784966663,99,2979,129.06,39
1784966664,99,2979,128.74,39
1784966665,99,2979,128.67,39
1784966666,99,2979,128.66,39
1784966667,98,2979,128.63,39
1784966668,97,2979,129.07,39
1784966669,96,2979,240.77,43
1784966670,96,2979,286.33,43
1784966671,96,2979,285.42,44
1784966673,97,2979,286.04,44
1784966674,97,2979,288.39,44
1784966675,96,2979,287.78,45
1784966676,96,2979,286.05,45
1784966677,96,2979,285.37,45
1784966678,96,2979,285.60,45
1784966679,96,2979,283.40,45
1784966680,85,2979,198.36,43
1784966681,61,2979,160.14,42
1784966682,59,2979,163.35,42
1784966683,85,2979,165.11,42
1784966685,62,2979,161.90,41
1784966686,69,2979,159.74,42
1784966687,74,2979,155.02,41
1784966688,59,2979,160.66,41
1784966689,72,2979,157.37,41
1784966690,56,2979,157.50,41
1784966691,60,2979,156.85,41
1784966692,55,2979,157.30,41
1784966693,64,2979,159.73,41
1784966694,66,2979,156.64,41
1784966695,72,2979,156.85,41
1784966696,59,2979,155.15,41
1784966698,68,2979,151.36,41
1784966699,72,2979,148.60,41
1784966700,72,2979,150.14,41
1784966701,55,2979,147.71,41
1784966702,71,2979,150.16,41
1784966703,68,2979,153.43,41
1784966704,76,2979,156.02,41
1784966705,73,2979,155.03,41
1784966706,75,2979,152.90,41
1784966707,69,2979,154.98,41
1784966708,75,2979,150.90,41
1784966710,78,2979,147.96,41
1784966711,80,2979,148.00,41
1784966712,77,2979,149.34,41
1784966713,80,2979,148.36,41
1784966714,79,2979,146.74,41
1784966715,80,2979,146.14,41
1784966716,81,2979,145.80,41
1784966717,68,2979,145.89,41
1784966718,83,2979,144.55,41
1784966719,86,2979,144.05,40
1784966720,87,2979,141.79,40
1784966721,78,2979,142.16,40
1784966723,89,2979,140.69,40
1784966724,88,2979,139.00,40
1784966725,91,2979,138.14,40
1784966726,90,2979,136.09,40
1784966727,93,2979,135.69,40
1784966728,94,2979,133.16,40
1784966729,94,2979,133.26,40
1784966730,96,2979,133.46,40
1784966731,96,2979,133.55,40
1784966732,96,2979,132.88,40
1784966733,97,2979,132.50,40
1784966735,96,2979,132.45,40
1784966736,97,2979,132.53,40
1784966737,96,2979,132.59,40
1784966738,98,2979,133.08,40
1784966739,97,2979,132.62,40
1784966740,96,2979,132.20,40
1784966741,97,2979,132.31,40
1784966742,96,2979,132.41,40
1784966743,97,2979,132.63,40
1784966744,97,2979,132.88,40
1784966745,98,2979,132.56,40
1784966746,97,2979,132.59,40
1784966747,96,2979,130.57,39
1784966749,98,2979,130.79,39
1784966750,98,2979,130.74,39
1784966751,97,2979,130.76,39
1784966752,97,2979,131.00,39
1784966753,96,2979,130.89,39
1784966754,96,2979,130.66,39
1784966755,38,2979,127.46,39
1784966756,96,2979,244.57,42
1784966757,96,2979,285.94,43
1784966758,96,2979,282.45,44
1784966760,96,2979,284.05,44
1784966761,96,2979,284.47,44
1784966762,96,2979,281.23,45
1784966763,96,2979,285.12,45
1784966764,96,2979,287.38,45
1784966765,96,2979,289.12,45
1784966766,96,2979,290.10,45
1784966767,40,2979,172.63,42
1784966768,40,2979,128.37,41
1784966770,40,2979,128.56,41
1784966771,40,2979,126.99,41
1784966772,33,2979,124.89,41
1784966773,40,2979,127.73,40
1784966774,41,2979,127.73,40
1784966775,40,2979,127.79,40
1784966776,39,2979,127.30,40
1784966777,40,2979,127.23,40
1784966778,40,2979,127.96,40
1784966779,40,2979,128.30,40
1784966780,40,2979,127.87,40
1784966782,40,2979,126.89,40
1784966783,40,2979,129.11,40
1784966784,40,2979,127.81,40
1784966785,41,2979,127.08,40
1784966786,40,2979,127.73,40
1784966787,39,2979,127.27,40
1784966788,41,2979,126.49,40
1784966789,41,2979,126.86,40
1784966790,40,2979,127.29,39
1784966791,41,2979,127.97,39
1784966792,41,2979,127.11,39
1784966793,40,2979,128.49,39
1784966794,41,2979,127.48,39
1784966796,37,2979,127.10,39
1784966797,40,2979,125.56,39
1784966798,39,2979,126.32,39
1784966799,39,2979,125.94,39
1784966800,33,2979,125.40,39
1784966801,27,2979,124.78,39
1784966802,14,2979,121.76,39
1784966803,25,2979,120.92,39
1784966804,42,2979,122.40,39
1784966805,64,2979,160.24,40
1784966806,65,2979,157.98,40
1784966807,71,2979,160.78,40
1784966809,74,2979,157.00,40
1784966810,59,2979,151.94,40
1784966811,69,2979,158.33,40
1784966812,42,2979,153.52,40
1784966813,67,2979,155.85,40
1784966814,69,2979,157.20,40
1784966815,58,2979,157.51,40
1784966816,64,2979,152.98,40
1784966817,61,2979,154.30,40
1784966818,57,2979,154.60,40
1784966819,56,2979,151.93,40
1784966821,50,2979,152.74,40
1784966822,60,2979,151.83,40
1784966823,54,2979,155.68,40
1784966824,64,2979,155.16,40
1784966825,58,2979,154.96,40
1784966826,64,2979,154.55,40
1784966827,67,2979,150.91,40
1784966828,68,2979,147.13,40
1784966829,64,2979,150.52,40
1784966830,72,2979,149.47,40
1784966831,63,2979,147.17,40
1784966832,68,2979,147.39,40
1784966834,71,2979,148.73,40
1784966835,66,2979,147.07,40
1784966836,70,2979,151.45,40
1784966837,63,2979,149.06,40
1784966838,69,2979,151.34,40
1784966839,69,2979,148.08,40
1784966840,69,2979,147.30,40
1784966841,68,2979,147.73,40
1784966842,72,2979,147.76,40
1784966843,72,2979,148.88,40
1784966845,73,2979,147.77,40
1784966846,73,2979,146.90,40
1784966847,62,2979,148.62,40
1784966848,72,2979,150.36,40
1784966849,73,2979,150.27,40
1784966850,76,2979,147.68,40
1784966851,79,2979,147.18,40
1784966852,80,2979,146.63,40
1784966853,80,2979,142.80,40
1784966854,71,2979,143.77,40
1784966855,78,2979,143.69,40
1784966856,78,2979,143.70,40
1784966858,83,2979,145.70,40
1784966859,84,2979,144.84,40
1784966860,84,2979,145.62,40
1784966861,84,2979,145.83,40
1784966862,83,2979,146.06,40
1784966863,82,2979,144.85,40
1784966864,85,2979,144.74,40
1784966865,85,2979,145.55,40
1784966866,85,2979,145.60,40
1784966867,85,2979,145.55,40
1784966868,85,2979,144.54,40
1784966869,87,2979,144.17,40
1784966871,87,2979,142.75,40
1784966872,85,2979,144.16,40
1784966873,87,2979,143.56,40
1784966874,85,2979,143.43,40
1784966875,88,2979,143.20,40
1784966876,86,2979,142.66,40
1784966877,88,2979,143.35,40
1784966878,86,2979,143.59,40
1784966879,88,2979,143.87,40
1784966880,86,2979,142.86,40
1784966881,86,2979,144.11,40
1784966883,87,2979,142.12,40
1784966884,76,2979,142.48,40
1784966885,86,2979,143.02,40
1784966886,85,2979,143.11,40
1784966887,86,2979,142.75,40
1784966888,84,2979,142.85,40
1784966889,76,2979,142.61,40
1784966890,83,2979,141.98,40
1784966891,82,2979,139.05,40
1784966892,4,2979,123.05,39
1784966893,96,2979,267.41,43
1784966894,96,2979,285.79,43
1784966896,96,2979,284.40,44
1784966897,96,2979,286.75,44
1784966898,96,2979,286.98,44
1784966899,96,2979,285.45,44
1784966900,96,2979,284.90,45
1784966901,96,2979,287.79,45
1784966902,96,2979,283.71,45
1784966903,96,2979,287.24,45
1784966904,77,2979,208.75,43
1784966905,58,2979,160.71,42
1784966906,78,2979,166.23,42
1784966908,75,2979,165.06,42
1784966909,57,2979,158.26,42
1784966910,71,2979,163.77,42
1784966911,69,2979,156.07,42
1784966912,62,2979,159.90,42
1784966913,53,2979,157.62,42
1784966914,59,2979,156.22,42
1784966915,68,2979,158.97,42
1784966916,55,2979,151.86,41
1784966917,58,2979,156.83,41
1784966919,60,2979,156.67,41
1784966920,56,2979,152.43,41
1784966921,59,2979,153.24,41
1784966922,63,2979,154.09,41
1784966923,59,2979,150.61,41
1784966924,62,2979,155.75,41
1784966925,68,2979,152.70,41
1784966926,53,2979,147.75,41
1784966927,69,2979,150.19,41
1784966928,66,2979,151.00,41
1784966929,65,2979,148.97,41
1784966931,74,2979,147.14,41
1784966932,68,2979,147.00,41
1784966933,69,2979,147.99,41
1784966934,68,2979,150.05,41
1784966935,67,2979,154.70,41
1784966936,68,2979,151.31,41
1784966937,72,2979,154.15,41
1784966938,73,2979,154.43,41
1784966939,78,2979,151.04,41
1784966940,74,2979,148.78,41
1784966941,74,2979,148.10,41
1784966943,82,2979,148.53,41
1784966944,79,2979,148.00,41
1784966945,78,2979,146.50,41
1784966946,79,2979,147.78,41
1784966947,79,2979,147.35,41
1784966948,81,2979,146.78,41
1784966949,82,2979,147.68,41
1784966950,84,2979,146.92,41
1784966951,86,2979,147.30,41
1784966952,81,2979,145.69,41
1784966953,82,2979,144.04,41
1784966954,84,2979,143.23,41
1784966956,86,2979,141.30,41
1784966957,87,2979,142.89,41
1784966958,87,2979,142.20,40
1784966959,87,2979,143.08,40
1784966960,93,2979,143.15,40
1784966961,89,2979,142.95,40
1784966962,88,2979,142.90,40
1784966963,90,2979,143.06,40
1784966964,90,2979,142.66,40
1784966965,91,2979,139.63,40
1784966966,91,2979,140.50,40
1784966967,91,2979,141.00,40
1784966969,91,2979,141.13,40
1784966970,91,2979,140.13,40
1784966971,91,2979,140.24,40
1784966972,91,2979,140.49,40
1784966973,90,2979,139.23,40
1784966974,91,2979,139.87,40
1784966975,91,2979,138.88,40
1784966976,90,2979,139.55,40
1784966977,96,2979,139.59,40
1784966978,91,2979,138.55,40
1784966979,90,2979,138.31,40
1784966981,91,2979,138.17,40
1784966982,92,2979,138.74,40
1784966983,90,2979,138.32,40
1784966984,89,2979,137.58,40
1784966985,89,2979,136.67,40
1784966986,4,2979,126.52,40
1784966987,0,2979,116.92,39
1784966988,0,2979,116.93,39
1784966989,0,2979,116.75,39
1784966990,0,2979,117.16,39
1784966991,0,2979,116.64,39
1784966993,0,2979,116.75,39
1784966994,0,2979,116.82,39
1784966995,96,2979,217.80,42
1784966996,96,2979,286.21,43
1784966997,96,2979,284.89,44
1784966998,96,2979,285.85,44
1784966999,96,2979,287.45,44
1784967000,96,2979,284.93,45
1784967001,96,2979,287.66,45
1784967002,96,2979,284.31,45
1784967003,96,2979,279.94,45
1784967005,96,2979,280.07,45
1784967006,83,2979,240.44,43
1784967007,66,2979,158.10,42
1784967008,76,2979,163.23,42
1784967009,85,2979,163.29,42
1784967010,76,2979,163.96,42
1784967011,59,2979,160.04,42
1784967012,56,2979,154.68,42
1784967013,66,2979,161.68,42
1784967014,66,2979,157.07,42
1784967015,68,2979,158.16,42
1784967017,61,2979,158.01,42
1784967018,56,2979,151.92,42
1784967019,57,2979,154.80,42
1784967020,65,2979,157.28,42
1784967021,48,2979,152.26,42
1784967022,61,2979,156.57,42
1784967023,67,2979,154.57,42
1784967024,46,2979,151.19,41
1784967025,68,2979,152.39,41
1784967026,70,2979,150.38,41
1784967028,70,2979,149.44,41
1784967029,68,2979,148.83,41
1784967030,69,2979,150.85,41
1784967031,69,2979,148.56,41
1784967032,66,2979,146.74,41
1784967033,69,2979,151.01,41
1784967034,68,2979,150.47,41
1784967036,72,2979,151.32,41
1784967037,76,2979,150.14,41
1784967038,70,2979,153.42,41
1784967039,73,2979,150.17,41
1784967040,73,2979,150.76,41
1784967041,59,2979,150.40,41
1784967042,80,2979,147.99,41
1784967043,83,2979,148.59,41
1784967044,76,2979,146.39,41
1784967045,75,2979,145.85,41
1784967046,77,2979,147.69,41
1784967047,78,2979,145.82,41
1784967049,81,2979,147.41,41
1784967050,83,2979,145.12,41
1784967051,84,2979,146.64,41
1784967052,84,2979,145.10,41
1784967053,82,2979,143.97,41
1784967054,86,2979,144.01,41
1784967055,87,2979,143.71,41
1784967056,87,2979,143.92,41
1784967057,88,2979,144.30,41
1784967058,88,2979,143.77,41
1784967059,89,2979,144.70,41
1784967060,89,2979,142.47,41
1784967062,89,2979,142.82,41
1784967063,86,2979,143.20,41
1784967064,89,2979,143.22,41
1784967065,89,2979,143.41,41
1784967066,89,2979,143.02,41
1784967067,87,2979,142.02,41
1784967068,89,2979,143.52,41
1784967069,89,2979,142.74,41
1784967070,89,2979,142.84,41
1784967071,89,2979,141.03,41
1784967072,90,2979,142.67,40
1784967073,89,2979,143.01,41
1784967075,89,2979,142.35,41
1784967076,87,2979,143.20,41
1784967077,89,2979,143.16,41
1784967078,88,2979,143.38,41
1784967079,74,2979,141.89,40
1784967080,86,2979,142.50,41
1784967081,87,2979,142.40,41
1784967082,87,2979,143.18,41
1784967083,88,2979,142.56,40
1784967084,85,2979,141.07,40
1784967085,85,2979,142.93,40
1784967086,84,2979,142.30,40
1784967088,32,2979,135.74,40
1784967089,9,2979,122.75,40
1784967090,0,2979,117.10,40
1784967091,0,2979,117.14,40
1784967092,0,2979,116.98,40
1784967093,0,2979,117.00,40
1784967094,0,2979,116.98,39
1784967095,96,2979,162.36,42
1784967096,96,2979,287.42,43
1784967097,96,2979,285.60,44
1784967098,96,2979,287.56,44
1784967100,96,2979,283.37,45
1784967101,96,2979,287.56,45
1784967102,96,2979,280.28,45
1784967103,96,2979,278.47,45
1784967104,96,2979,286.06,45
1784967105,96,2979,288.91,45
1784967106,96,2979,273.51,44
1784967107,67,2979,163.78,43
1784967108,73,2979,159.70,42
1784967109,58,2979,160.91,42
1784967110,73,2979,162.55,42
1784967111,69,2979,158.00,42
1784967113,63,2979,157.09,42
1784967114,68,2979,151.69,42
1784967115,62,2979,155.34,42
1784967116,67,2979,157.63,42
1784967117,64,2979,155.38,42
1784967118,66,2979,153.45,42
1784967119,58,2979,153.66,42
1784967120,59,2979,155.02,42
1784967121,50,2979,157.44,42
1784967122,57,2979,154.04,42
1784967123,60,2979,151.98,42
1784967125,57,2979,154.19,41
1784967126,66,2979,151.85,41
1784967127,65,2979,151.16,41
1784967128,66,2979,149.85,41
1784967129,65,2979,152.54,41
1784967130,67,2979,152.68,41
1784967131,68,2979,149.84,41
1784967132,65,2979,150.65,41
1784967133,67,2979,149.42,41
1784967134,71,2979,150.90,41
1784967136,74,2979,151.43,41
1784967137,72,2979,149.70,41
1784967138,71,2979,146.02,41
1784967139,72,2979,146.86,41
1784967140,73,2979,147.84,41
1784967141,72,2979,146.21,41
1784967142,75,2979,148.01,41
1784967143,74,2979,149.18,41
1784967144,76,2979,151.10,41
1784967145,72,2979,153.10,41
1784967147,77,2979,154.04,41
1784967148,72,2979,152.31,41
1784967149,66,2979,151.04,41
1784967150,78,2979,151.59,41
1784967151,69,2979,149.06,41
1784967152,78,2979,147.87,41
1784967153,63,2979,147.30,41
1784967154,79,2979,149.33,41
1784967155,82,2979,145.79,41
1784967156,86,2979,143.77,41
1784967157,86,2979,145.00,41
1784967159,91,2979,143.45,41
1784967160,89,2979,144.56,41
1784967161,93,2979,144.03,41
1784967162,92,2979,143.94,41
1784967163,92,2979,143.78,41
1784967164,73,2979,142.92,41
1784967165,85,2979,146.44,41
1784967166,82,2979,146.15,41
1784967167,85,2979,147.32,41
1784967168,85,2979,147.46,41
1784967169,72,2979,146.88,41
1784967170,84,2979,147.56,41
1784967172,85,2979,147.71,41
1784967173,83,2979,149.08,41
1784967174,72,2979,146.87,41
1784967175,86,2979,147.45,41
1784967176,84,2979,147.47,41
1784967177,84,2979,147.85,41
1784967178,85,2979,148.45,41
1784967179,86,2979,147.61,41
1784967180,85,2979,146.23,41
1784967181,84,2979,146.45,41
1784967182,84,2979,145.84,41
1784967183,84,2979,145.26,41
1784967185,82,2979,147.19,41
1784967186,82,2979,146.74,41
1784967187,69,2979,145.93,41
1784967188,82,2979,145.66,41
1784967189,82,2979,145.27,41
1784967190,81,2979,144.32,41
1784967191,77,2979,141.15,40
1784967192,28,2979,131.42,40
1784967193,0,2979,120.31,40
1784967194,0,2979,117.06,40
1784967195,0,2979,117.22,40
1784967196,0,2979,116.91,40
1784967198,0,2979,117.12,40
1784967199,0,2979,116.97,40
1784967200,0,2979,116.97,39
1784967201,0,2979,117.16,39
1784967202,0,2979,116.80,39
1784967203,0,2979,117.14,39
1784967204,0,2979,116.87,39
1784967205,96,2979,232.71,43
1784967206,96,2979,287.11,43
1784967207,96,2979,287.69,44
1784967208,96,2979,283.28,44
1784967210,96,2979,285.60,45
1784967211,96,2979,286.89,45
1784967212,96,2979,287.92,45
1784967213,96,2979,287.62,45
1784967214,96,2979,284.48,45
1784967215,96,2979,279.39,45
1784967216,88,2979,227.07,43
1784967217,66,2979,159.55,42
1784967218,54,2979,161.02,42
1784967219,82,2979,158.89,42
1784967220,74,2979,161.42,42
1784967221,67,2979,158.57,42
1784967223,59,2979,158.28,42
1784967224,65,2979,156.92,42
1784967225,62,2979,154.01,42
1784967226,68,2979,159.74,42
1784967227,52,2979,152.79,42
1784967228,60,2979,156.46,42
1784967229,45,2979,153.80,42
1784967230,37,2979,155.32,42
1784967231,58,2979,155.66,42
1784967232,50,2979,156.06,42
1784967233,41,2979,154.28,42
1784967235,60,2979,155.72,42
1784967236,40,2979,150.27,41
1784967237,40,2979,150.01,41
1784967238,64,2979,149.02,41
1784967239,63,2979,146.14,41
1784967240,63,2979,147.84,41
1784967241,63,2979,148.95,41
1784967242,71,2979,150.29,41
1784967243,66,2979,148.98,41
1784967244,52,2979,147.38,41
1784967245,64,2979,150.43,41
1784967247,62,2979,147.97,41
1784967248,65,2979,149.08,41
1784967249,66,2979,149.00,41
1784967250,67,2979,149.19,41
1784967251,69,2979,150.49,41
1784967252,79,2979,149.31,41
1784967253,74,2979,146.52,41
1784967254,69,2979,151.41,41
1784967255,66,2979,148.13,41
1784967256,67,2979,153.64,41
1784967257,68,2979,151.00,41
1784967259,70,2979,152.05,41
1784967260,70,2979,153.42,41
1784967261,76,2979,147.57,41
1784967262,64,2979,148.21,41
1784967263,81,2979,145.53,41
1784967264,75,2979,150.00,41
1784967265,77,2979,149.97,41
1784967266,80,2979,150.49,41
1784967267,80,2979,151.75,41
1784967268,69,2979,151.24,41
1784967269,80,2979,152.07,41
1784967270,82,2979,150.80,41
1784967272,80,2979,151.90,41
1784967273,84,2979,151.99,41
1784967274,82,2979,150.73,41
1784967275,89,2979,150.58,41
1784967276,81,2979,151.39,41
1784967277,82,2979,152.99,41
1784967278,82,2979,151.33,41
1784967279,84,2979,151.07,41
1784967280,84,2979,150.78,41
1784967281,82,2979,150.57,41
1784967282,83,2979,148.70,41
1784967283,83,2979,149.87,41
1784967285,85,2979,150.94,41
1784967286,85,2979,149.76,41
1784967287,84,2979,150.31,41
1784967288,83,2979,150.27,41
1784967289,82,2979,150.02,41
1784967290,77,2979,147.84,41
1784967291,83,2979,149.62,41
1784967292,83,2979,149.29,41
1784967293,83,2979,149.33,41
1784967294,83,2979,149.55,41
1784967295,82,2979,149.24,41
1784967297,81,2979,149.62,41
1784967298,74,2979,147.74,41
1784967299,82,2979,147.49,41
1784967300,79,2979,148.10,41
1784967301,79,2979,148.66,41
1784967302,79,2979,147.44,41
1784967303,77,2979,144.79,41
1784967304,31,2979,131.15,40
1784967305,0,2979,120.26,40
1784967306,0,2979,117.15,40
1784967307,0,2979,117.32,40
1784967308,96,2979,194.26,43
1784967310,96,2979,279.85,44
1784967311,96,2979,280.92,44
1784967312,96,2979,285.03,45
1784967313,96,2979,285.13,45
1784967314,96,2979,284.28,45
1784967315,96,2979,289.03,45
1784967316,96,2979,276.17,45
1784967317,96,2979,276.87,45
1784967318,96,2979,285.06,46
1784967319,40,2979,238.28,43
1784967320,40,2979,129.36,42
1784967321,41,2979,128.15,42
1784967323,40,2979,128.54,41
1784967324,40,2979,125.64,41
1784967325,41,2979,123.80,41
1784967326,39,2979,126.01,41
1784967327,39,2979,128.24,41
1784967328,39,2979,127.84,41
1784967329,40,2979,127.84,41
1784967330,39,2979,127.73,41
1784967331,39,2979,127.94,41
1784967332,40,2979,127.84,41
1784967333,38,2979,127.09,40
1784967334,39,2979,127.46,40
1784967336,26,2979,126.28,40
1784967337,40,2979,127.66,40
1784967338,40,2979,127.78,40
1784967339,40,2979,128.80,40
1784967340,41,2979,127.29,40
1784967341,40,2979,128.30,40
1784967342,41,2979,127.80,40
1784967343,41,2979,128.11,40
1784967344,41,2979,127.84,40
1784967345,41,2979,127.63,40
1784967346,41,2979,127.83,40
1784967347,41,2979,127.33,40
1784967349,40,2979,128.61,40
1784967350,41,2979,127.29,40
1784967351,41,2979,127.16,40
1784967352,40,2979,127.60,40
1784967353,40,2979,127.22,40
1784967354,40,2979,127.54,40
1784967355,40,2979,127.60,40
1784967356,39,2979,126.47,39
1784967357,7,2979,125.40,39
1784967358,18,2979,126.43,39
1784967359,39,2979,126.93,39
1784967361,37,2979,126.40,39
1784967362,39,2979,126.10,39
1784967363,38,2979,122.38,39
1784967364,30,2979,121.31,39
1784967365,23,2979,120.29,39
1784967366,42,2979,122.31,39
1784967367,65,2979,149.01,40
1784967368,68,2979,159.97,40
1784967369,72,2979,159.87,40
1784967371,79,2979,159.30,40
1784967372,55,2979,159.69,40
1784967373,68,2979,160.88,40
1784967374,60,2979,156.02,40
1784967375,65,2979,157.27,40
1784967376,47,2979,155.25,40
1784967377,54,2979,152.76,40
1784967378,67,2979,151.43,40
1784967379,49,2979,155.76,40
1784967380,63,2979,152.91,40
1784967381,59,2979,152.70,40
1784967382,41,2979,151.20,40
1784967384,59,2979,150.61,40
1784967385,57,2979,153.08,40
1784967386,46,2979,151.02,40
1784967387,62,2979,148.77,40
1784967388,64,2979,149.49,40
1784967389,61,2979,146.38,40
1784967390,59,2979,144.65,40
1784967391,63,2979,143.82,40
1784967392,65,2979,148.03,40
1784967393,63,2979,148.39,40
1784967394,61,2979,147.71,40
1784967396,51,2979,145.23,40
1784967397,61,2979,149.47,40
1784967398,64,2979,147.22,40
1784967399,66,2979,148.10,40
1784967400,59,2979,147.99,40
1784967401,67,2979,149.37,40
1784967402,71,2979,151.60,40
1784967403,69,2979,150.76,40
1784967404,70,2979,150.84,40
1784967405,63,2979,148.24,40
1784967407,74,2979,144.12,40
1784967408,76,2979,143.67,40
1784967409,76,2979,148.94,40
1784967410,77,2979,148.45,40
1784967411,78,2979,148.57,40
1784967412,74,2979,147.39,40
1784967413,75,2979,147.79,40
1784967414,68,2979,147.56,40
1784967415,82,2979,147.11,40
1784967416,82,2979,146.14,40
1784967417,82,2979,146.49,40
1784967418,83,2979,146.58,40
1784967420,82,2979,146.79,40
1784967421,81,2979,147.53,40
1784967422,85,2979,146.95,40
1784967423,85,2979,146.40,40
1784967424,87,2979,146.74,40
1784967425,85,2979,147.04,40
1784967426,83,2979,146.64,40
1784967427,87,2979,146.12,40
1784967428,86,2979,145.76,40
1784967429,86,2979,145.24,40
1784967430,85,2979,145.17,40
1784967431,86,2979,146.07,40
1784967433,90,2979,145.20,40
1784967434,87,2979,145.54,40
1784967435,86,2979,146.32,40
1784967436,86,2979,146.15,40
1784967437,79,2979,144.91,40
1784967438,87,2979,145.54,40
1784967439,86,2979,145.57,40
1784967440,72,2979,144.28,40
1784967441,85,2979,145.25,40
1784967442,86,2979,145.41,40
1784967443,77,2979,145.45,40
1784967444,85,2979,145.39,40
1784967446,84,2979,144.92,40
1784967447,84,2979,144.80,40
1784967448,85,2979,145.37,40
1784967449,84,2979,143.70,40
1784967450,83,2979,144.85,40
1784967451,82,2979,144.04,40
1784967452,78,2979,139.59,40
1784967453,31,2979,128.76,40
1784967454,0,2979,117.31,39
1784967455,0,2979,116.97,39
1784967456,0,2979,117.11,39
1784967457,0,2979,116.79,39
1784967459,0,2979,116.92,39
1784967460,44,2979,146.97,42
1784967461,96,2979,274.52,43
1784967462,96,2979,283.07,43
1784967463,96,2979,280.47,44
1784967464,96,2979,280.99,44
1784967465,96,2979,289.60,45
1784967466,96,2979,292.03,45
1784967467,96,2979,275.20,45
1784967468,96,2979,278.37,45
1784967469,96,2979,277.86,45
1784967471,96,2979,288.84,44
1784967472,66,2979,160.74,42
1784967473,71,2979,158.77,42
1784967474,68,2979,162.14,42
1784967475,65,2979,157.70,42
1784967476,68,2979,162.15,42
1784967477,67,2979,157.02,42
1784967478,69,2979,156.66,42
1784967479,66,2979,154.27,42
1784967480,68,2979,160.41,42
1784967482,60,2979,154.75,42
1784967483,60,2979,153.72,42
1784967484,67,2979,154.51,42
1784967485,54,2979,154.50,42
1784967486,57,2979,152.38,42
1784967487,60,2979,152.63,42
1784967489,52,2979,153.14,41
1784967490,60,2979,156.05,41
1784967491,63,2979,150.20,41
1784967492,57,2979,151.58,41
1784967493,62,2979,151.15,41
1784967494,61,2979,148.64,41
1784967495,63,2979,148.82,41
1784967496,48,2979,149.39,41
1784967497,67,2979,147.61,41
1784967498,63,2979,149.59,41
1784967499,63,2979,150.19,41
1784967501,63,2979,145.75,41
1784967502,66,2979,147.56,41
1784967503,61,2979,148.21,41
1784967504,63,2979,148.27,41
1784967505,64,2979,145.07,41
1784967506,60,2979,144.97,41
1784967507,65,2979,144.95,41
1784967508,70,2979,150.03,41
1784967509,77,2979,149.74,41
1784967510,69,2979,150.16,41
1784967511,68,2979,153.69,41
1784967512,79,2979,154.24,41
1784967514,76,2979,152.88,41
1784967515,77,2979,155.01,41
1784967516,72,2979,154.67,41
1784967517,74,2979,152.96,41
1784967518,74,2979,152.65,41
1784967519,76,2979,154.05,41
1784967520,62,2979,153.23,41
1784967521,76,2979,153.48,41
1784967522,75,2979,153.28,41
1784967523,76,2979,152.13,41
1784967524,85,2979,150.46,41
1784967525,96,2979,148.58,41
1784967527,80,2979,148.32,41
1784967528,92,2979,149.86,41
1784967529,93,2979,150.79,41
1784967530,91,2979,147.41,41
1784967531,92,2979,150.59,41
1784967532,91,2979,150.20,41
1784967533,93,2979,148.00,41
1784967534,94,2979,148.29,41
1784967535,94,2979,147.72,41
1784967536,89,2979,147.04,41
1784967537,85,2979,147.35,41
1784967539,84,2979,149.72,41
1784967540,84,2979,150.94,41
1784967541,84,2979,149.43,41
1784967542,80,2979,152.17,41
1784967543,83,2979,150.74,41
1784967544,82,2979,151.83,41
1784967545,84,2979,150.81,41
1784967546,83,2979,151.07,41
1784967547,82,2979,148.76,41
1784967548,82,2979,149.16,41
1784967549,80,2979,148.68,41
1784967550,79,2979,150.30,41
1784967552,83,2979,148.12,41
1784967553,72,2979,150.08,41
1784967554,81,2979,148.92,41
1784967555,81,2979,148.70,41
1784967556,80,2979,147.91,41
1784967557,77,2979,147.65,41
1784967558,76,2979,148.39,41
1784967559,79,2979,146.70,41
1784967560,79,2979,139.17,40
1784967561,0,2979,118.30,40
1784967562,0,2979,117.29,40
1784967563,0,2979,117.04,40
1784967565,44,2979,132.02,42
1784967566,96,2979,278.80,43
1784967567,96,2979,273.85,44
1784967568,96,2979,283.46,44
1784967569,96,2979,280.85,45
1784967570,96,2979,281.39,45
1784967571,96,2979,281.66,45
1784967572,96,2979,285.06,45
1784967573,96,2979,278.29,45
1784967574,96,2979,274.37,46
1784967575,96,2979,288.81,46
1784967576,61,2979,154.40,43
1784967578,52,2979,155.40,43
1784967579,68,2979,158.24,42
1784967580,60,2979,156.75,42
1784967581,68,2979,161.10,42
1784967582,62,2979,156.53,42
1784967583,59,2979,154.75,42
1784967584,65,2979,153.39,42
1784967585,59,2979,155.52,42
1784967586,66,2979,156.26,42
1784967587,53,2979,152.09,42
1784967588,64,2979,154.04,42
1784967590,53,2979,149.57,42
1784967591,65,2979,152.69,42
1784967592,53,2979,151.55,42
1784967593,55,2979,152.22,42
1784967594,55,2979,151.92,42
1784967595,60,2979,148.82,42
1784967596,56,2979,152.74,42
1784967597,56,2979,151.44,42
1784967598,41,2979,150.90,42
1784967599,56,2979,152.11,42
1784967600,60,2979,150.00,42
1784967601,58,2979,148.93,41
1784967603,59,2979,149.66,41
1784967604,48,2979,148.97,41
1784967605,53,2979,149.64,41
1784967606,60,2979,148.98,41
1784967607,59,2979,150.74,41
1784967608,51,2979,149.55,41
1784967609,58,2979,149.53,41
1784967610,63,2979,153.43,41
1784967611,65,2979,152.65,41
1784967612,51,2979,152.25,41
1784967614,65,2979,152.74,41
1784967615,69,2979,150.47,41
1784967616,59,2979,149.39,41
1784967617,66,2979,148.65,41
1784967618,58,2979,151.06,41
1784967619,58,2979,151.27,41
1784967620,66,2979,151.24,41
1784967621,70,2979,151.27,41
1784967622,71,2979,148.67,41
1784967623,59,2979,147.06,41
1784967624,75,2979,147.18,41
1784967625,83,2979,146.36,41
1784967627,84,2979,145.49,41
1784967628,80,2979,145.82,41
1784967629,72,2979,145.48,41
1784967630,86,2979,146.63,41
1784967631,72,2979,154.32,41
1784967632,73,2979,156.20,41
1784967633,72,2979,154.60,41
1784967634,74,2979,152.62,41
1784967635,73,2979,154.78,41
1784967636,74,2979,155.79,41
1784967637,77,2979,156.53,41
1784967639,77,2979,155.93,41
1784967640,77,2979,154.06,41
1784967641,70,2979,155.00,41
1784967642,78,2979,156.16,41
1784967643,78,2979,156.04,41
1784967644,80,2979,158.01,41
1784967645,77,2979,157.95,41
1784967646,75,2979,156.21,41
1784967647,76,2979,153.35,41
1784967648,76,2979,156.97,41
1784967650,79,2979,156.88,41
1784967651,78,2979,157.96,41
1784967652,80,2979,155.69,41
1784967653,80,2979,154.18,41
1784967654,80,2979,155.58,41
1784967655,80,2979,154.92,41
1784967656,80,2979,154.68,41
1784967657,79,2979,154.61,41
1784967658,79,2979,155.11,41
1784967659,78,2979,155.18,41
1784967660,81,2979,155.72,41
1784967662,75,2979,152.44,41
1784967663,76,2979,155.61,41
1784967664,76,2979,156.39,41
1784967665,71,2979,155.16,41
1784967666,69,2979,153.99,41
1784967667,73,2979,154.16,41
1784967668,73,2979,151.27,41
1784967669,37,2979,139.82,41
1784967670,36,2979,137.88,41
1784967671,35,2979,139.37,41
1784967672,35,2979,139.68,41
1784967673,35,2979,138.89,41
1784967675,33,2979,137.00,41
1784967676,32,2979,139.23,40
1784967677,26,2979,132.89,40
1784967678,1,2979,119.98,40
1784967679,0,2979,117.11,40
1784967680,0,2979,117.19,40
1784967681,0,2979,117.22,40
1784967682,0,2979,116.95,40
1784967683,96,2979,204.63,43
1784967684,96,2979,283.55,44
1784967685,96,2979,279.76,44
1784967686,96,2979,279.41,45
1784967688,96,2979,279.20,45
1784967689,96,2979,286.46,45
1784967690,96,2979,279.24,45
1784967691,96,2979,281.22,45
1784967692,96,2979,282.64,46
1784967693,96,2979,287.96,46
1784967694,58,2979,247.91,44
1784967695,62,2979,155.18,43
1784967696,68,2979,157.01,42
1784967697,67,2979,160.70,42
1784967698,69,2979,150.60,42
1784967700,57,2979,156.42,42
1784967701,60,2979,151.85,42
1784967702,50,2979,150.50,42
1784967703,62,2979,154.41,42
1784967704,58,2979,152.60,42
1784967705,60,2979,153.11,42
1784967706,57,2979,153.91,42
1784967707,58,2979,152.86,42
1784967708,57,2979,147.53,42
1784967709,58,2979,152.58,42
1784967710,61,2979,149.99,42
1784967711,54,2979,148.45,42
1784967713,55,2979,150.73,42
1784967714,53,2979,153.10,42
1784967715,57,2979,153.17,41
1784967716,45,2979,152.12,42
1784967717,58,2979,152.53,41
1784967718,62,2979,152.77,42
1784967719,47,2979,152.43,41
1784967720,59,2979,151.62,41
1784967721,60,2979,150.01,41
1784967722,45,2979,147.58,41
1784967724,59,2979,148.18,41
1784967725,62,2979,149.65,41
1784967726,53,2979,147.16,41
1784967727,60,2979,145.31,41
1784967728,63,2979,148.39,41
1784967729,66,2979,145.85,41
1784967730,66,2979,151.99,41
1784967731,64,2979,147.63,41
1784967732,64,2979,149.06,41
1784967733,61,2979,144.78,41
1784967735,66,2979,146.36,41
1784967736,64,2979,146.97,41
1784967737,66,2979,146.16,41
1784967738,66,2979,144.47,41
1784967739,67,2979,145.00,41
1784967740,66,2979,147.07,41
1784967741,64,2979,148.42,41
1784967742,68,2979,147.44,41
1784967743,68,2979,149.66,41
1784967744,71,2979,152.92,41
1784967745,71,2979,154.00,41
1784967746,64,2979,150.50,41
1784967748,66,2979,153.82,41
1784967749,71,2979,151.94,41
1784967750,67,2979,151.35,41
1784967751,69,2979,149.77,41
1784967752,72,2979,153.16,41
1784967753,74,2979,152.45,41
1784967754,74,2979,151.62,41
1784967755,69,2979,156.08,41
1784967756,73,2979,151.85,41
1784967757,73,2979,152.95,41
1784967758,66,2979,153.29,41
1784967760,70,2979,151.91,41
1784967761,69,2979,156.39,41
1784967762,75,2979,161.24,41
1784967763,74,2979,160.51,41
1784967764,75,2979,159.64,41
1784967765,74,2979,155.45,41
1784967766,73,2979,158.68,41
1784967767,85,2979,157.94,41
1784967768,74,2979,161.82,41
1784967769,75,2979,158.35,41
1784967770,78,2979,154.98,41
1784967772,76,2979,154.50,41
1784967773,80,2979,157.38,41
1784967774,76,2979,158.71,41
1784967775,78,2979,155.32,41
1784967776,79,2979,157.28,41
1784967777,95,2979,154.07,41
1784967778,78,2979,156.91,41
1784967779,77,2979,155.96,41
1784967780,78,2979,156.55,41
1784967781,91,2979,157.95,41
1784967782,78,2979,156.65,41
1784967783,78,2979,156.52,41
1784967785,83,2979,156.05,41
1784967786,70,2979,154.39,41
1784967787,77,2979,156.33,41
1784967788,74,2979,153.40,41
1784967789,95,2979,159.61,41
1784967790,66,2979,157.01,41
1784967791,72,2979,154.37,41
1784967792,72,2979,155.52,41
1784967793,74,2979,154.10,41
1784967794,74,2979,156.65,41
1784967795,73,2979,155.60,41
1784967796,72,2979,155.08,41
1784967798,72,2979,150.93,41
1784967799,66,2979,141.04,41
1784967800,0,2979,119.59,41
1784967801,96,2979,283.07,44
1784967802,96,2979,275.51,44
1784967803,96,2979,270.71,45
1784967804,95,2979,278.01,45
1784967805,95,2979,279.88,45
1784967806,95,2979,280.98,45
1784967807,96,2979,279.57,45
1784967808,95,2979,279.60,46
1784967810,95,2979,279.42,46
1784967811,95,2979,278.60,46
1784967812,56,2979,190.74,43
1784967813,57,2979,154.60,43
1784967814,67,2979,159.66,43
1784967815,55,2979,157.64,43
1784967816,65,2979,160.88,43
1784967817,57,2979,152.82,42
1784967818,57,2979,151.51,42
1784967819,56,2979,151.51,42
1784967820,60,2979,153.86,42
1784967822,62,2979,149.59,42
1784967823,61,2979,152.15,42
1784967824,63,2979,151.14,42
1784967825,41,2979,149.50,42
1784967826,38,2979,150.00,42
1784967827,50,2979,150.51,42
1784967828,56,2979,154.31,42
1784967829,38,2979,148.78,42
1784967830,57,2979,153.48,42
1784967831,60,2979,154.87,42
1784967832,53,2979,149.63,42
1784967833,60,2979,151.02,42
1784967835,64,2979,152.34,42
1784967836,55,2979,150.67,42
1784967837,61,2979,147.08,41
1784967838,58,2979,149.38,41
1784967839,64,2979,147.44,41
1784967840,61,2979,146.79,41
1784967841,65,2979,143.60,41
1784967842,60,2979,144.74,41
1784967843,60,2979,144.71,41
1784967844,56,2979,143.86,41
1784967845,57,2979,146.26,41
1784967847,58,2979,143.50,41
1784967848,61,2979,145.18,41
1784967849,59,2979,147.75,41
1784967850,61,2979,145.32,41
1784967851,56,2979,144.49,41
1784967852,61,2979,149.89,41
1784967853,62,2979,148.68,41
1784967854,64,2979,147.47,41
1784967855,67,2979,150.03,41
1784967856,61,2979,148.82,41
1784967858,67,2979,151.82,41
1784967859,67,2979,149.10,41
1784967860,68,2979,147.23,41
1784967861,70,2979,154.11,41
1784967862,65,2979,152.74,41
1784967863,70,2979,154.89,41
1784967864,66,2979,153.35,41
1784967865,72,2979,155.17,41
1784967866,57,2979,152.45,41
1784967867,74,2979,156.53,41
1784967869,75,2979,156.45,41
1784967870,75,2979,157.02,41
1784967871,77,2979,155.20,41
1784967872,76,2979,153.75,41
1784967873,87,2979,156.45,41
1784967874,74,2979,156.43,41
1784967875,79,2979,157.62,41
1784967876,75,2979,157.80,41
1784967877,75,2979,154.99,41
1784967878,65,2979,158.05,41
1784967879,76,2979,157.46,41
1784967881,75,2979,159.70,41
1784967882,77,2979,157.33,41
1784967883,67,2979,161.30,41
1784967884,74,2979,160.09,41
1784967885,75,2979,159.05,41
1784967886,75,2979,157.93,41
1784967887,78,2979,158.48,41
1784967888,76,2979,159.95,41
1784967889,79,2979,157.53,41
1784967890,75,2979,158.88,41
1784967891,77,2979,158.43,41
1784967893,75,2979,156.63,41
1784967894,77,2979,159.50,41
1784967895,74,2979,155.54,41
1784967896,62,2979,157.77,41
1784967897,78,2979,159.38,41
1784967898,77,2979,160.50,41
1784967899,74,2979,156.88,41
1784967900,74,2979,157.22,41
1784967901,77,2979,155.74,41
1784967902,82,2979,159.09,41
1784967903,74,2979,157.54,41
1784967905,74,2979,157.36,41
1784967906,75,2979,155.62,41
1784967907,78,2979,159.97,41
1784967908,75,2979,157.79,41
1784967909,75,2979,158.01,41
1784967910,73,2979,159.45,41
1784967911,75,2979,157.65,41
1784967912,69,2979,150.25,41
1784967913,31,2979,137.69,41
1784967914,11,2979,122.41,40
1784967915,0,2979,117.37,40
1784967916,0,2979,117.37,40
1784967918,0,2979,117.10,40
1784967919,0,2979,117.29,40
1784967920,95,2979,233.47,43
1784967921,96,2979,282.17,44
1784967922,95,2979,277.37,44
1784967923,95,2979,284.30,45
1784967924,95,2979,280.35,45
1784967925,95,2979,284.70,45
1784967926,95,2979,284.09,45
1784967927,95,2979,283.15,45
1784967928,95,2979,278.08,46
1784967930,95,2979,282.82,46
1784967931,36,2979,222.94,43
1784967932,39,2979,127.77,42
1784967933,40,2979,128.54,42
1784967934,36,2979,127.18,41
1784967935,33,2979,126.80,41
1784967936,39,2979,127.39,41
1784967937,36,2979,127.06,41
1784967938,39,2979,127.53,41
1784967939,38,2979,127.09,41
1784967940,38,2979,127.49,41
1784967942,37,2979,127.03,41
1784967943,39,2979,127.62,41
1784967944,39,2979,127.63,41
1784967945,40,2979,127.20,41
1784967946,39,2979,127.22,40
1784967947,39,2979,126.99,40
1784967948,39,2979,128.18,40
1784967949,39,2979,127.29,40
1784967950,40,2979,126.95,40
1784967951,39,2979,128.18,40
1784967952,40,2979,127.72,40
1784967953,31,2979,127.69,40
1784967954,22,2979,125.64,40
1784967956,39,2979,126.02,40
1784967957,39,2979,126.05,40
1784967958,37,2979,126.06,40
1784967959,37,2979,125.71,40
1784967960,16,2979,121.78,40
1784967961,4,2979,122.67,40
1784967962,0,2979,120.68,40
1784967963,41,2979,122.20,40
1784967964,41,2979,122.27,39
1784967965,77,2979,139.54,40
1784967966,58,2979,154.24,40
1784967967,65,2979,154.10,40
1784967969,65,2979,154.51,40
1784967970,61,2979,155.70,40
1784967971,54,2979,152.40,40
1784967972,59,2979,152.38,40
1784967973,49,2979,150.16,40
1784967974,58,2979,150.69,40
1784967975,52,2979,148.82,40
1784967976,55,2979,151.67,40
1784967977,47,2979,148.31,40
1784967978,61,2979,150.47,40
1784967980,54,2979,151.36,40
1784967981,57,2979,149.93,40
1784967982,48,2979,148.76,40
1784967983,55,2979,151.79,40
1784967984,34,2979,147.77,40
1784967985,52,2979,151.02,40
1784967986,45,2979,145.99,40
1784967987,56,2979,152.47,40
1784967988,60,2979,149.89,40
1784967989,53,2979,151.40,40
1784967990,59,2979,153.36,40
1784967991,61,2979,148.57,40
1784967993,52,2979,148.39,40
1784967994,56,2979,145.41,40
1784967995,59,2979,147.50,40
1784967996,56,2979,144.60,40
1784967997,59,2979,145.25,40
1784967998,56,2979,145.85,40
1784967999,59,2979,145.52,40
1784968000,50,2979,141.81,40
1784968001,61,2979,144.81,40
1784968002,60,2979,145.35,40
1784968003,62,2979,146.74,40
1784968005,58,2979,144.58,40
1784968006,61,2979,149.32,40
1784968007,63,2979,149.85,40
1784968008,62,2979,149.86,40
1784968009,66,2979,149.25,40
1784968010,65,2979,148.58,40
1784968011,67,2979,148.93,40
1784968012,72,2979,149.26,40
1784968013,68,2979,147.56,40
1784968014,68,2979,148.29,40
1784968015,67,2979,149.29,40
1784968017,68,2979,150.22,40
1784968018,72,2979,150.24,40
1784968019,75,2979,148.23,40
1784968020,69,2979,151.63,40
1784968021,70,2979,147.53,40
1784968022,70,2979,150.59,40
1784968023,72,2979,149.61,40
1784968024,74,2979,149.39,40
1784968025,72,2979,149.47,40
1784968026,61,2979,148.60,40
1784968027,69,2979,150.38,40
1784968029,73,2979,150.67,40
1784968030,74,2979,150.26,40
1784968031,76,2979,151.21,40
1784968032,73,2979,146.77,40
1784968033,75,2979,149.89,40
1784968034,70,2979,149.89,40
1784968035,78,2979,151.14,40
1784968036,78,2979,150.68,40
1784968037,69,2979,149.05,40
1784968038,73,2979,149.34,40
1784968040,75,2979,152.50,40
1784968041,73,2979,151.19,40
1784968042,74,2979,150.24,40
1784968043,78,2979,150.06,40
1784968044,76,2979,149.68,40
1784968045,75,2979,151.65,40
1784968046,79,2979,149.93,40
1784968047,75,2979,153.71,41
1784968048,68,2979,153.99,41
1784968049,77,2979,155.70,41
1784968050,77,2979,154.65,41
1784968051,77,2979,159.78,41
1784968053,77,2979,159.15,41
1784968054,64,2979,157.76,41
1784968055,81,2979,158.88,41
1784968056,95,2979,157.56,41
1784968057,76,2979,156.62,41
1784968058,77,2979,159.39,41
1784968059,86,2979,155.33,41
1784968060,80,2979,155.21,41
1784968061,76,2979,156.32,41
1784968062,71,2979,154.12,41
1784968063,74,2979,158.15,41
1784968065,74,2979,158.68,41
1784968066,74,2979,156.66,41
1784968067,75,2979,155.60,41
1784968068,74,2979,155.39,41
1784968069,68,2979,149.09,41
1784968070,31,2979,139.69,40
1784968071,30,2979,138.78,40
1784968072,24,2979,129.06,40
1784968073,21,2979,145.40,42
1784968074,95,2979,277.91,43
1784968075,95,2979,279.78,44
1784968076,96,2979,285.63,44
1784968078,95,2979,277.76,45
1784968079,95,2979,287.50,45
1784968080,95,2979,279.08,45
1784968081,95,2979,276.06,45
1784968082,95,2979,273.52,45
1784968083,95,2979,273.64,45
1784968084,95,2979,277.48,45
1784968085,63,2979,154.78,43
1784968086,67,2979,159.20,42
1784968087,51,2979,158.92,42
1784968089,76,2979,156.83,42
1784968090,68,2979,161.52,42
1784968091,50,2979,156.80,42
1784968092,57,2979,155.91,42
1784968093,65,2979,159.84,42
1784968094,66,2979,154.39,42
1784968095,63,2979,158.41,42
1784968096,56,2979,152.00,42
1784968097,47,2979,151.38,42
1784968098,53,2979,152.27,41
1784968099,53,2979,151.89,41
1784968101,53,2979,152.25,42
1784968102,57,2979,153.24,42
1784968103,54,2979,155.02,41
1784968104,62,2979,149.83,41
1784968105,62,2979,151.14,41
1784968106,56,2979,152.46,41
1784968107,56,2979,148.07,41
1784968108,63,2979,148.66,41
1784968109,62,2979,146.44,41
1784968110,66,2979,145.72,41
1784968111,61,2979,144.11,41
1784968112,61,2979,145.60,41
1784968114,63,2979,147.46,41
1784968115,61,2979,145.32,41
1784968116,62,2979,146.46,41
1784968117,62,2979,150.03,41
1784968118,66,2979,148.59,41
1784968119,66,2979,150.57,41
1784968120,68,2979,150.00,41
1784968121,65,2979,146.90,41
1784968122,74,2979,146.94,41
1784968123,68,2979,148.52,41
1784968125,76,2979,146.02,41
1784968126,67,2979,147.12,41
1784968127,69,2979,148.18,41
1784968128,75,2979,146.56,41
1784968129,69,2979,148.71,41
1784968130,65,2979,150.97,41
1784968131,68,2979,150.58,41
1784968132,62,2979,150.37,41
1784968133,74,2979,150.82,41
1784968134,74,2979,149.04,41
1784968135,74,2979,158.58,41
1784968137,73,2979,156.95,41
1784968138,75,2979,157.43,41
1784968139,77,2979,157.37,41
1784968140,73,2979,156.95,41
1784968141,73,2979,155.50,41
1784968142,81,2979,156.88,41
1784968143,78,2979,155.31,41
1784968144,80,2979,158.44,41
1784968145,81,2979,154.66,41
1784968146,81,2979,157.16,41
1784968147,80,2979,157.59,41
1784968148,80,2979,157.07,41
1784968150,80,2979,156.73,41
1784968151,80,2979,156.82,41
1784968152,78,2979,155.89,41
1784968153,79,2979,154.88,41
1784968154,79,2979,154.82,41
1784968155,79,2979,155.07,41
1784968156,78,2979,155.54,41
1784968157,81,2979,157.24,41
1784968158,81,2979,155.12,41
1784968159,80,2979,157.10,41
1784968160,81,2979,156.36,41
1784968161,81,2979,155.44,41
1784968163,79,2979,154.37,41
1784968164,80,2979,153.54,41
1784968165,79,2979,154.83,41
1784968166,78,2979,154.76,41
1784968167,77,2979,153.08,41
1784968168,78,2979,155.80,41
1784968169,79,2979,154.28,41
1784968170,79,2979,153.91,41
1784968171,80,2979,155.05,41
1784968172,78,2979,153.92,41
1784968173,89,2979,156.70,41
1784968175,66,2979,153.74,41
1784968176,75,2979,153.79,41
1784968177,29,2979,141.88,41
1784968178,35,2979,135.11,41
1784968179,2,2979,120.88,40
1784968180,0,2979,117.42,40
1784968181,0,2979,117.09,40
1784968182,0,2979,117.33,40
1784968183,0,2979,117.00,40
1784968184,0,2979,117.07,40
1784968185,95,2979,201.03,43
1784968186,95,2979,282.46,44
1784968187,95,2979,282.85,44
1784968189,95,2979,279.18,45
1784968190,95,2979,282.45,45
1784968191,95,2979,277.30,45
1784968192,95,2979,278.84,45
1784968193,95,2979,281.15,45
1784968194,95,2979,274.36,45
1784968195,95,2979,272.52,46
1784968196,56,2979,251.58,44
1784968197,68,2979,159.76,43
1784968198,55,2979,153.75,43
1784968199,68,2979,159.48,43
1784968201,74,2979,161.32,42
1784968202,73,2979,155.30,42
1784968203,65,2979,158.63,42
1784968204,58,2979,152.48,42
1784968205,66,2979,155.11,42
1784968206,65,2979,158.05,42
1784968207,47,2979,151.64,42
1784968208,66,2979,155.97,42
1784968209,62,2979,154.36,42
1784968210,52,2979,151.59,42
1784968211,63,2979,155.89,42
1784968213,58,2979,154.59,42
1784968214,55,2979,149.49,42
1784968215,54,2979,151.28,42
1784968216,58,2979,154.76,42
1784968217,55,2979,150.66,42
1784968218,54,2979,153.01,42
1784968219,60,2979,154.43,42
1784968220,60,2979,150.75,42
1784968221,58,2979,148.25,41
1784968222,62,2979,150.93,41
1784968224,60,2979,150.51,41
1784968225,59,2979,150.49,41
1784968226,66,2979,151.32,41
1784968227,60,2979,150.42,41
1784968228,63,2979,150.87,41
1784968229,64,2979,149.79,41
1784968230,47,2979,146.78,41
1784968231,60,2979,147.99,41
1784968232,59,2979,148.09,41
1784968233,49,2979,145.08,41
1784968234,64,2979,146.03,41
1784968236,63,2979,149.81,41
1784968237,69,2979,148.73,41
1784968238,62,2979,147.28,41
1784968239,69,2979,147.72,41
1784968240,73,2979,151.00,41
1784968241,71,2979,148.86,41
1784968242,71,2979,148.33,41
1784968243,75,2979,146.84,41
1784968244,72,2979,148.21,41
1784968245,75,2979,148.76,41
1784968246,82,2979,151.06,41
1784968247,73,2979,153.08,41
1784968249,75,2979,155.00,41
1784968250,76,2979,154.61,41
1784968251,77,2979,154.20,41
1784968252,75,2979,151.78,41
1784968253,82,2979,153.24,41
1784968254,84,2979,156.51,41
1784968255,78,2979,157.46,41
1784968256,81,2979,158.45,41
1784968257,84,2979,163.65,41
1784968258,86,2979,164.40,41
1784968260,90,2979,168.05,41
1784968261,94,2979,165.00,41
1784968262,91,2979,168.89,42
1784968263,86,2979,164.53,41
1784968264,88,2979,166.41,41
1784968265,85,2979,164.75,42
1784968266,85,2979,165.83,42
1784968267,86,2979,170.33,42
1784968268,75,2979,168.59,42
1784968269,91,2979,165.82,42
1784968270,93,2979,166.91,42
1784968272,94,2979,162.28,42
1784968273,90,2979,161.97,41
1784968274,87,2979,164.75,42
1784968275,90,2979,164.61,42
1784968276,84,2979,160.62,41
1784968277,86,2979,160.06,41
1784968278,83,2979,160.55,41
1784968279,82,2979,159.79,41
1784968280,81,2979,157.70,41
1784968281,80,2979,158.12,41
1784968282,80,2979,158.67,41
1784968284,79,2979,158.78,41
1784968285,80,2979,157.83,41
1784968286,87,2979,157.63,41
1784968287,79,2979,155.60,41
1784968288,85,2979,157.78,41
1784968289,75,2979,154.37,41
1784968290,77,2979,154.66,41
1784968291,73,2979,153.90,41
1784968292,73,2979,152.57,41
1784968293,71,2979,147.98,41
1784968294,28,2979,130.93,40
1784968295,0,2979,118.40,40
1784968297,0,2979,117.30,40
1784968298,0,2979,117.28,40
1784968299,0,2979,117.34,40
1784968300,0,2979,117.06,40
1784968301,0,2979,117.17,40
1784968302,0,2979,116.98,40
1784968303,0,2979,117.38,40
1784968304,0,2979,116.99,40
1784968305,0,2979,117.01,40
1784968306,96,2979,170.63,42
1784968307,95,2979,279.26,43
1784968309,95,2979,278.44,44
1784968310,95,2979,284.80,44
1784968311,95,2979,274.65,45
1784968312,95,2979,279.36,45
1784968313,95,2979,277.33,45
1784968314,95,2979,273.86,45
1784968315,95,2979,279.62,45
1784968316,95,2979,283.58,46
1784968317,95,2979,272.09,44
1784968318,64,2979,162.67,43
1784968319,67,2979,157.50,43
1784968321,65,2979,156.76,42
1784968322,72,2979,157.17,42
1784968323,57,2979,157.09,42
1784968324,62,2979,153.45,42
1784968325,61,2979,154.30,42
1784968326,50,2979,154.13,42
1784968327,58,2979,153.98,42
1784968328,61,2979,152.79,42
1784968329,54,2979,152.78,42
1784968330,61,2979,153.59,42
1784968331,60,2979,150.43,42
1784968332,42,2979,152.10,42
1784968334,53,2979,150.73,42
1784968335,55,2979,151.26,42
1784968336,55,2979,152.72,42
1784968337,51,2979,149.99,42
1784968338,57,2979,153.19,42
1784968339,45,2979,150.11,42
1784968340,55,2979,151.37,41
1784968341,49,2979,151.30,42
1784968342,63,2979,150.34,41
1784968343,60,2979,150.41,41
1784968345,61,2979,152.65,42
1784968346,63,2979,150.69,41
1784968347,57,2979,149.98,41
1784968348,63,2979,150.22,41
1784968349,65,2979,150.08,41
1784968350,54,2979,148.19,41
1784968351,64,2979,150.49,41
1784968352,53,2979,150.20,41
1784968353,67,2979,148.45,41
1784968354,66,2979,147.81,41
1784968355,69,2979,146.07,41
1784968357,71,2979,144.28,41
1784968358,70,2979,147.42,41
1784968359,68,2979,147.69,41
1784968360,75,2979,146.85,41
1784968361,73,2979,149.59,41
1784968362,76,2979,147.72,41
1784968363,80,2979,150.42,41
1784968364,68,2979,149.59,41
1784968365,83,2979,151.18,41
1784968366,83,2979,156.02,41
1784968367,79,2979,157.77,41
1784968369,73,2979,158.03,41
1784968370,83,2979,159.54,41
1784968371,89,2979,164.32,41
1784968372,85,2979,158.66,41
1784968373,92,2979,161.24,42
1784968374,92,2979,166.12,42
1784968375,89,2979,165.89,41
1784968376,84,2979,164.50,42
1784968377,74,2979,163.14,41
1784968378,80,2979,164.08,41
1784968379,80,2979,160.77,41
1784968381,84,2979,165.81,42
1784968382,89,2979,165.08,42
1784968383,85,2979,161.88,42
1784968384,88,2979,164.13,42
1784968385,80,2979,163.99,42
1784968386,92,2979,165.53,42
1784968387,90,2979,163.25,42
1784968388,96,2979,167.33,42
1784968389,91,2979,164.48,42
1784968390,88,2979,164.95,42
1784968391,85,2979,165.86,42
1784968393,77,2979,163.69,42
1784968394,91,2979,165.39,42
1784968395,92,2979,163.95,42
1784968396,93,2979,165.32,42
1784968397,92,2979,164.62,42
1784968398,71,2979,162.17,42
1784968399,82,2979,163.86,42
1784968400,78,2979,158.27,41
1784968401,78,2979,159.68,42
1784968402,78,2979,160.34,42
1784968404,81,2979,163.82,42
1784968405,72,2979,159.62,42
1784968406,82,2979,160.60,42
1784968407,78,2979,161.74,42
1784968408,84,2979,161.55,42
1784968409,79,2979,156.42,42
1784968410,82,2979,164.25,42
1784968411,74,2979,155.34,41
1784968412,69,2979,149.71,41
1784968413,19,2979,129.40,41
1784968414,0,2979,117.55,40
1784968415,0,2979,117.59,40
1784968417,0,2979,117.55,40
1784968418,0,2979,117.26,40
1784968419,0,2979,117.44,40
1784968420,0,2979,117.13,40
1784968421,0,2979,117.52,40
1784968422,0,2979,117.11,40
1784968423,0,2979,117.33,40
1784968424,0,2979,117.25,40
1784968425,0,2979,117.04,40
1784968426,0,2979,117.20,40
1784968427,0,2979,116.93,40
1784968428,0,2979,117.19,40
1784968430,0,2979,116.92,40
1784968431,0,2979,117.03,40
1784968432,96,2979,199.51,42
1784968433,95,2979,279.54,43
1784968434,95,2979,283.01,44
1784968435,95,2979,280.74,44
1784968436,95,2979,277.22,45
1784968437,95,2979,281.32,45
1784968438,95,2979,277.96,45
1784968439,95,2979,285.53,45
1784968440,96,2979,279.27,45
1784968442,95,2979,274.18,46
1784968443,61,2979,192.13,43
1784968444,65,2979,158.36,43
1784968445,66,2979,159.16,42
1784968447,77,2979,156.32,42
1784968448,67,2979,161.13,42
1784968449,58,2979,155.23,42
1784968450,58,2979,154.15,42
1784968451,63,2979,157.57,42
1784968452,64,2979,156.43,42
1784968453,62,2979,155.57,42
1784968454,53,2979,152.40,42
1784968455,55,2979,151.36,42
1784968456,55,2979,149.39,42
1784968458,52,2979,153.20,42
1784968459,56,2979,155.27,42
1784968460,53,2979,150.28,42
1784968461,55,2979,155.55,42
1784968462,59,2979,154.13,42
1784968463,50,2979,151.24,42
1784968464,58,2979,156.85,42
1784968465,62,2979,151.76,42
1784968466,59,2979,153.52,42
1784968467,58,2979,151.84,42
1784968469,62,2979,151.36,42
1784968470,58,2979,152.54,41
1784968471,59,2979,153.26,41
1784968472,50,2979,149.68,41
1784968473,63,2979,149.71,41
1784968474,62,2979,147.94,41
1784968475,62,2979,150.37,41
1784968476,64,2979,151.70,41
1784968477,53,2979,150.57,41
1784968478,63,2979,149.71,41
1784968479,66,2979,149.85,41
1784968481,68,2979,149.18,41
1784968482,54,2979,148.40,41
1784968483,68,2979,149.40,41
1784968484,70,2979,148.97,41
1784968485,67,2979,150.46,41
1784968486,61,2979,147.50,41
1784968487,65,2979,145.28,41
1784968488,66,2979,149.94,41
1784968489,68,2979,148.11,41
1784968490,71,2979,148.25,41
1784968491,65,2979,149.13,41
1784968492,74,2979,151.27,41
1784968494,74,2979,148.88,41
1784968495,73,2979,151.06,41
1784968496,68,2979,154.33,41
1784968497,63,2979,152.76,41
1784968498,71,2979,156.45,41
1784968499,71,2979,159.07,41
1784968500,64,2979,155.73,41
1784968501,73,2979,155.38,41
1784968502,72,2979,157.87,41
1784968503,70,2979,155.52,41
1784968504,71,2979,153.37,41
1784968506,72,2979,154.43,41
1784968507,76,2979,154.62,41
1784968508,79,2979,154.36,41
1784968509,73,2979,154.47,41
1784968510,78,2979,154.25,41
1784968511,72,2979,152.06,41
1784968512,82,2979,157.47,41
1784968513,78,2979,152.13,41
1784968514,73,2979,153.17,41
1784968515,76,2979,151.54,41
1784968516,75,2979,152.75,41
1784968518,75,2979,154.66,41
1784968519,77,2979,155.98,41
1784968520,74,2979,155.17,41
1784968521,82,2979,153.63,41
1784968522,75,2979,152.77,41
1784968523,82,2979,151.48,41
1784968524,79,2979,156.95,41
1784968525,78,2979,151.25,41
1784968526,78,2979,153.76,41
1784968527,68,2979,155.27,41
1784968528,78,2979,153.41,41
1784968530,81,2979,154.68,41
1784968531,77,2979,149.65,41
1784968532,75,2979,156.66,41
1784968533,73,2979,155.40,41
1784968534,74,2979,153.49,41
1784968535,74,2979,153.51,41
1784968536,76,2979,155.02,41
1784968537,73,2979,150.46,41
1784968538,74,2979,152.20,41
1784968539,72,2979,153.06,41
1784968540,73,2979,152.25,41
1784968542,81,2979,151.55,41
1784968543,78,2979,153.98,41
1784968544,80,2979,151.52,41
1784968545,52,2979,141.38,41
1784968546,34,2979,134.23,40
1784968547,32,2979,133.54,40
1784968548,31,2979,133.10,40
1784968549,8,2979,123.16,40
1784968550,0,2979,117.41,40
1784968551,95,2979,259.93,43
1784968552,95,2979,277.92,44
1784968553,95,2979,282.63,44
1784968555,95,2979,282.53,45
1784968556,96,2979,285.63,45
1784968557,95,2979,282.37,45
1784968558,95,2979,281.21,45
1784968559,95,2979,282.52,46
1784968560,95,2979,282.59,46
1784968561,95,2979,280.64,46
1784968562,38,2979,176.97,42
1784968563,40,2979,128.44,42
1784968564,39,2979,128.82,42
1784968565,39,2979,127.87,41
1784968566,40,2979,126.72,41
1784968568,38,2979,125.08,41
1784968569,38,2979,128.13,41
1784968570,38,2979,127.94,41
1784968571,40,2979,127.62,41
1784968572,37,2979,127.38,41
1784968573,37,2979,127.27,41
1784968574,37,2979,126.83,41
1784968575,38,2979,127.02,41
1784968576,39,2979,128.00,41
1784968577,40,2979,127.03,41
1784968578,39,2979,127.40,40
1784968579,40,2979,127.91,40
1784968581,39,2979,127.67,40
1784968582,39,2979,127.42,40
1784968583,39,2979,127.56,40
1784968584,37,2979,126.96,40
1784968585,32,2979,127.02,40
1784968586,39,2979,126.12,40
1784968587,38,2979,126.31,40
1784968588,38,2979,126.52,40
1784968589,37,2979,126.01,40
1784968590,37,2979,126.41,40
1784968591,18,2979,121.97,40
1784968592,29,2979,122.18,40
1784968593,3,2979,121.36,40
1784968595,42,2979,121.94,40
1784968596,81,2979,150.54,40
1784968597,68,2979,157.18,41
1784968598,65,2979,157.81,41
1784968599,52,2979,152.86,41
1784968600,73,2979,160.26,41
1784968601,64,2979,155.69,41
1784968602,56,2979,149.31,41
1784968603,64,2979,156.73,41
1784968604,59,2979,153.97,41
1784968605,61,2979,151.30,41
1784968606,62,2979,151.97,41
1784968608,59,2979,152.66,41
1784968609,42,2979,147.69,41
1784968610,54,2979,147.74,41
1784968611,58,2979,150.57,41
1784968612,44,2979,148.36,41
1784968613,55,2979,154.01,41
1784968614,56,2979,151.05,40
1784968615,58,2979,146.35,40
1784968616,60,2979,149.55,40
1784968617,60,2979,148.73,40
1784968618,66,2979,149.65,40
1784968620,70,2979,145.33,40
1784968621,57,2979,147.20,40
1784968622,60,2979,146.66,40
1784968623,59,2979,147.04,40
1784968624,60,2979,142.69,40
1784968625,63,2979,145.33,40
1784968626,64,2979,148.07,40
1784968627,50,2979,145.18,40
1784968628,61,2979,147.10,40
1784968629,64,2979,145.63,40
1784968630,74,2979,145.62,40
1784968632,61,2979,145.42,40
1784968633,66,2979,147.30,40
1784968634,66,2979,148.09,40
1784968635,66,2979,150.26,40
1784968636,50,2979,148.05,40
1784968637,57,2979,147.88,40
1784968638,70,2979,152.08,40
1784968639,66,2979,149.46,40
1784968640,67,2979,148.55,40
1784968641,73,2979,152.05,40
1784968642,61,2979,146.67,40
1784968643,68,2979,147.62,40
1784968645,72,2979,149.93,40
1784968646,73,2979,150.53,40
1784968647,73,2979,151.11,40
1784968648,64,2979,151.82,40
1784968649,56,2979,150.16,40
1784968650,73,2979,152.15,41
1784968651,75,2979,153.54,41
1784968652,73,2979,153.87,41
1784968653,75,2979,155.59,40
1784968654,75,2979,156.59,41
1784968655,77,2979,158.11,41
1784968657,78,2979,159.04,41
1784968658,75,2979,160.17,41
1784968659,80,2979,159.85,41
1784968660,79,2979,162.41,41
1784968661,81,2979,160.77,41
1784968662,73,2979,160.16,41
1784968663,84,2979,159.79,41
1784968664,87,2979,161.54,41
1784968665,87,2979,164.69,41
1784968666,79,2979,159.49,41
1784968667,82,2979,161.60,41
1784968668,80,2979,160.56,41
1784968670,78,2979,162.12,41
1784968671,78,2979,158.90,41
1784968672,79,2979,160.43,41
1784968673,84,2979,163.06,41
1784968674,90,2979,162.77,41
1784968675,87,2979,157.77,41
1784968676,87,2979,161.73,41
1784968677,88,2979,159.06,41
1784968678,69,2979,161.14,41
1784968679,85,2979,161.53,41
1784968681,76,2979,161.33,41
1784968682,75,2979,158.04,41
1784968683,78,2979,157.88,41
1784968684,77,2979,163.59,41
1784968685,78,2979,159.68,41
1784968686,84,2979,158.40,41
1784968687,80,2979,158.00,41
1784968688,84,2979,159.44,41
1784968689,73,2979,159.51,41
1784968690,70,2979,146.94,41
1784968691,34,2979,138.45,41
1784968693,31,2979,136.62,40
1784968694,26,2979,128.25,40
1784968695,0,2979,117.96,40
1784968696,0,2979,117.06,40
1784968697,0,2979,117.29,40
1784968698,0,2979,116.98,40
1784968699,0,2979,117.16,40
1784968700,0,2979,116.99,40
1784968701,0,2979,116.80,40
1784968702,0,2979,117.13,40
1784968703,0,2979,116.90,39
1784968705,0,2979,117.09,39
1784968706,0,2979,116.79,39
1784968707,0,2979,116.75,39
1784968708,0,2979,117.00,39
1784968709,0,2979,116.82,39
1784968710,0,2979,116.94,39
1784968711,96,2979,229.76,42
1784968712,95,2979,281.79,43
1784968713,95,2979,279.41,44
1784968714,95,2979,280.64,44
1784968715,95,2979,283.05,44
1784968716,95,2979,276.87,45
1784968718,95,2979,273.67,45
1784968719,95,2979,286.70,45
1784968720,95,2979,274.13,45
1784968721,95,2979,285.96,45
1784968722,85,2979,239.26,43
1784968723,60,2979,156.65,42
1784968724,68,2979,158.40,42
1784968725,52,2979,155.55,42
1784968726,70,2979,160.31,42
1784968727,60,2979,157.02,42
1784968728,58,2979,149.68,42
1784968730,63,2979,150.79,42
1784968731,61,2979,152.08,41
1784968732,60,2979,153.01,41
1784968733,59,2979,151.75,41
1784968734,59,2979,154.98,41
1784968735,57,2979,152.91,41
1784968736,56,2979,148.92,41
1784968737,57,2979,150.35,41
1784968738,46,2979,148.66,41
1784968739,48,2979,148.71,41
1784968740,51,2979,150.29,41
1784968742,40,2979,148.67,41
1784968743,40,2979,151.31,41
1784968744,50,2979,150.64,41
1784968745,54,2979,152.45,41
1784968746,60,2979,151.43,41
1784968747,57,2979,148.29,41
1784968748,57,2979,148.33,41
1784968749,58,2979,148.34,41
1784968750,59,2979,144.44,41
1784968751,57,2979,149.63,41
1784968752,60,2979,148.85,41
1784968753,44,2979,145.60,41
1784968755,62,2979,145.44,41
1784968756,61,2979,148.79,41
1784968757,64,2979,147.84,41
1784968758,65,2979,144.93,41
1784968759,62,2979,146.85,41
1784968760,64,2979,148.82,41
1784968761,68,2979,149.79,41
1784968762,67,2979,146.74,41
1784968763,72,2979,148.02,41
1784968764,64,2979,148.94,41
1784968765,63,2979,146.34,41
1784968767,67,2979,147.57,41
1784968768,71,2979,150.17,41
1784968769,69,2979,149.69,41
1784968770,73,2979,149.73,41
1784968771,68,2979,152.50,41
1784968772,78,2979,156.04,41
1784968773,85,2979,154.21,41
1784968774,59,2979,152.50,41
1784968775,76,2979,155.58,41
1784968776,76,2979,154.36,41
1784968777,77,2979,160.09,41
1784968779,82,2979,156.09,41
1784968780,79,2979,153.29,41
1784968781,78,2979,153.91,41
1784968782,78,2979,160.68,41
1784968783,79,2979,155.01,41
1784968784,72,2979,157.76,41
1784968785,86,2979,160.86,41
1784968786,82,2979,154.12,41
1784968787,84,2979,156.68,41
1784968788,67,2979,155.99,41
1784968789,85,2979,157.70,41
1784968791,82,2979,159.16,41
1784968792,77,2979,154.93,41
1784968793,63,2979,154.32,41
1784968794,80,2979,152.41,41
1784968795,79,2979,151.49,41
1784968796,78,2979,152.57,41
1784968797,74,2979,152.63,41
1784968798,76,2979,151.65,41
1784968799,79,2979,151.17,41
1784968800,91,2979,154.51,41
1784968801,75,2979,153.68,41
1784968803,76,2979,152.09,41
1784968804,76,2979,153.76,41
1784968805,72,2979,161.15,41
1784968806,74,2979,161.00,41
1784968807,67,2979,159.32,41
1784968808,75,2979,159.63,41
1784968809,75,2979,158.76,41
1784968810,75,2979,159.32,41
1784968811,75,2979,159.78,41
1784968812,74,2979,156.48,41
1784968814,74,2979,159.16,41
1784968815,73,2979,160.20,41
1784968816,69,2979,158.10,41
1784968817,74,2979,156.42,41
1784968818,74,2979,157.58,41
1784968819,71,2979,158.18,41
1784968820,70,2979,154.66,41
1784968821,70,2979,152.47,41
1784968822,70,2979,152.96,41
1784968823,64,2979,152.71,41
1784968824,32,2979,138.87,41
1784968825,18,2979,125.56,40
1784968827,0,2979,117.35,40
1784968828,0,2979,117.49,40
1784968829,0,2979,117.18,40
1784968830,0,2979,117.39,40
1784968831,0,2979,116.92,40
1784968832,0,2979,117.15,40
1784968833,95,2979,275.65,43
1784968834,95,2979,280.76,44
1784968835,95,2979,278.68,44
1784968836,95,2979,282.32,44
1784968837,95,2979,280.89,45
1784968839,95,2979,278.93,45
1784968840,96,2979,278.34,45
1784968841,95,2979,273.14,45
1784968842,95,2979,274.86,45
1784968843,95,2979,280.12,45
1784968844,71,2979,197.33,43
1784968845,55,2979,152.48,42
1784968846,53,2979,151.71,42
1784968847,58,2979,150.05,42
1784968848,52,2979,152.22,42
1784968849,56,2979,152.65,42
1784968851,52,2979,150.20,42
1784968852,51,2979,150.23,42
1784968853,52,2979,149.83,42
1784968854,54,2979,149.31,42
1784968855,53,2979,148.32,42
1784968856,53,2979,149.27,42
1784968857,57,2979,149.67,42
1784968858,50,2979,149.24,41
1784968859,35,2979,146.43,41
1784968860,52,2979,150.80,41
1784968861,55,2979,147.59,41
1784968862,52,2979,151.93,41
1784968864,53,2979,149.89,41
1784968865,45,2979,149.44,41
1784968866,55,2979,149.84,41
1784968867,54,2979,147.99,41
1784968868,53,2979,148.03,41
1784968869,54,2979,147.43,41
1784968870,42,2979,149.22,41
1784968871,57,2979,146.45,41
1784968872,55,2979,147.52,41
1784968873,51,2979,147.11,41
1784968874,50,2979,145.91,41
1784968876,58,2979,148.10,41
1784968877,62,2979,144.28,41
1784968878,58,2979,146.98,41
1784968879,58,2979,145.60,41
1784968880,60,2979,145.77,41
1784968881,50,2979,146.48,41
1784968882,63,2979,147.53,41
1784968883,63,2979,147.63,41
1784968884,60,2979,146.86,41
1784968885,54,2979,145.60,41
1784968887,60,2979,145.43,41
1784968888,72,2979,147.22,41
1784968889,75,2979,148.15,41
1784968890,72,2979,149.46,41
1784968891,73,2979,150.48,41
1784968892,80,2979,149.99,41
1784968893,73,2979,147.34,41
1784968894,80,2979,150.02,41
1784968895,79,2979,147.74,41
1784968896,85,2979,150.88,41
1784968897,86,2979,150.68,41
1784968899,76,2979,149.87,41
1784968900,80,2979,151.46,41
1784968901,88,2979,151.15,41
1784968902,78,2979,150.00,41
1784968903,83,2979,151.24,41
1784968904,81,2979,152.34,41
1784968905,81,2979,152.71,41
1784968906,82,2979,148.44,41
1784968907,87,2979,153.67,41
1784968908,90,2979,152.38,41
1784968909,80,2979,151.52,41
1784968911,86,2979,151.99,41
1784968912,81,2979,154.66,41
1784968913,80,2979,153.14,41
1784968914,79,2979,155.26,41
1784968915,78,2979,154.62,41
1784968916,78,2979,153.09,41
1784968917,76,2979,154.19,41
1784968918,77,2979,154.31,41
1784968919,77,2979,160.34,41
1784968920,77,2979,159.22,41
1784968921,84,2979,163.39,41
1784968922,78,2979,163.60,41
1784968924,81,2979,164.75,41
1784968925,79,2979,162.07,41
1784968926,79,2979,165.24,41
1784968927,73,2979,161.87,41
1784968928,79,2979,164.87,41
1784968929,81,2979,161.95,41
1784968930,81,2979,163.86,41
1784968931,82,2979,162.73,41
1784968932,78,2979,161.21,41
1784968934,68,2979,161.37,41
1784968935,78,2979,160.40,41
1784968936,76,2979,156.76,41
1784968937,80,2979,159.02,41
1784968938,77,2979,162.56,42
1784968939,76,2979,160.53,41
1784968940,74,2979,158.29,41
1784968941,69,2979,157.98,41
1784968942,70,2979,158.00,41
1784968943,67,2979,159.30,41
1784968944,77,2979,160.74,41
1784968946,73,2979,155.75,41
1784968947,32,2979,142.83,41
1784968948,30,2979,137.88,41
1784968949,7,2979,125.79,40
1784968950,0,2979,117.38,40
1784968951,0,2979,117.46,40
1784968952,0,2979,117.08,40
1784968953,0,2979,117.36,42
1784968954,95,2979,283.51,44
1784968955,96,2979,283.05,44
1784968956,95,2979,280.33,45
1784968957,95,2979,277.65,45
1784968958,95,2979,283.10,45
1784968960,95,2979,278.50,45
1784968961,95,2979,289.75,46
1784968962,95,2979,273.59,46
1784968963,95,2979,277.21,46
1784968964,96,2979,285.14,46
1784968965,71,2979,185.20,43
1784968966,47,2979,154.02,43
1784968967,57,2979,148.81,42
1784968968,49,2979,154.13,42
1784968969,61,2979,159.05,42
1784968970,61,2979,151.21,42
1784968972,54,2979,150.13,42
1784968973,55,2979,151.48,42
1784968974,53,2979,150.80,42
1784968975,55,2979,151.51,42
1784968976,55,2979,151.55,42
1784968977,59,2979,146.49,42
1784968978,52,2979,146.58,42
1784968979,47,2979,147.27,42
1784968980,50,2979,145.67,42
1784968981,52,2979,150.30,42
1784968982,56,2979,149.29,42
1784968983,52,2979,150.23,42
1784968985,52,2979,145.58,42
1784968986,57,2979,149.66,42
1784968987,52,2979,149.25,42
1784968988,53,2979,149.92,42
1784968989,52,2979,149.49,41
1784968990,56,2979,150.90,41
1784968991,50,2979,149.34,41
1784968992,44,2979,148.77,41
1784968993,57,2979,151.23,41
1784968994,52,2979,147.49,41
1784968995,52,2979,148.87,41
1784968997,54,2979,149.25,41
1784968998,43,2979,150.09,41
1784968999,52,2979,151.85,41
1784969000,53,2979,148.03,41
1784969001,44,2979,147.32,41
1784969002,53,2979,149.53,41
1784969003,54,2979,148.35,41
1784969004,58,2979,151.08,41
1784969005,53,2979,146.92,41
1784969006,59,2979,149.12,41
1784969007,68,2979,148.76,41
1784969009,64,2979,145.39,41
1784969010,59,2979,149.40,41
1784969011,63,2979,148.48,41
1784969012,64,2979,149.04,41
1784969013,66,2979,151.28,41
1784969014,61,2979,151.38,41
1784969015,70,2979,151.61,41
1784969016,67,2979,156.02,41
1784969017,64,2979,155.22,41
1784969018,67,2979,154.64,41
1784969019,66,2979,155.62,41
1784969021,68,2979,156.18,41
1784969022,57,2979,154.67,41
1784969023,66,2979,154.46,41
1784969024,68,2979,155.31,41
1784969025,65,2979,152.24,41
1784969026,68,2979,157.00,41
1784969027,65,2979,156.56,41
1784969028,69,2979,155.31,41
1784969029,70,2979,155.37,41
1784969030,72,2979,153.61,41
1784969031,73,2979,153.51,41
1784969032,69,2979,155.13,41
1784969034,69,2979,157.97,41
1784969035,69,2979,152.87,41
1784969036,70,2979,154.61,41
1784969037,71,2979,156.58,41
1784969038,72,2979,156.90,41
1784969039,75,2979,157.19,41
1784969040,70,2979,155.51,41
1784969041,71,2979,156.84,41
1784969042,71,2979,153.42,41
1784969043,72,2979,153.11,41
1784969044,69,2979,156.93,41
1784969046,70,2979,153.89,41
1784969047,72,2979,156.16,41
1784969048,70,2979,154.22,41
1784969049,65,2979,153.42,41
1784969050,71,2979,154.20,41
1784969051,73,2979,157.10,41
1784969052,68,2979,152.63,41
1784969053,70,2979,154.19,41
1784969054,69,2979,156.71,41
1784969055,71,2979,153.16,41
1784969057,72,2979,153.90,41
1784969058,75,2979,154.22,41
1784969059,73,2979,155.04,41
1784969060,64,2979,154.54,41
1784969061,61,2979,154.74,41
1784969062,70,2979,156.01,41
1784969063,70,2979,153.71,41
1784969064,67,2979,155.89,41
1784969065,74,2979,152.96,41
1784969066,68,2979,153.24,41
1784969067,67,2979,153.92,41
1784969069,68,2979,150.27,41
1784969070,67,2979,151.45,41
1784969071,68,2979,150.95,41
1784969072,64,2979,152.80,41
1784969073,65,2979,152.50,41
1784969074,66,2979,151.39,41
1784969075,68,2979,151.16,41
1784969076,65,2979,149.35,41
1784969077,28,2979,137.07,41
1784969078,30,2979,135.82,41
1784969079,28,2979,133.27,41
1784969080,20,2979,126.08,40
1784969082,0,2979,117.44,40
1784969083,95,2979,232.39,43
1784969084,95,2979,276.85,44
1784969085,95,2979,280.04,44
1784969086,95,2979,279.40,45
1784969087,95,2979,279.73,45
1784969088,96,2979,282.30,45
1784969089,95,2979,280.55,46
1784969090,95,2979,283.75,46
1784969091,95,2979,281.36,46
1784969092,95,2979,272.44,46
1784969093,77,2979,224.57,44
1784969095,58,2979,157.50,43
1784969096,57,2979,150.63,42
1784969097,55,2979,149.04,42
1784969098,65,2979,150.81,42
1784969099,56,2979,152.72,42
1784969100,54,2979,145.94,42
1784969101,53,2979,148.59,42
1784969102,43,2979,148.63,42
1784969103,53,2979,149.95,42
1784969104,51,2979,149.04,42
1784969105,53,2979,149.43,42
1784969107,47,2979,147.07,42
1784969108,54,2979,148.70,42
1784969109,55,2979,148.44,42
1784969110,53,2979,148.35,41
1784969111,52,2979,147.95,41
1784969112,54,2979,149.71,41
1784969113,51,2979,148.28,41
1784969114,51,2979,150.26,41
1784969115,52,2979,149.85,41
1784969116,50,2979,150.93,41
1784969117,52,2979,151.01,41
1784969119,35,2979,149.34,41
1784969120,51,2979,151.65,41
1784969121,56,2979,148.12,41
1784969122,54,2979,149.07,41
1784969123,55,2979,145.89,41
1784969124,42,2979,146.65,41
1784969125,56,2979,148.08,41
1784969126,56,2979,149.92,41
1784969127,58,2979,150.59,41
1784969128,54,2979,147.23,41
1784969129,58,2979,147.06,41
1784969131,59,2979,147.96,41
1784969132,58,2979,145.58,41
1784969133,58,2979,149.64,41
1784969134,59,2979,148.48,41
1784969135,60,2979,147.68,41
1784969136,60,2979,147.73,41
1784969137,65,2979,154.45,41
1784969138,61,2979,153.97,41
1784969139,63,2979,155.34,41
1784969140,66,2979,154.71,41
1784969141,60,2979,154.15,41
1784969142,69,2979,151.42,41
1784969144,68,2979,151.94,41
1784969145,67,2979,155.21,41
1784969146,70,2979,157.69,41
1784969147,66,2979,154.26,41
1784969148,67,2979,154.19,41
1784969149,65,2979,153.76,41
1784969150,66,2979,155.01,41
1784969151,67,2979,152.13,41
1784969152,61,2979,156.31,41
1784969153,66,2979,153.21,41
1784969155,67,2979,153.40,41
1784969156,66,2979,154.49,41
1784969157,65,2979,154.49,41
1784969158,68,2979,154.92,41
1784969159,69,2979,154.70,41
1784969160,70,2979,155.23,41
1784969161,69,2979,154.22,41
1784969162,69,2979,154.69,41
1784969163,72,2979,157.03,41
1784969164,66,2979,156.86,41
1784969165,71,2979,153.42,41
1784969167,67,2979,152.93,41
1784969168,70,2979,156.33,41
1784969169,80,2979,153.56,41
1784969170,87,2979,150.89,41
1784969171,80,2979,151.52,41
1784969172,89,2979,150.89,41
1784969173,88,2979,149.26,41
1784969174,90,2979,153.76,41
1784969175,89,2979,150.06,41
1784969176,87,2979,150.90,41
1784969178,87,2979,151.79,41
1784969179,87,2979,152.85,41
1784969180,79,2979,150.71,41
1784969181,87,2979,151.47,41
1784969182,88,2979,149.17,41
1784969183,88,2979,148.08,41
1784969184,86,2979,151.98,41
1784969185,84,2979,149.46,41
1784969186,85,2979,148.38,41
1784969187,75,2979,149.57,41
1784969188,85,2979,149.82,41
1784969190,84,2979,149.70,41
1784969191,77,2979,147.99,41
1784969192,69,2979,148.60,41
1784969193,81,2979,148.30,41
1784969194,85,2979,147.90,41
1784969195,71,2979,147.87,41
1784969196,79,2979,149.64,41
1784969197,60,2979,147.32,41
1784969198,34,2979,137.21,41
1784969199,32,2979,136.29,40
1784969200,32,2979,136.61,40
1784969202,32,2979,134.15,40
1784969203,32,2979,136.12,40
1784969204,24,2979,134.46,40
1784969205,27,2979,134.95,40
1784969206,28,2979,132.85,40
1784969207,13,2979,123.59,40
1784969208,0,2979,117.23,40
1784969209,96,2979,259.74,43
1784969210,95,2979,279.01,44
1784969211,95,2979,280.67,44
1784969212,95,2979,274.02,45
1784969213,95,2979,282.06,45
1784969215,95,2979,287.15,45
1784969216,95,2979,276.95,45
1784969217,95,2979,280.24,45
1784969218,95,2979,287.42,45
1784969219,95,2979,281.29,46
1784969220,37,2979,170.62,42
1784969221,40,2979,128.00,42
1784969222,39,2979,128.52,41
1784969223,39,2979,127.60,41
1784969224,39,2979,126.31,41
1784969226,38,2979,127.66,41
1784969227,39,2979,127.63,41
1784969228,38,2979,127.53,41
1784969229,39,2979,127.29,41
1784969230,38,2979,127.09,41
1784969231,40,2979,127.64,41
1784969232,38,2979,126.92,41
1784969233,39,2979,127.60,40
1784969234,40,2979,127.60,40
1784969235,39,2979,127.42,40
1784969236,39,2979,126.96,40
1784969237,40,2979,127.33,40
1784969239,40,2979,127.82,40
1784969240,38,2979,127.06,40
1784969241,38,2979,127.14,40
1784969242,29,2979,127.29,40
1784969243,38,2979,125.61,40
1784969244,37,2979,125.65,40
1784969245,37,2979,126.15,40
1784969246,37,2979,124.70,40
1784969247,38,2979,125.94,40
1784969248,38,2979,124.29,40
1784969249,5,2979,123.13,40
1784969251,39,2979,122.34,40
1784969252,40,2979,121.78,39
1784969253,41,2979,122.33,39
1784969254,60,2979,139.20,40
1784969255,58,2979,151.48,40
1784969256,55,2979,149.83,40
1784969257,46,2979,150.85,40
1784969258,66,2979,151.74,40
1784969259,59,2979,152.49,40
1784969260,57,2979,150.70,40
1784969261,50,2979,150.47,40
1784969263,59,2979,148.95,40
1784969264,42,2979,150.40,40
1784969265,46,2979,149.52,40
1784969266,53,2979,150.10,40
1784969267,56,2979,148.84,40
1784969268,45,2979,148.34,40
1784969269,51,2979,146.10,40
1784969270,50,2979,149.43,40
1784969271,50,2979,150.08,40
1784969272,53,2979,148.66,40
1784969273,51,2979,151.50,40
1784969275,52,2979,148.16,40
1784969276,52,2979,149.96,40
1784969277,49,2979,149.92,40
1784969278,52,2979,149.75,40
1784969279,53,2979,151.46,40
1784969280,53,2979,146.92,40
1784969281,54,2979,148.37,40
1784969282,59,2979,149.92,40
1784969283,56,2979,151.58,40
1784969284,45,2979,147.12,40
1784969285,57,2979,149.34,40
1784969287,55,2979,148.70,40
1784969288,58,2979,149.07,40
1784969289,58,2979,148.16,40
1784969290,55,2979,150.45,40
1784969291,65,2979,149.85,40
1784969292,61,2979,147.83,40
1784969293,62,2979,148.70,40
1784969294,60,2979,149.04,40
1784969295,52,2979,148.94,40
1784969296,66,2979,152.36,40
1784969297,64,2979,148.55,40
1784969298,59,2979,148.43,40
1784969300,51,2979,146.27,40
1784969301,63,2979,148.58,40
1784969302,69,2979,148.88,40
1784969303,65,2979,145.56,40
1784969304,67,2979,147.04,40
1784969305,68,2979,149.75,40
1784969306,69,2979,146.31,40
1784969307,67,2979,149.30,40
1784969308,69,2979,147.82,40
1784969309,71,2979,148.07,40
1784969311,75,2979,150.12,40
1784969312,77,2979,152.57,40
1784969313,79,2979,153.61,40
1784969314,70,2979,150.51,40
1784969315,78,2979,153.45,40
1784969316,77,2979,153.36,40
1784969317,85,2979,151.73,41
1784969318,85,2979,152.32,40
1784969319,80,2979,155.39,40
1784969320,66,2979,153.28,40
1784969321,80,2979,153.73,41
1784969322,73,2979,153.21,40
1784969324,86,2979,155.63,41
1784969325,85,2979,154.18,41
1784969326,85,2979,153.27,41
1784969327,84,2979,157.59,41
1784969328,87,2979,155.56,41
1784969329,87,2979,152.23,41
1784969330,88,2979,154.58,41
1784969331,88,2979,155.62,41
1784969332,87,2979,155.12,41
1784969333,88,2979,154.34,41
1784969334,76,2979,154.61,41
1784969335,74,2979,153.70,41
1784969337,85,2979,153.88,41
1784969338,87,2979,153.44,41
1784969339,88,2979,153.42,41
1784969340,89,2979,154.18,41
1784969341,87,2979,153.42,41
1784969342,89,2979,154.86,41
1784969343,73,2979,152.95,41
1784969344,88,2979,155.01,41
1784969345,88,2979,153.22,41
1784969346,77,2979,152.74,41
1784969347,77,2979,153.86,41
1784969349,77,2979,152.79,41
1784969350,76,2979,151.45,41
1784969351,75,2979,153.47,41
1784969352,75,2979,152.46,41
1784969353,81,2979,152.89,41
1784969354,80,2979,151.97,41
1784969355,80,2979,152.46,41
1784969356,79,2979,152.68,41
1784969357,74,2979,152.57,41
1784969358,64,2979,150.82,40
1784969359,32,2979,134.61,40
1784969361,31,2979,133.11,40
1784969362,28,2979,130.76,40
1784969363,9,2979,120.49,40
1784969364,0,2979,117.22,40
1784969365,0,2979,116.92,40
1784969366,0,2979,116.86,40
1784969367,0,2979,117.06,39
1784969368,95,2979,277.23,43
1784969369,95,2979,283.59,44
1784969370,95,2979,277.92,44
1784969371,95,2979,286.31,44
1784969372,95,2979,272.20,45
1784969374,95,2979,284.87,45
1784969375,95,2979,287.96,45
1784969376,95,2979,279.87,45
1784969377,95,2979,275.00,45
1784969378,95,2979,280.45,45
1784969379,56,2979,190.06,43
1784969380,57,2979,154.63,42
1784969381,56,2979,149.89,42
1784969382,55,2979,150.42,42
1784969383,62,2979,153.46,42
1784969384,55,2979,150.99,42
1784969386,44,2979,147.96,42
1784969387,53,2979,149.07,42
1784969388,50,2979,148.33,42
1784969389,55,2979,151.33,42
1784969390,51,2979,149.56,42
1784969391,54,2979,147.62,42
1784969392,49,2979,148.35,41
1784969393,57,2979,150.96,41
1784969394,53,2979,149.57,41
1784969395,51,2979,146.58,41
1784969396,49,2979,148.81,41
1784969398,47,2979,150.88,41
1784969399,52,2979,147.90,41
1784969400,56,2979,148.72,41
1784969401,50,2979,149.76,41
1784969402,55,2979,149.65,41
1784969403,55,2979,150.27,41
1784969404,56,2979,147.72,41
1784969405,58,2979,148.18,41
1784969406,44,2979,145.08,41
1784969408,57,2979,147.95,41
1784969409,57,2979,149.98,41
1784969410,58,2979,146.73,41
1784969411,59,2979,148.31,41
1784969412,62,2979,146.23,41
1784969413,59,2979,147.02,41
1784969414,60,2979,147.29,41
1784969415,66,2979,146.22,41
1784969416,59,2979,147.66,41
1784969417,61,2979,148.30,41
1784969419,68,2979,146.37,41
1784969420,58,2979,144.52,41
1784969421,67,2979,146.10,41
1784969422,62,2979,145.82,41
1784969423,64,2979,145.67,41
1784969424,75,2979,149.01,41
1784969425,71,2979,151.74,41
1784969426,70,2979,152.81,41
1784969427,70,2979,152.30,41
1784969428,71,2979,155.17,41
1784969429,73,2979,149.46,41
1784969431,76,2979,155.87,41
1784969432,84,2979,152.93,41
1784969433,84,2979,158.34,41
1784969434,84,2979,154.83,41
1784969435,83,2979,156.26,41
1784969436,89,2979,157.45,41
1784969437,87,2979,157.31,41
1784969438,89,2979,163.15,41
1784969439,83,2979,159.21,41
1784969440,79,2979,158.76,41
1784969441,81,2979,159.51,41
1784969443,81,2979,161.54,41
1784969444,79,2979,154.73,41
1784969445,86,2979,164.62,41
1784969446,88,2979,161.05,41
1784969447,89,2979,156.50,41
1784969448,90,2979,156.56,41
1784969449,86,2979,158.76,41
1784969450,80,2979,158.10,41
1784969451,84,2979,150.85,41
1784969452,85,2979,158.82,41
1784969453,89,2979,158.86,41
1784969455,90,2979,165.98,41
1784969456,90,2979,161.77,41
1784969457,75,2979,153.69,41
1784969458,81,2979,157.43,41
1784969459,91,2979,160.58,41
1784969460,89,2979,158.04,41
1784969461,74,2979,157.94,41
1784969462,91,2979,155.43,41
1784969463,81,2979,158.82,41
1784969464,82,2979,158.04,41
1784969465,75,2979,156.88,41
1784969467,82,2979,159.66,41
1784969468,88,2979,160.97,41
1784969469,87,2979,157.09,41
1784969470,87,2979,156.25,41
1784969471,84,2979,156.84,41
1784969472,83,2979,152.98,41
1784969473,83,2979,156.21,41
1784969474,84,2979,156.92,41
1784969475,82,2979,156.70,41
1784969476,76,2979,153.66,41
1784969477,71,2979,152.10,41
1784969479,69,2979,155.32,41
1784969480,68,2979,152.87,41
1784969481,48,2979,142.55,41
1784969482,0,2979,119.35,40
1784969483,0,2979,117.38,40
1784969484,0,2979,117.31,40
1784969485,0,2979,117.19,40
1784969486,0,2979,117.32,40
1784969487,0,2979,116.98,40
1784969488,0,2979,117.16,40
1784969489,0,2979,116.98,40
1784969491,0,2979,117.04,40
1784969492,95,2979,206.78,43
1784969493,95,2979,279.91,43
1784969494,95,2979,282.88,44
1784969495,95,2979,289.46,44
1784969496,95,2979,291.57,45
1784969497,95,2979,283.72,45
1784969498,95,2979,282.11,45
1784969499,95,2979,272.03,45
1784969500,95,2979,280.89,45
1784969501,95,2979,287.44,46
1784969502,59,2979,267.46,44
1784969504,57,2979,156.20,43
1784969505,56,2979,152.66,42
1784969506,56,2979,151.95,42
1784969507,44,2979,148.51,42
1784969508,57,2979,154.24,42
1784969509,46,2979,149.24,42
1784969510,49,2979,148.39,42
1784969511,51,2979,146.90,42
1784969512,53,2979,148.32,41
1784969513,49,2979,148.45,42
1784969514,55,2979,149.98,42
1784969516,44,2979,148.73,41
1784969517,57,2979,147.33,41
1784969518,49,2979,147.65,41
1784969519,50,2979,148.55,41
1784969520,34,2979,148.13,41
1784969521,53,2979,151.44,41
1784969522,43,2979,149.66,41
1784969523,53,2979,147.30,41
1784969524,56,2979,149.95,41
1784969525,55,2979,151.61,41
1784969527,54,2979,150.40,41
1784969528,52,2979,149.65,41
1784969529,59,2979,150.74,41
1784969530,50,2979,150.88,41
1784969531,57,2979,149.01,41
1784969532,57,2979,150.10,41
1784969533,59,2979,148.38,41
1784969534,53,2979,149.31,41
1784969535,62,2979,149.16,41
1784969536,53,2979,147.96,41
1784969537,58,2979,148.76,41
1784969539,63,2979,144.04,41
1784969540,58,2979,150.47,41
1784969541,62,2979,149.15,41
1784969542,55,2979,148.15,41
1784969543,55,2979,147.33,41
1784969544,62,2979,148.21,41
1784969545,71,2979,149.88,41
1784969546,70,2979,147.64,41
1784969547,65,2979,148.48,41
1784969548,63,2979,149.78,41
1784969549,65,2979,149.72,41
1784969551,74,2979,150.50,41
1784969552,64,2979,150.23,41
1784969553,60,2979,150.39,41
1784969554,68,2979,150.82,41
1784969555,78,2979,153.05,41
1784969556,77,2979,149.75,41
1784969557,68,2979,147.02,41
1784969558,70,2979,151.24,41
1784969559,77,2979,151.87,41
1784969560,76,2979,150.63,41
1784969561,68,2979,150.45,41
1784969562,74,2979,151.37,41
1784969564,83,2979,153.06,41
1784969565,74,2979,151.95,41
1784969566,71,2979,153.64,41
1784969567,81,2979,153.85,41
1784969568,64,2979,150.50,41
1784969569,86,2979,151.52,41
1784969570,87,2979,154.80,41
1784969571,74,2979,152.92,41
1784969572,83,2979,154.02,41
1784969573,77,2979,151.57,41
1784969574,85,2979,156.08,41
1784969576,78,2979,152.33,41
1784969577,84,2979,155.25,41
1784969578,82,2979,153.94,41
1784969579,82,2979,149.25,41
1784969580,78,2979,152.18,41
1784969581,77,2979,153.04,41
1784969582,80,2979,151.32,41
1784969583,81,2979,152.27,41
1784969584,85,2979,154.71,41
1784969585,77,2979,152.98,41
1784969586,82,2979,151.85,41
1784969588,87,2979,152.59,41
1784969589,69,2979,151.29,41
1784969590,72,2979,153.26,41
1784969591,81,2979,152.65,41
1784969592,74,2979,152.23,41
1784969593,64,2979,149.78,41
1784969594,74,2979,151.09,41
1784969595,78,2979,150.64,41
1784969596,75,2979,151.09,41
1784969597,69,2979,147.53,41
1784969598,74,2979,151.37,41
1784969600,71,2979,148.42,41
1784969601,64,2979,150.10,41
1784969602,72,2979,150.80,41
1784969603,71,2979,151.56,41
1784969604,77,2979,148.47,41
1784969605,78,2979,150.10,41
1784969606,78,2979,152.01,41
1784969607,76,2979,148.42,41
1784969608,68,2979,150.68,41
1784969609,68,2979,146.65,41
1784969610,66,2979,147.23,41
1784969611,64,2979,146.20,41
1784969613,55,2979,140.35,40
1784969614,1,2979,119.86,40
1784969615,95,2979,180.82,43
1784969616,95,2979,279.71,44
1784969617,96,2979,274.25,44
1784969618,95,2979,288.97,45
1784969619,95,2979,275.28,45
1784969620,95,2979,272.50,45
1784969621,95,2979,280.86,45
1784969622,95,2979,290.78,46
1784969623,95,2979,291.45,46
1784969625,95,2979,281.60,46
1784969626,83,2979,257.31,44
1784969627,55,2979,154.79,43
1784969628,51,2979,152.39,42
1784969629,43,2979,150.29,42
1784969630,46,2979,150.23,42
1784969631,56,2979,153.17,42
1784969632,48,2979,151.58,42
1784969633,53,2979,149.34,42
1784969634,52,2979,147.74,42
1784969635,53,2979,151.43,42
1784969637,49,2979,147.29,42
1784969638,53,2979,147.74,42
1784969639,57,2979,150.90,42
1784969640,58,2979,150.67,42
1784969641,56,2979,149.22,42
1784969642,55,2979,149.55,42
1784969643,49,2979,149.63,42
1784969644,52,2979,148.17,42
1784969645,50,2979,150.46,42
1784969646,50,2979,152.40,42
1784969647,34,2979,146.39,41
1784969648,52,2979,150.00,41
1784969650,55,2979,147.57,41
1784969651,52,2979,149.46,41
1784969652,60,2979,147.99,41
1784969653,53,2979,150.01,41
1784969654,55,2979,146.46,41
1784969655,56,2979,144.05,41
1784969656,53,2979,148.14,41
1784969657,62,2979,147.78,41
1784969658,58,2979,146.89,41
1784969659,61,2979,146.55,41
1784969660,63,2979,146.71,41
1784969662,57,2979,146.21,41
1784969663,58,2979,145.37,41
1784969664,63,2979,147.17,41
1784969665,61,2979,144.26,41
1784969666,62,2979,148.45,41
1784969667,64,2979,146.48,41
1784969668,63,2979,146.48,41
1784969669,67,2979,143.14,41
1784969670,71,2979,146.47,41
1784969671,75,2979,146.05,41
1784969672,64,2979,145.63,41
1784969674,72,2979,143.95,41
1784969675,73,2979,146.80,41
1784969676,71,2979,148.62,41
1784969677,74,2979,145.47,41
1784969678,76,2979,146.22,41
1784969679,79,2979,148.43,41
1784969680,72,2979,148.73,41
1784969681,74,2979,146.10,41
1784969682,77,2979,147.71,41
1784969683,79,2979,147.86,41
1784969685,82,2979,149.89,41
1784969686,62,2979,148.42,41
1784969687,75,2979,148.38,41
1784969688,81,2979,149.43,41
1784969689,76,2979,149.29,41
1784969690,79,2979,149.47,41
1784969691,86,2979,153.00,41
1784969692,82,2979,152.87,41
1784969693,82,2979,149.67,41
1784969694,81,2979,152.97,41
1784969695,80,2979,152.14,41
1784969697,83,2979,153.06,41
1784969698,81,2979,149.94,41
1784969699,81,2979,150.90,41
1784969700,83,2979,150.66,41
1784969701,88,2979,150.67,41
1784969702,84,2979,150.69,41
1784969703,82,2979,152.13,41
1784969704,87,2979,151.61,41
1784969705,84,2979,148.48,41
1784969706,85,2979,150.96,41
1784969708,81,2979,150.21,41
1784969709,89,2979,151.26,41
1784969710,85,2979,150.42,41
1784969711,87,2979,151.16,41
1784969712,75,2979,151.48,41
1784969713,85,2979,151.15,41
1784969714,86,2979,150.24,41
1784969715,87,2979,151.56,41
1784969716,89,2979,149.88,41
1784969717,90,2979,151.45,41
1784969718,81,2979,150.85,41
1784969720,64,2979,146.72,41
1784969721,72,2979,149.55,41
1784969722,69,2979,147.57,41
1784969723,79,2979,148.65,41
1784969724,76,2979,146.06,41
1784969725,79,2979,148.85,41
1784969726,80,2979,148.43,41
1784969727,78,2979,149.32,41
1784969728,79,2979,146.26,41
1784969729,78,2979,147.84,41
1784969730,67,2979,147.96,41
1784969731,68,2979,148.44,41
1784969733,38,2979,137.71,40
1784969734,16,2979,125.50,40
1784969735,0,2979,117.47,40
1784969736,0,2979,117.06,40
1784969737,0,2979,117.34,40
1784969738,0,2979,116.93,40
1784969739,96,2979,234.92,43
1784969740,96,2979,279.48,44
1784969741,96,2979,279.10,44
1784969742,96,2979,286.17,45
1784969743,96,2979,280.40,45
1784969745,96,2979,283.01,45
1784969746,96,2979,281.45,45
1784969747,96,2979,285.57,45
1784969748,96,2979,286.49,46
1784969749,96,2979,287.84,46
1784969750,65,2979,200.68,43
1784969751,57,2979,156.23,43
1784969752,50,2979,147.74,42
1784969753,42,2979,147.91,42
1784969754,65,2979,148.88,42
1784969755,58,2979,151.98,42
1784969757,58,2979,149.59,42
1784969758,55,2979,151.03,42
1784969759,47,2979,150.37,42
1784969760,57,2979,151.18,42
1784969761,56,2979,147.84,42
1784969762,52,2979,148.94,42
1784969763,48,2979,150.34,42
1784969764,54,2979,150.14,42
1784969765,43,2979,147.47,42
1784969766,50,2979,146.21,42
1784969767,40,2979,150.03,41
1784969768,49,2979,152.03,42
1784969770,37,2979,146.80,41
1784969771,49,2979,147.46,41
1784969772,54,2979,148.04,41
1784969773,55,2979,148.58,41
1784969774,53,2979,145.74,41
1784969775,49,2979,147.41,41
1784969776,57,2979,148.10,41
1784969777,55,2979,146.67,41
1784969778,56,2979,145.74,41
1784969780,57,2979,150.36,41
1784969781,57,2979,148.26,41
1784969782,50,2979,146.43,41
1784969783,50,2979,147.25,41
1784969784,53,2979,147.35,41
1784969785,57,2979,145.26,41
1784969786,60,2979,145.38,41
1784969787,52,2979,144.60,41
1784969788,61,2979,147.41,41
1784969789,62,2979,146.83,41
1784969790,55,2979,144.04,41
1784969791,59,2979,144.07,41
1784969793,65,2979,143.55,41
1784969794,68,2979,144.55,41
1784969795,63,2979,146.56,41
1784969796,65,2979,146.18,41
1784969797,65,2979,146.27,41
1784969798,65,2979,145.16,41
1784969799,68,2979,145.26,41
1784969800,64,2979,147.35,41
1784969801,69,2979,145.69,41
1784969802,71,2979,146.25,41
1784969803,70,2979,146.43,41
1784969805,70,2979,145.68,41
1784969806,66,2979,147.44,41
1784969807,55,2979,145.00,41
1784969808,74,2979,148.49,41
1784969809,72,2979,147.51,41
1784969810,74,2979,145.59,41
1784969811,73,2979,145.65,41
1784969812,76,2979,147.93,41
1784969813,71,2979,148.16,41
1784969814,76,2979,148.84,41
1784969815,75,2979,144.46,41
1784969817,74,2979,149.04,41
1784969818,74,2979,148.09,41
1784969819,69,2979,147.90,41
1784969820,75,2979,147.91,41
1784969821,75,2979,147.29,41
1784969822,77,2979,148.86,41
1784969823,82,2979,148.70,41
1784969824,68,2979,147.99,41
1784969825,75,2979,146.95,41
1784969826,79,2979,148.51,41
1784969827,77,2979,148.86,41
1784969828,70,2979,147.77,41
1784969830,74,2979,147.78,41
1784969831,78,2979,147.78,41
1784969832,76,2979,148.48,41
1784969833,82,2979,148.05,41
1784969834,66,2979,144.40,41
1784969835,78,2979,147.51,41
1784969836,75,2979,148.69,41
1784969837,77,2979,148.55,41
1784969838,74,2979,144.43,41
1784969839,72,2979,147.36,41
1784969840,75,2979,148.40,41
1784969842,64,2979,147.71,41
1784969843,79,2979,146.74,41
1784969844,79,2979,147.91,41
1784969845,78,2979,147.05,41
1784969846,74,2979,148.23,41
1784969847,68,2979,148.48,41
1784969848,69,2979,149.97,41
1784969849,56,2979,149.01,41
1784969850,77,2979,147.16,41
1784969851,64,2979,146.01,41
1784969852,82,2979,146.95,41
1784969854,69,2979,144.70,41
1784969855,72,2979,147.54,41
1784969856,73,2979,147.84,41
1784969857,69,2979,146.16,41
1784969858,75,2979,145.22,41
1784969859,74,2979,146.34,41
1784969860,63,2979,145.35,41
1784969861,42,2979,143.13,40
1784969862,30,2979,132.71,40
1784969863,21,2979,127.05,40
1784969864,0,2979,117.13,40
1784969865,96,2979,235.73,43
1784969867,96,2979,280.36,44
1784969868,96,2979,276.85,44
1784969869,96,2979,277.02,45
1784969870,96,2979,282.88,45
1784969871,96,2979,281.08,45
1784969872,96,2979,284.73,45
1784969873,96,2979,283.13,45
1784969874,96,2979,283.06,46
1784969875,96,2979,284.87,46
1784969876,38,2979,186.29,42
1784969878,40,2979,128.29,42
1784969879,40,2979,129.15,41
1784969880,39,2979,128.12,41
1784969881,36,2979,124.47,41
1784969882,40,2979,128.13,41
1784969883,40,2979,127.42,41
1784969884,39,2979,127.39,41
1784969885,38,2979,127.79,41
1784969886,37,2979,126.96,41
1784969887,38,2979,127.72,40
1784969888,38,2979,127.11,40
1784969890,38,2979,127.69,40
1784969891,39,2979,127.09,40
1784969892,40,2979,127.36,40
1784969893,40,2979,127.36,40
1784969894,39,2979,126.83,40
1784969895,40,2979,127.46,40
1784969896,33,2979,127.05,40
1784969897,38,2979,126.62,40
1784969898,40,2979,127.32,40
1784969899,38,2979,127.42,40
1784969900,38,2979,127.50,40
1784969901,39,2979,125.42,40
1784969903,39,2979,126.11,40
1784969904,37,2979,125.46,40
1784969905,37,2979,125.81,40
1784969906,36,2979,125.80,40
1784969907,30,2979,121.38,39
1784969908,0,2979,124.59,39
1784969909,18,2979,122.46,39
1784969910,41,2979,122.00,39
1784969911,72,2979,141.63,40
1784969912,62,2979,151.60,40
1784969913,59,2979,150.93,40
1784969914,56,2979,149.79,40
1784969916,50,2979,148.39,40
1784969917,55,2979,152.15,40
1784969918,60,2979,150.95,40
1784969919,57,2979,148.99,40
1784969920,57,2979,149.31,40
1784969921,51,2979,149.44,40
1784969922,56,2979,148.45,40
1784969923,52,2979,146.95,40
1784969924,59,2979,151.11,40
1784969925,55,2979,147.38,40
1784969926,36,2979,146.81,40
1784969928,52,2979,148.99,40
1784969929,60,2979,148.88,40
1784969930,50,2979,149.46,40
1784969931,52,2979,148.94,40
1784969932,39,2979,147.40,40
1784969933,54,2979,150.03,40
1784969934,43,2979,147.16,40
1784969935,52,2979,151.66,40
1784969936,57,2979,147.13,40
1784969937,57,2979,146.63,40
1784969938,57,2979,144.96,40
1784969940,43,2979,144.82,40
1784969941,59,2979,147.37,40
1784969942,57,2979,146.32,40
1784969943,56,2979,146.11,40
1784969944,57,2979,143.13,40
1784969945,59,2979,143.12,40
1784969946,56,2979,141.76,40
1784969947,65,2979,143.90,40
1784969948,59,2979,143.64,40
1784969949,62,2979,142.39,40
1784969950,66,2979,141.07,40
1784969952,68,2979,144.27,40
1784969953,68,2979,147.58,40
1784969954,70,2979,143.08,40
1784969955,62,2979,147.55,40
1784969956,70,2979,154.20,40
1784969957,69,2979,154.46,40
1784969958,72,2979,151.82,40
1784969959,72,2979,159.24,40
1784969960,72,2979,158.71,40
1784969961,71,2979,158.95,40
1784969962,72,2979,159.88,40
1784969964,75,2979,157.80,40
1784969965,64,2979,160.87,40
1784969966,80,2979,156.76,41
1784969967,69,2979,159.17,40
1784969968,72,2979,160.99,41
1784969969,75,2979,161.10,40
1784969970,78,2979,160.20,41
1784969971,78,2979,157.73,41
1784969972,81,2979,162.76,41
1784969973,78,2979,161.99,41
1784969974,74,2979,158.33,41
1784969975,78,2979,159.59,41
1784969977,78,2979,162.47,41
1784969978,80,2979,163.61,41
1784969979,79,2979,156.48,41
1784969980,89,2979,161.77,41
1784969981,78,2979,160.99,41
1784969982,94,2979,162.65,41
1784969983,72,2979,160.58,41
1784969984,96,2979,165.49,41
1784969985,77,2979,160.90,41
1784969986,83,2979,161.89,41
1784969987,79,2979,156.88,41
1784969989,78,2979,156.24,41
1784969990,78,2979,161.29,41
1784969991,81,2979,158.24,41
1784969992,78,2979,160.83,41
1784969993,78,2979,160.43,41
1784969994,77,2979,160.07,41
1784969995,77,2979,160.25,41
1784969996,77,2979,159.86,41
1784969997,78,2979,158.37,41
1784969998,76,2979,155.47,41
1784969999,78,2979,158.49,41
1784970001,78,2979,156.04,41
1784970002,77,2979,159.35,41
1784970003,85,2979,158.33,41
1784970004,88,2979,160.29,41
1784970005,64,2979,156.16,41
1784970006,75,2979,154.41,41
1784970007,80,2979,156.58,41
1784970008,74,2979,157.20,41
1784970009,61,2979,154.49,41
1784970010,68,2979,156.22,41
1784970011,69,2979,155.98,41
1784970012,70,2979,153.63,41
1784970014,69,2979,152.26,41
1784970015,61,2979,138.03,40
1784970016,0,2979,117.56,40
1784970017,0,2979,117.03,40
1784970018,0,2979,117.16,40
1784970019,0,2979,117.19,40
1784970020,0,2979,116.92,40
1784970021,40,2979,130.69,42
1784970022,95,2979,274.52,43
1784970023,95,2979,281.62,44
1784970024,95,2979,286.78,44
1784970026,95,2979,280.61,44
1784970027,95,2979,282.27,45
1784970028,95,2979,281.33,45
1784970029,95,2979,281.46,45
1784970030,95,2979,281.49,45
1784970031,96,2979,282.64,45
1784970032,96,2979,278.84,45
1784970033,78,2979,183.31,43
1784970034,58,2979,155.59,42
1784970035,44,2979,151.18,42
1784970036,60,2979,152.74,42
1784970037,61,2979,155.96,42
1784970039,62,2979,151.63,42
1784970040,60,2979,155.14,42
1784970041,67,2979,154.07,42
1784970042,40,2979,148.59,42
1784970043,61,2979,154.84,42
1784970044,61,2979,150.84,42
1784970045,55,2979,150.20,41
1784970046,53,2979,150.36,41
1784970047,49,2979,148.99,41
1784970048,41,2979,148.27,41
1784970050,51,2979,147.90,41
1784970051,51,2979,149.76,41
1784970052,52,2979,148.92,41
1784970053,52,2979,147.56,41
1784970054,53,2979,151.22,41
1784970055,58,2979,149.49,41
1784970056,51,2979,147.20,41
1784970057,58,2979,150.50,41
1784970058,58,2979,147.36,41
1784970059,45,2979,146.43,41
1784970060,61,2979,147.51,41
1784970062,55,2979,146.76,41
1784970063,51,2979,147.16,41
1784970064,56,2979,145.53,41
1784970065,57,2979,144.08,41
1784970066,56,2979,149.22,41
1784970067,55,2979,143.83,41
1784970068,57,2979,143.45,41
1784970069,47,2979,143.50,41
1784970070,59,2979,146.47,41
1784970071,62,2979,145.81,41
1784970072,63,2979,144.46,41
1784970074,56,2979,143.18,41
1784970075,63,2979,142.97,41
1784970076,66,2979,143.60,41
1784970077,62,2979,143.22,41
1784970078,64,2979,143.10,41
1784970079,71,2979,145.60,41
1784970080,68,2979,147.62,41
1784970081,63,2979,142.81,41
1784970082,73,2979,145.51,41
1784970083,67,2979,146.57,41
1784970084,71,2979,147.40,41
1784970085,70,2979,151.86,41
1784970087,72,2979,150.35,41
1784970088,79,2979,154.23,41
1784970089,76,2979,155.08,41
1784970090,59,2979,153.23,41
1784970091,74,2979,153.18,41
1784970092,74,2979,154.18,41
1784970093,76,2979,152.60,41
1784970094,77,2979,155.51,41
1784970095,78,2979,156.09,41
1784970096,77,2979,153.61,41
1784970097,76,2979,151.73,41
1784970098,82,2979,157.41,41
1784970100,82,2979,154.38,41
1784970101,74,2979,157.07,41
1784970102,65,2979,154.92,41
1784970103,84,2979,156.12,41
1784970104,80,2979,159.25,41
1784970105,86,2979,156.77,41
1784970106,81,2979,155.98,41
1784970107,81,2979,156.12,41
1784970108,76,2979,154.25,41
1784970109,72,2979,153.61,41
1784970110,81,2979,157.90,41
1784970112,79,2979,155.44,41
1784970113,77,2979,156.53,41
1784970114,83,2979,151.42,41
1784970115,89,2979,157.86,41
1784970116,88,2979,156.20,41
1784970117,88,2979,160.16,41
1784970118,89,2979,158.27,41
1784970119,85,2979,157.66,41
1784970120,84,2979,156.52,41
1784970121,74,2979,161.19,41
1784970123,85,2979,161.38,41
1784970124,76,2979,160.36,41
1784970125,79,2979,158.94,41
1784970126,74,2979,152.97,41
1784970127,75,2979,155.25,41
1784970128,78,2979,153.20,41
1784970129,78,2979,156.50,41
1784970130,76,2979,153.95,41
1784970131,79,2979,154.66,41
1784970132,77,2979,153.10,41
1784970134,80,2979,154.42,41
1784970135,70,2979,151.25,41
1784970136,68,2979,146.92,41
1784970137,31,2979,133.85,40
1784970138,25,2979,132.04,40
1784970139,0,2979,120.25,40
1784970140,0,2979,117.10,40
1784970141,0,2979,117.20,40
1784970142,0,2979,117.19,40
1784970143,0,2979,117.00,40
1784970144,0,2979,117.23,40
1784970145,0,2979,116.77,40
1784970147,0,2979,117.00,40
1784970148,0,2979,117.01,39
1784970149,96,2979,211.03,42
1784970150,96,2979,280.89,43
1784970151,96,2979,281.36,44
1784970152,96,2979,281.28,44
1784970153,96,2979,282.34,45
1784970154,96,2979,282.51,45
1784970155,96,2979,283.04,45
1784970156,96,2979,287.04,45
1784970157,96,2979,284.22,45
1784970159,96,2979,289.92,45
1784970160,73,2979,233.31,43
1784970161,63,2979,159.10,42
1784970162,64,2979,152.77,42
1784970163,58,2979,155.26,42
1784970164,56,2979,152.54,42
1784970165,61,2979,152.09,42
1784970166,57,2979,150.52,42
1784970167,46,2979,151.02,42
1784970168,53,2979,149.28,42
1784970169,56,2979,149.71,42
1784970170,56,2979,149.38,42
1784970172,40,2979,147.32,41
1784970173,54,2979,148.87,41
1784970174,46,2979,146.95,41
1784970175,47,2979,146.51,41
1784970176,46,2979,145.76,41
1784970177,51,2979,149.73,41
1784970178,45,2979,147.02,41
1784970179,51,2979,147.16,41
1784970180,48,2979,147.38,41
1784970181,50,2979,149.04,41
1784970182,39,2979,145.59,41
1784970184,53,2979,144.85,41
1784970185,48,2979,145.73,41
1784970186,51,2979,146.10,41
1784970187,54,2979,142.60,41
1784970188,51,2979,142.65,41
1784970189,51,2979,144.76,41
1784970190,47,2979,145.07,41
1784970191,60,2979,143.01,41
1784970192,57,2979,144.28,41
1784970193,56,2979,145.35,41
1784970194,53,2979,141.77,41
1784970196,56,2979,145.26,41
1784970197,63,2979,143.83,41
1784970198,60,2979,143.98,41
1784970199,63,2979,145.01,41
1784970200,65,2979,140.62,41
1784970201,63,2979,144.20,41
1784970202,61,2979,145.48,41
1784970203,65,2979,142.55,40
1784970204,69,2979,144.43,41
1784970205,62,2979,143.93,41
1784970206,68,2979,147.08,41
1784970207,67,2979,143.20,41
1784970209,67,2979,144.17,41
1784970210,75,2979,145.89,41
1784970211,71,2979,148.01,41
1784970212,66,2979,146.33,41
1784970213,70,2979,147.97,41
1784970214,70,2979,150.11,41
1784970215,71,2979,149.95,41
1784970216,73,2979,150.21,41
1784970217,76,2979,149.83,41
1784970218,72,2979,152.85,41
1784970219,73,2979,155.78,41
1784970221,69,2979,155.07,41
1784970222,72,2979,149.80,41
1784970223,75,2979,154.48,41
1784970224,78,2979,154.16,41
1784970225,76,2979,153.09,41
1784970226,67,2979,154.50,41
1784970227,75,2979,158.88,41
1784970228,74,2979,156.62,41
1784970229,75,2979,155.33,41
1784970230,72,2979,155.54,41
1784970231,70,2979,155.81,41
1784970233,76,2979,156.13,41
1784970234,77,2979,156.99,41
1784970235,70,2979,157.42,41
1784970236,75,2979,157.78,41
1784970237,77,2979,157.35,41
1784970238,75,2979,156.92,41
1784970239,72,2979,155.88,41
1784970240,74,2979,156.37,41
1784970241,75,2979,155.94,41
1784970242,75,2979,154.56,41
1784970244,72,2979,158.24,41
1784970245,73,2979,158.94,41
1784970246,77,2979,156.39,41
1784970247,77,2979,154.74,41
1784970248,79,2979,156.46,41
1784970249,77,2979,156.64,41
1784970250,71,2979,155.89,41
1784970251,70,2979,156.12,41
1784970252,73,2979,155.77,41
1784970253,64,2979,154.01,41
1784970255,74,2979,157.07,41
1784970256,72,2979,155.70,41
1784970257,73,2979,157.51,41
1784970258,76,2979,151.62,41
1784970259,76,2979,154.20,41
1784970260,71,2979,155.13,41
1784970261,57,2979,155.71,41
1784970262,69,2979,154.01,41
1784970263,70,2979,153.27,41
1784970264,70,2979,152.88,41
1784970265,69,2979,155.14,41
1784970266,62,2979,152.89,41
1784970268,68,2979,152.41,41
1784970269,67,2979,151.77,41
1784970270,64,2979,144.30,41
1784970271,27,2979,133.44,40
1784970272,25,2979,130.18,40
1784970273,1,2979,120.60,40
1784970274,66,2979,181.72,43
1784970275,96,2979,279.02,44
1784970276,96,2979,280.61,44
1784970277,96,2979,278.38,45
1784970278,96,2979,277.90,45
1784970280,96,2979,278.97,45
1784970281,96,2979,283.88,45
1784970282,96,2979,279.08,45
1784970283,96,2979,283.71,46
1784970284,96,2979,285.44,46
1784970285,80,2979,274.45,44
1784970286,53,2979,161.15,43
1784970287,57,2979,153.22,42
1784970288,57,2979,152.33,42
1784970289,57,2979,146.10,42
1784970290,56,2979,152.09,42
1784970291,45,2979,152.61,42
1784970293,55,2979,151.66,42
1784970294,51,2979,149.15,42
1784970295,58,2979,154.20,42
1784970296,45,2979,147.44,42
1784970297,56,2979,148.49,42
1784970298,53,2979,148.24,41
1784970299,49,2979,152.83,42
1784970300,47,2979,144.95,41
1784970301,51,2979,151.55,42
1784970302,36,2979,146.94,41
1784970303,49,2979,146.95,41
1784970305,48,2979,151.20,41
1784970306,51,2979,148.34,41
1784970307,55,2979,146.83,41
1784970308,54,2979,146.15,41
1784970309,54,2979,146.03,41
1784970310,58,2979,146.80,41
1784970311,53,2979,146.11,41
1784970312,60,2979,142.99,41
1784970313,57,2979,145.50,41
1784970314,60,2979,146.77,41
1784970315,63,2979,144.39,41
1784970316,57,2979,145.08,41
1784970318,60,2979,146.01,41
1784970319,60,2979,149.08,41
1784970320,59,2979,147.41,41
1784970321,61,2979,145.89,41
1784970322,64,2979,146.35,41
1784970323,61,2979,148.21,41
1784970324,65,2979,148.82,41
1784970325,68,2979,145.94,41
1784970326,68,2979,146.94,41
1784970327,69,2979,147.99,41
1784970328,69,2979,147.01,41
1784970330,70,2979,149.16,41
1784970331,72,2979,149.76,41
1784970332,72,2979,147.92,41
1784970333,74,2979,149.08,41
1784970334,75,2979,149.63,41
1784970335,76,2979,147.74,41
1784970336,76,2979,150.99,41
1784970337,78,2979,149.03,41
1784970338,78,2979,151.63,41
1784970339,74,2979,149.86,41
1784970340,71,2979,149.74,41
1784970342,74,2979,150.80,41
1784970343,70,2979,153.53,41
1784970344,74,2979,153.16,41
1784970345,74,2979,149.75,41
1784970346,73,2979,155.63,41
1784970347,74,2979,157.65,41
1784970348,75,2979,160.12,41
1784970349,73,2979,159.90,41
1784970350,77,2979,158.46,41
1784970351,74,2979,160.00,41
1784970352,75,2979,159.95,41
1784970354,74,2979,158.37,41
1784970355,74,2979,156.81,41
1784970356,79,2979,159.87,41
1784970357,65,2979,156.93,41
1784970358,75,2979,160.36,41
1784970359,78,2979,157.69,41
1784970360,80,2979,159.16,41
1784970361,79,2979,156.59,41
1784970362,79,2979,159.30,41
1784970363,77,2979,159.07,41
1784970364,81,2979,160.13,41
1784970365,78,2979,157.56,41
1784970367,79,2979,156.78,41
1784970368,78,2979,158.42,41
1784970369,65,2979,157.81,41
1784970370,76,2979,157.29,41
1784970371,74,2979,157.44,41
1784970372,74,2979,156.92,41
1784970373,74,2979,154.77,41
1784970374,74,2979,157.00,41
1784970375,73,2979,156.26,41
1784970376,74,2979,158.50,41
1784970377,69,2979,159.29,41
1784970378,72,2979,158.49,41
1784970380,68,2979,156.52,41
1784970381,71,2979,157.75,41
1784970382,66,2979,154.51,41
1784970383,66,2979,154.64,41
1784970384,74,2979,153.07,41
1784970385,34,2979,142.29,41
1784970386,30,2979,136.93,41
1784970387,1,2979,120.87,40
1784970388,0,2979,117.38,40
1784970389,0,2979,117.34,40
1784970390,0,2979,117.18,40
1784970392,0,2979,117.25,40
1784970393,0,2979,117.05,40
1784970394,0,2979,117.21,40
1784970395,0,2979,116.90,40
1784970396,0,2979,117.00,40
1784970397,95,2979,263.21,43
1784970398,95,2979,275.77,44
1784970399,95,2979,274.58,44
1784970400,95,2979,282.58,45
1784970401,95,2979,276.90,45
1784970402,95,2979,276.61,45
1784970404,95,2979,284.50,45
1784970405,95,2979,277.79,45
1784970406,95,2979,268.92,45
1784970407,95,2979,275.22,46
1784970408,77,2979,206.87,43
1784970409,61,2979,154.58,42
1784970410,56,2979,151.50,42
1784970411,50,2979,150.25,42
1784970412,58,2979,152.98,42
1784970413,57,2979,151.11,42
1784970414,54,2979,148.96,42
1784970416,54,2979,150.32,42
1784970417,56,2979,148.44,42
1784970418,52,2979,147.98,42
1784970419,53,2979,147.35,42
1784970420,51,2979,150.87,42
1784970421,48,2979,146.53,41
1784970422,48,2979,149.55,41
1784970423,38,2979,145.14,41
1784970424,44,2979,147.20,41
1784970425,41,2979,144.14,41
1784970426,47,2979,147.87,41
1784970428,42,2979,147.58,41
1784970429,35,2979,143.91,41
1784970430,40,2979,147.98,41
1784970431,48,2979,148.62,41
1784970432,51,2979,147.25,41
1784970433,48,2979,145.95,41
1784970434,54,2979,147.70,41
1784970435,50,2979,145.81,41
1784970436,50,2979,143.77,41
1784970437,50,2979,144.53,41
1784970438,51,2979,148.21,41
1784970440,54,2979,147.25,41
1784970441,51,2979,143.59,41
1784970442,52,2979,145.30,41
1784970443,51,2979,147.06,41
1784970444,55,2979,144.53,41
1784970445,56,2979,143.22,41
1784970446,53,2979,145.33,41
1784970447,49,2979,145.31,41
1784970448,56,2979,145.17,41
1784970449,55,2979,141.76,41
1784970450,58,2979,143.79,41
1784970452,61,2979,145.92,41
1784970453,61,2979,144.33,41
1784970454,56,2979,144.93,41
1784970455,61,2979,145.57,41
1784970456,62,2979,149.26,41
1784970457,65,2979,150.24,41
1784970458,59,2979,148.72,41
1784970459,64,2979,150.73,41
1784970460,68,2979,149.84,41
1784970461,70,2979,153.46,41
1784970462,66,2979,152.16,41
1784970464,69,2979,153.03,41
1784970465,68,2979,152.44,41
1784970466,71,2979,150.09,41
1784970467,72,2979,149.60,41
1784970468,74,2979,152.06,41
1784970469,75,2979,152.69,41
1784970470,52,2979,149.73,41
1784970471,74,2979,153.46,41
1784970472,73,2979,153.06,41
1784970473,73,2979,153.40,41
1784970474,70,2979,152.45,41
1784970475,75,2979,149.64,41
1784970477,76,2979,152.50,41
1784970478,71,2979,151.48,41
1784970479,72,2979,153.72,41
1784970480,75,2979,151.06,41
1784970481,75,2979,153.87,41
1784970482,75,2979,151.87,41
1784970483,76,2979,152.32,41
1784970484,75,2979,153.38,41
1784970485,74,2979,149.76,41
1784970486,72,2979,151.88,41
1784970487,72,2979,153.78,41
1784970489,58,2979,152.17,41
1784970490,75,2979,151.38,41
1784970491,74,2979,151.77,41
1784970492,74,2979,150.88,41
1784970493,75,2979,151.58,41
1784970494,75,2979,152.38,41
1784970495,75,2979,150.28,41
1784970496,75,2979,152.06,41
1784970497,71,2979,152.54,41
1784970498,70,2979,150.61,41
1784970499,70,2979,150.93,41
1784970501,71,2979,151.40,41
1784970502,74,2979,152.12,41
1784970503,75,2979,150.13,41
1784970504,75,2979,149.48,41
1784970505,76,2979,150.58,41
1784970506,76,2979,150.92,41
1784970507,71,2979,148.57,41
1784970508,68,2979,148.57,41
1784970509,72,2979,149.56,41
1784970510,72,2979,149.86,41
1784970511,70,2979,149.10,41
1784970512,72,2979,150.17,41
1784970514,72,2979,148.47,41
1784970515,73,2979,149.69,41
1784970516,68,2979,149.85,41
1784970517,79,2979,145.94,41
1784970518,63,2979,140.83,40
1784970519,31,2979,132.16,40
1784970520,30,2979,132.41,40
1784970521,20,2979,128.50,40
1784970522,0,2979,117.96,41
1784970523,95,2979,280.57,43
1784970524,95,2979,280.73,44
1784970525,95,2979,274.42,44
1784970527,95,2979,286.64,45
1784970528,95,2979,280.04,45
1784970529,95,2979,278.65,45
1784970530,95,2979,274.64,45
1784970531,95,2979,281.52,45
1784970532,95,2979,278.01,45
1784970533,95,2979,282.68,45
1784970534,38,2979,161.39,42
1784970535,40,2979,128.12,42
1784970536,40,2979,127.74,41
1784970537,39,2979,127.87,41
1784970539,39,2979,124.43,41
1784970540,40,2979,123.01,41
1784970541,39,2979,124.70,41
1784970542,37,2979,127.76,41
1784970543,37,2979,127.45,41
1784970544,37,2979,127.51,41
1784970545,35,2979,127.46,41
1784970546,39,2979,127.23,40
1784970547,37,2979,127.08,40
1784970548,39,2979,127.12,40
1784970549,37,2979,127.41,40
1784970550,39,2979,127.19,40
1784970552,39,2979,127.45,40
1784970553,37,2979,126.87,40
1784970554,36,2979,126.49,40
1784970555,22,2979,125.90,40
1784970556,21,2979,125.99,40
1784970557,5,2979,125.21,40
1784970558,4,2979,125.84,40
1784970559,21,2979,126.50,40
1784970560,31,2979,123.06,40
1784970561,0,2979,120.09,40
1784970562,32,2979,122.34,40
1784970563,67,2979,164.61,40
1784970565,49,2979,150.76,40
1784970566,54,2979,148.81,40
1784970567,65,2979,149.57,41
1784970568,59,2979,155.29,40
1784970569,52,2979,149.01,40
1784970570,57,2979,152.19,40
1784970571,59,2979,149.73,40
1784970572,56,2979,150.50,40
1784970573,54,2979,150.17,40
1784970574,55,2979,151.21,40
1784970575,55,2979,148.07,40
1784970576,47,2979,147.22,40
1784970578,44,2979,147.12,40
1784970579,46,2979,145.45,40
1784970580,48,2979,144.75,40
1784970581,48,2979,149.88,40
1784970582,48,2979,146.81,40
1784970583,49,2979,147.91,40
1784970584,50,2979,145.90,40
1784970585,55,2979,148.10,40
1784970586,56,2979,144.60,40
1784970587,54,2979,144.80,40
1784970588,60,2979,147.24,40
1784970590,55,2979,146.80,40
1784970591,56,2979,145.85,40
1784970592,57,2979,143.76,40
1784970593,53,2979,143.02,40
1784970594,59,2979,145.11,40
1784970595,50,2979,143.97,40
1784970596,60,2979,146.98,40
1784970597,56,2979,144.68,40
1784970598,58,2979,148.52,40
1784970599,44,2979,147.51,40
1784970600,60,2979,148.90,40
1784970602,62,2979,150.45,40
1784970603,53,2979,146.85,40
1784970604,58,2979,147.50,40
1784970605,63,2979,149.62,40
1784970606,50,2979,148.45,40
1784970607,67,2979,150.47,40
1784970608,71,2979,149.31,40
1784970609,67,2979,146.99,40
1784970610,63,2979,153.41,40
1784970611,45,2979,148.12,40
1784970612,70,2979,149.18,40
1784970614,68,2979,148.61,40
1784970615,68,2979,149.73,40
1784970616,69,2979,148.22,40
1784970617,64,2979,149.50,40
1784970618,65,2979,148.21,40
1784970619,66,2979,150.29,40
1784970620,71,2979,152.50,40
1784970621,72,2979,150.14,40
1784970622,73,2979,151.82,40
1784970623,74,2979,150.39,40
1784970625,73,2979,152.18,40
1784970626,74,2979,150.66,40
1784970627,74,2979,149.89,40
1784970628,74,2979,152.70,40
1784970629,75,2979,153.52,40
1784970630,75,2979,149.26,40
1784970631,74,2979,151.34,40
1784970633,73,2979,153.07,40
1784970634,73,2979,152.10,40
1784970635,74,2979,152.02,40
1784970636,73,2979,151.73,40
1784970637,73,2979,152.12,40
1784970638,73,2979,152.34,40
1784970639,73,2979,152.55,40
1784970640,75,2979,150.96,40
1784970641,69,2979,152.55,40
1784970642,67,2979,152.87,40
1784970644,52,2979,149.30,40
1784970645,71,2979,150.88,40
1784970646,72,2979,151.05,40
1784970647,75,2979,153.54,40
1784970648,72,2979,151.56,41
1784970649,74,2979,151.59,41
1784970650,72,2979,151.28,41
1784970651,75,2979,150.70,40
1784970653,76,2979,151.62,41
1784970654,74,2979,151.35,41
1784970655,74,2979,151.91,41
1784970656,72,2979,150.57,41
1784970657,71,2979,150.62,41
1784970658,73,2979,150.32,41
1784970659,71,2979,150.23,41
1784970660,73,2979,149.92,41
1784970661,59,2979,147.10,40
1784970662,74,2979,149.30,40
1784970663,30,2979,135.93,40
1784970665,34,2979,133.99,40
1784970666,33,2979,132.88,40
1784970667,33,2979,132.84,40
1784970668,32,2979,134.19,40
1784970669,31,2979,132.38,40
1784970670,30,2979,131.72,40
1784970671,23,2979,131.52,40
1784970672,0,2979,117.67,39
1784970673,0,2979,117.04,39
1784970674,0,2979,116.97,39
1784970675,95,2979,277.79,43
1784970676,95,2979,274.82,44
1784970678,95,2979,277.01,44
1784970679,95,2979,274.71,44
1784970680,96,2979,285.60,45
1784970681,95,2979,290.47,45
1784970682,95,2979,275.87,45
1784970683,96,2979,284.84,45
1784970684,95,2979,287.81,45
1784970685,95,2979,281.60,45
1784970686,72,2979,186.21,43
1784970687,59,2979,153.95,42
1784970688,40,2979,150.92,42
1784970690,53,2979,147.61,42
1784970691,58,2979,154.05,42
1784970692,54,2979,146.09,41
1784970693,52,2979,149.05,41
1784970694,51,2979,147.71,41
1784970695,53,2979,151.39,41
1784970696,49,2979,148.55,41
1784970697,42,2979,147.42,41
1784970698,51,2979,151.08,41
1784970699,52,2979,147.87,41
1784970701,48,2979,149.48,41
1784970702,42,2979,143.27,41
1784970703,48,2979,148.49,41
1784970704,46,2979,143.87,41
1784970705,46,2979,148.58,41
1784970706,46,2979,143.26,41
1784970707,48,2979,148.00,41
1784970708,43,2979,148.36,41
1784970709,35,2979,148.73,41
1784970710,39,2979,147.25,41
1784970711,52,2979,147.01,41
1784970713,54,2979,146.56,41
1784970714,52,2979,145.04,41
1784970715,53,2979,146.83,41
1784970716,54,2979,148.63,41
1784970717,52,2979,147.49,41
1784970718,49,2979,147.10,41
1784970719,58,2979,146.70,41
1784970720,57,2979,148.63,41
1784970721,45,2979,144.55,41
1784970723,53,2979,146.40,41
1784970724,62,2979,148.08,41
1784970725,51,2979,145.64,41
1784970726,59,2979,145.52,41
1784970727,67,2979,146.78,41
1784970728,59,2979,146.63,41
1784970729,45,2979,143.68,41
1784970730,59,2979,145.97,41
1784970731,58,2979,147.54,41
1784970733,67,2979,147.47,41
1784970734,66,2979,148.44,41
1784970735,64,2979,148.63,41
1784970736,70,2979,147.34,40
1784970737,71,2979,147.74,41
1784970738,74,2979,151.32,41
1784970739,72,2979,150.64,41
1784970740,58,2979,150.97,41
1784970741,70,2979,151.15,41
1784970743,77,2979,151.74,41
1784970744,80,2979,150.51,41
1784970745,75,2979,151.15,41
1784970746,72,2979,152.86,41
1784970747,78,2979,151.87,41
1784970748,70,2979,150.74,41
1784970749,73,2979,150.88,41
1784970750,76,2979,149.26,41
1784970751,77,2979,151.15,41
1784970753,67,2979,152.38,41
1784970754,85,2979,152.08,41
1784970755,80,2979,150.62,41
1784970756,73,2979,151.43,41
1784970757,78,2979,152.39,41
1784970758,80,2979,153.15,41
1784970759,82,2979,151.58,41
1784970760,81,2979,154.87,41
1784970761,77,2979,152.76,41
1784970762,74,2979,152.69,41
1784970763,82,2979,154.75,41
1784970765,80,2979,150.91,41
1784970766,80,2979,151.24,41
1784970767,76,2979,154.61,41
1784970768,70,2979,153.69,41
1784970769,76,2979,150.64,41
1784970770,75,2979,149.91,41
1784970771,67,2979,149.61,41
1784970772,79,2979,150.51,41
1784970773,82,2979,152.64,41
1784970775,65,2979,151.21,41
1784970776,79,2979,152.61,41
1784970777,82,2979,152.04,41
1784970778,66,2979,147.41,41
1784970779,80,2979,149.95,41
1784970780,78,2979,152.03,41
1784970781,77,2979,151.96,41
1784970782,70,2979,152.20,41
1784970783,79,2979,151.06,41
1784970784,56,2979,152.53,41
1784970785,75,2979,156.41,41
1784970787,70,2979,154.80,41
1784970788,67,2979,153.26,41
1784970789,66,2979,156.30,41
1784970790,65,2979,153.85,41
1784970791,49,2979,153.79,41
1784970792,74,2979,155.50,41
1784970793,71,2979,150.17,41
1784970794,41,2979,143.05,40
1784970795,32,2979,134.27,40
1784970796,31,2979,134.37,40
1784970797,31,2979,134.92,40
1784970798,30,2979,131.15,40
1784970800,29,2979,133.79,40
1784970801,27,2979,131.30,40
1784970802,1,2979,121.69,40
1784970803,0,2979,126.14,41
1784970804,95,2979,281.02,43
1784970805,95,2979,282.37,44
1784970806,95,2979,278.53,44
1784970807,95,2979,280.46,44
1784970808,96,2979,281.10,45
1784970809,96,2979,280.24,45
1784970810,95,2979,282.01,45
1784970812,96,2979,281.69,45
1784970813,95,2979,278.98,45
1784970814,95,2979,282.68,46
1784970815,70,2979,183.77,43
1784970816,57,2979,151.70,42
1784970817,50,2979,150.19,42
1784970818,47,2979,146.08,42
1784970819,56,2979,151.20,42
1784970820,53,2979,151.02,42
1784970821,49,2979,144.81,42
1784970822,48,2979,144.17,42
1784970823,50,2979,149.83,42
1784970825,53,2979,149.89,42
1784970826,43,2979,147.93,41
1784970827,50,2979,147.79,42
1784970828,54,2979,149.80,41
1784970829,41,2979,148.33,41
1784970830,48,2979,145.91,41
1784970831,45,2979,147.96,41
1784970832,50,2979,149.20,41
1784970833,33,2979,146.56,41
1784970834,47,2979,149.89,41
1784970835,50,2979,148.51,41
1784970836,33,2979,148.04,41
1784970838,52,2979,149.89,41
1784970839,49,2979,149.35,41
1784970840,55,2979,148.64,41
1784970841,53,2979,145.88,41
1784970842,52,2979,146.69,41
1784970843,52,2979,146.82,41
1784970844,51,2979,148.34,41
1784970845,58,2979,145.75,41
1784970846,56,2979,148.10,41
1784970847,56,2979,147.88,41
1784970848,41,2979,148.77,41
1784970850,59,2979,145.32,41
1784970851,63,2979,147.32,41
1784970852,60,2979,147.78,41
1784970853,42,2979,146.91,41
1784970854,60,2979,149.74,41
1784970855,68,2979,148.72,41
1784970856,68,2979,148.09,41
1784970857,62,2979,143.69,41
1784970858,61,2979,148.68,41
1784970859,70,2979,150.52,41
1784970860,57,2979,149.21,41
1784970862,78,2979,148.46,41
1784970863,68,2979,151.33,41
1784970864,60,2979,152.71,41
1784970865,79,2979,151.86,41
1784970866,80,2979,154.89,41
1784970867,65,2979,153.36,41
1784970868,80,2979,152.61,41
1784970869,83,2979,152.91,41
1784970870,69,2979,152.67,41
1784970871,86,2979,154.83,41
1784970872,81,2979,153.68,41
1784970874,85,2979,153.86,41
1784970875,88,2979,154.05,41
1784970876,87,2979,154.13,41
1784970877,82,2979,154.32,41
1784970878,84,2979,153.57,41
1784970879,82,2979,156.66,41
1784970880,81,2979,152.38,41
1784970881,83,2979,155.41,41
1784970882,81,2979,155.28,41
1784970883,69,2979,154.37,41
1784970884,78,2979,157.36,41
1784970885,87,2979,155.63,41
1784970887,84,2979,156.33,41
1784970888,79,2979,153.54,41
1784970889,82,2979,156.45,41
1784970890,87,2979,155.68,41
1784970891,73,2979,152.78,41
1784970892,85,2979,153.21,41
1784970893,78,2979,153.32,41
1784970894,81,2979,152.02,41
1784970895,83,2979,154.21,41
1784970896,84,2979,155.59,41
1784970898,82,2979,154.34,41
1784970899,82,2979,153.90,41
1784970900,76,2979,154.29,41
1784970901,81,2979,152.69,41
1784970902,87,2979,154.16,41
1784970903,87,2979,152.77,41
1784970904,86,2979,151.81,41
1784970905,83,2979,153.79,41
1784970906,82,2979,150.07,41
1784970907,88,2979,150.32,41
1784970908,77,2979,152.76,41
1784970909,75,2979,153.03,41
1784970911,76,2979,150.57,41
1784970912,82,2979,153.45,41
1784970913,78,2979,151.71,41
1784970914,74,2979,149.87,41
1784970915,75,2979,150.63,41
1784970916,78,2979,152.43,41
1784970917,74,2979,150.42,41
1784970918,51,2979,145.77,41
1784970919,63,2979,149.12,41
1784970920,39,2979,135.89,40
1784970922,0,2979,117.79,40
1784970923,0,2979,117.32,40
1784970924,0,2979,117.19,40
1784970925,0,2979,117.39,40
1784970926,0,2979,116.95,40
1784970927,0,2979,117.15,40
1784970928,0,2979,116.94,40
1784970929,0,2979,117.00,40
1784970930,0,2979,116.96,40
1784970931,0,2979,116.73,39
1784970932,0,2979,132.15,41
1784970933,95,2979,278.69,43
1784970935,95,2979,286.10,44
1784970936,95,2979,280.95,44
1784970937,95,2979,283.93,44
1784970938,96,2979,278.92,45
1784970939,95,2979,276.83,45
1784970940,95,2979,268.31,45
1784970941,95,2979,276.04,45
1784970942,95,2979,275.90,45
1784970943,95,2979,276.13,45
1784970944,79,2979,168.72,43
1784970945,55,2979,151.80,42
1784970947,53,2979,149.49,42
1784970948,46,2979,144.02,42
1784970949,58,2979,149.43,42
1784970950,56,2979,150.24,42
1784970951,55,2979,150.29,41
1784970952,50,2979,149.29,41
1784970953,49,2979,148.02,41
1784970954,54,2979,149.59,41
1784970955,48,2979,145.28,41
1784970956,52,2979,149.28,41
1784970957,48,2979,146.14,41
1784970959,54,2979,147.35,41
1784970960,46,2979,147.49,41
1784970961,46,2979,145.19,41
1784970962,50,2979,147.76,41
1784970963,50,2979,148.02,41
1784970964,48,2979,147.51,41
1784970965,48,2979,145.88,41
1784970966,44,2979,148.05,41
1784970967,45,2979,147.76,41
1784970968,49,2979,146.81,41
1784970970,45,2979,143.48,41
1784970971,51,2979,146.84,41
1784970972,63,2979,148.19,41
1784970973,51,2979,146.15,41
1784970974,52,2979,144.40,41
1784970975,57,2979,145.03,41
1784970976,54,2979,144.96,41
1784970977,38,2979,145.18,41
1784970978,59,2979,145.06,41
1784970979,57,2979,148.72,41
1784970980,63,2979,146.64,41
1784970981,58,2979,143.76,41
1784970983,61,2979,147.06,41
1784970984,63,2979,148.88,41
1784970985,63,2979,146.07,41
1784970986,64,2979,148.71,41
1784970987,67,2979,146.68,41
1784970988,58,2979,147.89,41
1784970989,45,2979,151.77,41
1784970990,69,2979,152.69,41
1784970991,68,2979,154.60,41
1784970992,69,2979,154.94,41
1784970993,72,2979,151.62,41
1784970995,70,2979,154.11,41
1784970996,72,2979,156.42,41
1784970997,74,2979,155.61,41
1784970998,76,2979,156.52,41
1784970999,74,2979,156.72,41
1784971000,77,2979,156.10,41
1784971001,76,2979,156.76,41
1784971002,78,2979,158.48,41
1784971003,63,2979,155.35,41
1784971004,69,2979,157.24,41
1784971005,64,2979,157.22,41
1784971006,75,2979,155.01,41
1784971008,77,2979,156.72,41
1784971009,78,2979,156.59,41
1784971010,60,2979,152.47,41
1784971011,70,2979,158.11,41
1784971012,77,2979,157.39,41
1784971013,77,2979,156.38,41
1784971014,81,2979,157.47,41
1784971015,78,2979,155.86,41
1784971016,80,2979,160.48,41
1784971017,72,2979,158.75,41
1784971019,76,2979,159.50,41
1784971020,81,2979,157.19,41
1784971021,81,2979,156.53,41
1784971022,82,2979,156.91,41
1784971023,80,2979,157.55,41
1784971024,75,2979,153.23,41
1784971025,73,2979,157.79,41
1784971026,70,2979,157.62,41
1784971027,74,2979,157.18,41
1784971028,75,2979,156.13,41
1784971029,72,2979,154.77,41
1784971031,69,2979,155.65,41
1784971032,70,2979,156.16,41
1784971033,68,2979,152.96,41
1784971034,79,2979,153.91,41
1784971035,76,2979,156.38,41
1784971036,78,2979,154.65,41
1784971037,72,2979,158.13,41
1784971038,64,2979,154.41,41
1784971039,72,2979,152.65,41
1784971040,69,2979,153.35,41
1784971041,73,2979,153.83,41
1784971043,68,2979,149.19,41
1784971044,36,2979,139.81,41
1784971045,26,2979,135.27,41
1784971046,34,2979,137.86,40
1784971047,33,2979,136.12,40
1784971048,34,2979,136.77,40
1784971049,33,2979,136.32,40
1784971050,34,2979,135.39,40
1784971051,33,2979,136.63,40
1784971052,28,2979,134.87,40
1784971053,27,2979,134.93,40
1784971055,31,2979,134.83,40
1784971056,31,2979,135.73,40
1784971057,31,2979,132.93,40
1784971058,30,2979,135.51,40
1784971059,24,2979,132.83,40
1784971060,27,2979,130.75,40
1784971061,6,2979,123.15,40
1784971062,0,2979,116.99,40
1784971063,95,2979,265.86,43
1784971064,95,2979,277.85,44
1784971065,95,2979,279.20,44
1784971066,95,2979,286.09,44
1784971068,95,2979,279.26,45
1784971069,95,2979,285.65,45
1784971070,95,2979,281.27,45
1784971071,95,2979,283.65,45
1784971072,95,2979,277.32,45
1784971073,95,2979,280.01,45
1784971074,61,2979,210.81,43
1784971075,56,2979,154.83,42
1784971076,51,2979,146.42,42
1784971077,49,2979,146.45,42
1784971078,59,2979,147.69,42
1784971080,43,2979,151.27,42
1784971081,55,2979,149.03,42
1784971082,52,2979,149.68,42
1784971083,47,2979,147.60,42
1784971084,49,2979,148.92,41
1784971085,51,2979,146.88,42
1784971087,52,2979,148.91,41
1784971088,54,2979,147.11,41
1784971089,46,2979,149.09,41
1784971090,49,2979,148.85,41
1784971091,46,2979,145.14,41
1784971092,52,2979,147.96,41
1784971093,50,2979,148.70,41
1784971094,51,2979,151.10,41
1784971095,38,2979,143.56,41
1784971097,50,2979,147.40,41
1784971098,54,2979,147.72,41
1784971099,45,2979,145.49,41
1784971100,59,2979,147.21,41
1784971101,59,2979,148.66,41
1784971102,54,2979,147.86,41
1784971103,59,2979,145.12,41
1784971104,61,2979,149.12,41
1784971105,60,2979,149.81,41
1784971106,49,2979,147.23,41
1784971107,46,2979,146.06,41
1784971108,59,2979,148.06,41
1784971110,66,2979,147.30,41
1784971111,69,2979,145.48,41
1784971112,63,2979,146.70,41
1784971113,68,2979,149.72,41
1784971114,69,2979,147.07,41
1784971115,66,2979,150.17,41
1784971116,66,2979,150.25,41
1784971117,65,2979,147.60,41
1784971118,73,2979,151.60,41
1784971119,76,2979,151.16,41
1784971121,62,2979,151.25,41
1784971122,71,2979,153.18,41
1784971123,73,2979,158.11,41
1784971124,65,2979,156.33,41
1784971125,75,2979,159.66,41
1784971126,72,2979,158.21,41
1784971127,75,2979,159.03,41
1784971128,79,2979,158.82,41
1784971129,81,2979,159.32,41
1784971130,77,2979,154.87,41
1784971131,75,2979,157.93,41
1784971132,75,2979,158.10,41
1784971134,78,2979,156.96,41
1784971135,76,2979,156.53,41
1784971136,74,2979,157.85,41
1784971137,82,2979,157.86,41
1784971138,77,2979,157.43,41
1784971139,59,2979,154.85,41
1784971140,70,2979,156.06,41
1784971141,78,2979,157.39,41
1784971142,73,2979,159.67,41
1784971143,78,2979,156.62,41
1784971144,74,2979,156.63,41
1784971146,74,2979,156.02,41
1784971147,75,2979,157.12,41
1784971148,75,2979,156.09,41
1784971149,71,2979,156.07,41
1784971150,70,2979,155.02,41
1784971151,75,2979,157.96,41
1784971152,73,2979,155.71,41
1784971153,65,2979,155.34,41
1784971154,72,2979,154.50,41
1784971155,75,2979,155.62,41
1784971156,77,2979,154.48,41
1784971158,74,2979,156.71,41
1784971159,69,2979,154.08,41
1784971160,73,2979,154.30,41
1784971161,77,2979,157.30,41
1784971162,75,2979,155.52,41
1784971163,72,2979,153.89,41
1784971164,73,2979,154.86,41
1784971165,73,2979,158.04,41
1784971166,75,2979,152.62,41
1784971167,61,2979,153.29,41
1784971168,66,2979,150.90,41
1784971170,68,2979,156.04,41
1784971171,67,2979,153.49,41
1784971172,71,2979,153.48,41
1784971173,49,2979,151.68,41
1784971174,67,2979,153.63,41
1784971175,68,2979,153.23,41
1784971176,68,2979,153.71,41
1784971177,68,2979,151.21,41
1784971178,70,2979,150.92,41
1784971179,63,2979,152.39,41
1784971181,62,2979,150.41,41
1784971182,30,2979,135.80,41
1784971183,21,2979,128.65,40
1784971184,0,2979,117.48,40
1784971185,0,2979,117.22,40
1784971186,95,2979,160.79,42
1784971187,95,2979,270.38,44
1784971188,95,2979,274.00,44
1784971189,95,2979,278.37,45
1784971190,95,2979,277.73,45
1784971191,95,2979,282.38,45
1784971192,95,2979,278.30,45
1784971194,95,2979,287.31,45
1784971195,95,2979,292.77,45
1784971196,95,2979,286.29,46
1784971197,95,2979,278.50,46
1784971198,39,2979,128.33,42
1784971199,39,2979,128.30,42
1784971200,39,2979,128.26,41
1784971201,40,2979,127.67,41
1784971202,38,2979,124.57,41
1784971203,37,2979,127.40,41
1784971204,37,2979,127.54,41
1784971205,35,2979,127.39,41
1784971206,34,2979,127.06,41
1784971208,37,2979,127.36,41
1784971209,39,2979,127.02,41
1784971210,38,2979,127.05,41
1784971211,38,2979,127.77,40
1784971212,40,2979,127.35,40
1784971213,39,2979,127.50,40
1784971214,40,2979,127.22,40
1784971215,39,2979,127.08,40
1784971216,38,2979,127.14,40
1784971217,39,2979,127.69,40
1784971218,38,2979,127.09,40
1784971220,37,2979,127.30,40
1784971221,40,2979,126.45,40
1784971222,10,2979,126.21,40
1784971223,9,2979,125.33,40
1784971224,19,2979,125.83,40
1784971225,5,2979,126.82,40
1784971226,9,2979,126.05,40
1784971227,14,2979,126.02,40
1784971228,39,2979,123.52,40
1784971229,29,2979,120.95,40
1784971230,41,2979,123.13,39
1784971231,41,2979,122.20,39
1784971233,65,2979,138.99,40
1784971234,45,2979,153.07,40
1784971235,53,2979,151.97,40
1784971236,55,2979,148.84,40
1784971237,58,2979,148.50,40
1784971238,58,2979,153.12,40
1784971239,53,2979,147.77,40
1784971240,50,2979,146.45,40
1784971241,56,2979,149.77,40
1784971242,54,2979,152.08,40
1784971243,41,2979,148.97,40
1784971244,41,2979,149.12,40
1784971246,45,2979,148.96,40
1784971247,50,2979,148.96,40
1784971248,43,2979,148.12,40
1784971249,50,2979,144.74,40
1784971250,50,2979,150.88,40
1784971251,49,2979,148.18,40
1784971252,51,2979,147.50,40
1784971253,49,2979,151.86,40
1784971254,36,2979,148.15,40
1784971255,39,2979,146.77,40
1784971256,56,2979,146.15,40
1784971258,55,2979,149.35,40
1784971259,60,2979,148.86,40
1784971260,53,2979,146.29,40
1784971261,57,2979,148.23,40
1784971262,56,2979,150.11,40
1784971263,63,2979,147.25,40
1784971264,59,2979,148.52,40
1784971265,59,2979,149.50,40
1784971266,40,2979,147.40,40
1784971267,61,2979,150.87,40
1784971269,59,2979,149.54,40
1784971270,64,2979,148.19,40
1784971271,63,2979,146.99,40
1784971272,63,2979,148.88,40
1784971273,67,2979,149.23,40
1784971274,64,2979,146.44,40
1784971275,69,2979,147.16,40
1784971276,64,2979,147.15,40
1784971277,65,2979,147.76,40
1784971278,62,2979,147.43,40
1784971279,70,2979,148.96,40
1784971281,77,2979,149.35,40
1784971282,77,2979,147.66,40
1784971283,73,2979,149.23,40
1784971284,74,2979,151.32,40
1784971285,60,2979,150.38,40
1784971286,73,2979,152.33,40
1784971287,77,2979,149.16,40
1784971288,80,2979,149.00,40
1784971289,77,2979,151.89,40
1784971290,76,2979,152.82,40
1784971291,75,2979,149.10,40
1784971292,77,2979,151.72,40
1784971294,78,2979,152.19,40
1784971295,83,2979,152.84,40
1784971296,85,2979,150.57,40
1784971297,79,2979,150.89,40
1784971298,79,2979,151.37,40
1784971299,58,2979,149.33,40
1784971300,75,2979,152.72,40
1784971301,81,2979,152.26,40
1784971302,76,2979,152.76,40
1784971303,83,2979,150.75,40
1784971304,87,2979,155.74,40
1784971306,88,2979,154.47,40
1784971307,85,2979,153.08,40
1784971308,68,2979,153.36,40
1784971309,85,2979,154.52,40
1784971310,86,2979,152.61,40
1784971311,69,2979,154.12,40
1784971312,84,2979,153.18,40
1784971313,82,2979,154.09,40
1784971314,80,2979,152.46,40
1784971315,77,2979,153.42,40
1784971316,81,2979,153.08,40
1784971318,80,2979,153.40,40
1784971319,83,2979,153.23,40
1784971320,79,2979,153.53,40
1784971321,82,2979,154.29,40
1784971322,76,2979,152.18,40
1784971323,79,2979,153.31,40
1784971324,72,2979,148.46,40
1784971325,81,2979,151.94,40
1784971326,75,2979,151.24,40
1784971327,72,2979,151.46,40
1784971329,71,2979,151.51,40
1784971330,75,2979,151.99,40
1784971331,81,2979,153.10,40
1784971332,80,2979,150.93,40
1784971333,79,2979,152.02,40
1784971334,78,2979,152.69,40
1784971335,63,2979,147.13,40
1784971336,64,2979,151.36,40
1784971337,31,2979,135.05,40
1784971338,29,2979,135.21,40
1784971339,29,2979,131.06,40
1784971341,30,2979,133.37,40
1784971342,29,2979,132.65,40
1784971343,3,2979,122.87,39
1784971344,0,2979,117.12,39
1784971345,0,2979,116.79,39
1784971346,0,2979,116.82,39
1784971347,0,2979,117.00,39
1784971348,0,2979,116.75,39
1784971349,0,2979,116.88,39
1784971350,0,2979,116.74,39
1784971351,0,2979,116.68,39
1784971353,0,2979,116.85,39
1784971354,96,2979,206.76,42
1784971355,96,2979,284.28,43
1784971356,96,2979,281.53,43
1784971357,96,2979,286.05,44
1784971358,96,2979,280.59,44
1784971359,96,2979,280.44,44
1784971360,96,2979,283.07,45
1784971361,96,2979,282.71,45
1784971362,96,2979,282.64,45
1784971363,96,2979,281.87,45
1784971365,67,2979,237.59,43
1784971366,58,2979,156.87,42
1784971367,53,2979,150.88,42
1784971368,38,2979,147.21,42
1784971369,59,2979,146.57,42
1784971370,57,2979,152.72,41
1784971371,48,2979,150.21,41
1784971372,52,2979,148.90,41
1784971373,50,2979,151.87,41
1784971374,53,2979,149.59,41
1784971375,29,2979,146.79,41
1784971376,54,2979,146.93,41
1784971378,52,2979,148.85,41
1784971379,50,2979,149.80,41
1784971380,48,2979,142.29,41
1784971381,43,2979,147.96,41
1784971382,53,2979,148.74,41
1784971383,29,2979,144.27,41
1784971384,49,2979,146.21,41
1784971385,44,2979,146.42,41
1784971386,49,2979,149.08,41
1784971387,56,2979,145.94,41
1784971389,51,2979,149.54,41
1784971390,56,2979,147.35,41
1784971391,29,2979,143.32,41
1784971392,60,2979,148.15,41
1784971393,60,2979,147.51,41
1784971394,59,2979,147.36,41
1784971395,45,2979,145.73,41
1784971396,58,2979,147.56,41
1784971397,56,2979,146.65,41
1784971398,63,2979,149.09,41
1784971399,57,2979,147.37,41
1784971401,63,2979,148.34,41
1784971402,58,2979,148.31,41
1784971403,67,2979,147.22,41
1784971404,66,2979,147.03,41
1784971405,62,2979,146.52,41
1784971406,71,2979,145.48,41
1784971407,65,2979,146.10,41
1784971408,72,2979,149.11,41
1784971409,68,2979,146.69,41
1784971410,61,2979,148.70,41
1784971411,70,2979,147.70,41
1784971412,72,2979,151.49,41
1784971414,68,2979,149.90,41
1784971415,81,2979,153.29,41
1784971416,76,2979,150.56,41
1784971417,73,2979,150.50,41
1784971418,77,2979,150.14,41
1784971419,61,2979,150.91,41
1784971420,71,2979,150.37,41
1784971421,60,2979,150.82,41
1784971422,73,2979,151.56,41
1784971423,66,2979,150.59,41
1784971425,61,2979,150.02,41
1784971426,74,2979,150.24,41
1784971427,73,2979,153.74,41
1784971428,77,2979,148.67,41
1784971429,75,2979,151.64,41
1784971430,80,2979,153.02,41
1784971431,79,2979,153.12,41
1784971432,78,2979,150.35,41
1784971433,77,2979,152.24,41
1784971434,77,2979,152.14,41
1784971435,77,2979,151.21,41
1784971437,73,2979,151.22,41
1784971438,82,2979,152.79,41
1784971439,72,2979,151.09,41
1784971440,82,2979,151.83,41
1784971441,77,2979,152.88,41
1784971442,79,2979,150.19,41
1784971443,81,2979,150.31,41
1784971444,81,2979,153.20,41
1784971445,81,2979,152.62,41
1784971446,81,2979,152.60,41
1784971447,75,2979,152.30,41
1784971448,74,2979,153.27,41
1784971450,84,2979,152.13,41
1784971451,78,2979,153.09,41
1784971452,81,2979,148.64,41
1784971453,81,2979,153.02,41
1784971454,81,2979,153.50,41
1784971455,80,2979,151.24,41
1784971456,72,2979,153.37,41
1784971457,76,2979,152.63,41
1784971458,72,2979,152.85,41
1784971459,76,2979,152.09,41
1784971460,74,2979,152.89,41
1784971462,74,2979,151.40,41
1784971463,67,2979,151.62,41
1784971464,83,2979,151.84,41
1784971465,84,2979,149.90,41
1784971466,67,2979,149.00,41
1784971467,67,2979,149.66,41
1784971468,73,2979,151.04,41
1784971469,78,2979,152.70,41
1784971470,70,2979,150.85,41
1784971471,33,2979,136.49,40
1784971472,32,2979,134.05,40
1784971473,31,2979,134.76,40
1784971475,23,2979,132.81,40
1784971476,28,2979,132.38,40
1784971477,3,2979,124.37,40
1784971478,0,2979,116.99,40
1784971479,0,2979,117.13,40
1784971480,96,2979,206.48,43
1784971481,96,2979,284.01,44
1784971482,96,2979,282.87,44
1784971483,96,2979,283.45,44
1784971484,96,2979,284.00,45
1784971485,96,2979,285.91,45
1784971486,96,2979,284.82,45
1784971488,96,2979,285.61,45
1784971489,96,2979,281.11,45
1784971490,96,2979,281.07,46
1784971491,58,2979,223.28,43
1784971492,62,2979,157.11,43
1784971493,52,2979,149.59,42
1784971494,41,2979,149.31,42
1784971495,63,2979,148.92,42
1784971496,57,2979,153.69,42
1784971497,57,2979,152.06,42
1784971498,51,2979,150.48,42
1784971500,51,2979,149.30,42
1784971501,56,2979,152.73,42
1784971502,49,2979,147.54,42
1784971503,53,2979,149.30,41
1784971504,48,2979,148.61,41
1784971505,49,2979,148.17,41
1784971506,53,2979,149.55,41
1784971507,53,2979,147.66,41
1784971508,47,2979,148.76,41
1784971509,48,2979,149.55,41
1784971510,34,2979,145.77,41
1784971512,48,2979,150.37,41
1784971513,48,2979,147.05,41
1784971514,50,2979,149.42,41
1784971515,49,2979,149.75,41
1784971516,48,2979,151.24,41
1784971517,40,2979,150.21,41
1784971518,51,2979,150.29,41
1784971519,53,2979,148.71,41
1784971520,53,2979,151.95,41
1784971521,43,2979,151.14,41
1784971522,53,2979,152.93,41
1784971524,57,2979,152.30,41
1784971525,56,2979,154.40,41
1784971526,58,2979,152.13,41
1784971527,58,2979,151.06,41
1784971528,59,2979,149.78,41
1784971529,62,2979,152.13,41
1784971530,56,2979,149.75,41
1784971531,60,2979,152.91,41
1784971532,64,2979,149.76,41
1784971533,66,2979,154.73,41
1784971534,64,2979,152.50,41
1784971535,66,2979,154.66,41
1784971537,69,2979,154.32,41
1784971538,68,2979,151.23,41
1784971539,69,2979,150.73,41
1784971540,67,2979,157.61,41
1784971541,73,2979,153.12,41
1784971542,55,2979,154.12,41
1784971543,75,2979,159.08,41
1784971544,77,2979,158.41,41
1784971545,80,2979,157.47,41
1784971546,73,2979,157.11,41
1784971547,81,2979,158.93,41
1784971549,78,2979,159.47,41
1784971550,79,2979,158.03,41
1784971551,82,2979,160.37,41
1784971552,82,2979,159.76,41
1784971553,83,2979,159.08,41
1784971554,71,2979,157.75,41
1784971555,67,2979,158.77,41
1784971556,84,2979,159.49,41
1784971557,82,2979,159.22,41
1784971558,80,2979,157.42,41
1784971559,76,2979,161.18,41
1784971561,79,2979,160.21,41
1784971562,78,2979,161.40,41
1784971563,75,2979,161.16,41
1784971564,83,2979,161.16,41
1784971565,85,2979,160.77,41
1784971566,74,2979,159.56,41
1784971567,85,2979,158.30,41
1784971568,83,2979,159.22,41
1784971569,83,2979,158.72,41
1784971570,84,2979,160.89,41
1784971571,85,2979,158.49,41
1784971573,82,2979,156.59,41
1784971574,79,2979,159.82,41
1784971575,82,2979,157.65,41
1784971576,84,2979,159.46,41
1784971577,82,2979,159.25,41
1784971578,86,2979,158.01,41
1784971579,85,2979,159.60,41
1784971580,62,2979,158.21,41
1784971581,69,2979,158.99,41
1784971582,82,2979,161.35,41
1784971583,82,2979,159.72,41
1784971585,73,2979,157.78,41
1784971586,74,2979,157.71,41
1784971587,75,2979,160.12,41
1784971588,71,2979,160.91,41
1784971589,79,2979,156.63,41
1784971590,80,2979,159.16,41
1784971591,60,2979,156.76,41
1784971592,73,2979,153.10,41
1784971593,71,2979,158.33,41
1784971594,60,2979,156.14,41
1784971595,76,2979,156.85,41
1784971596,74,2979,152.96,41
1784971598,59,2979,150.99,41
1784971599,65,2979,150.90,41
1784971600,30,2979,139.98,41
1784971601,18,2979,136.22,41
1784971602,28,2979,134.46,40
1784971603,20,2979,127.77,40
1784971604,1,2979,117.48,40
1784971605,0,2979,117.14,40
1784971606,96,2979,272.57,43
1784971607,96,2979,280.72,44
1784971608,96,2979,281.78,45
1784971610,96,2979,283.55,45
1784971611,96,2979,288.36,45
1784971612,96,2979,282.22,45
1784971613,96,2979,279.76,45
1784971614,96,2979,288.10,46
1784971615,96,2979,283.96,46
1784971616,96,2979,285.93,46
1784971617,59,2979,188.74,43
1784971618,60,2979,159.31,43
1784971619,57,2979,150.64,42
1784971621,52,2979,152.38,42
1784971622,60,2979,150.29,42
1784971623,58,2979,152.90,42
1784971624,60,2979,158.70,42
1784971625,53,2979,150.51,42
1784971626,58,2979,153.36,42
1784971627,56,2979,154.21,42
1784971628,56,2979,149.06,42
1784971629,51,2979,151.16,42
1784971630,49,2979,149.95,42
1784971631,42,2979,145.05,42
1784971633,49,2979,150.00,42
1784971634,55,2979,152.78,42
1784971635,38,2979,149.59,41
1784971636,52,2979,149.28,42
1784971637,50,2979,152.16,42
1784971638,55,2979,150.36,42
1784971639,42,2979,147.74,41
1784971640,57,2979,151.25,41
1784971641,61,2979,152.20,41
1784971642,50,2979,149.26,41
1784971643,60,2979,151.86,41
1784971645,64,2979,151.47,41
1784971646,62,2979,151.85,41
1784971647,61,2979,150.77,41
1784971648,68,2979,150.61,41
1784971649,62,2979,147.62,41
1784971650,66,2979,149.48,41
1784971651,65,2979,149.58,41
1784971652,70,2979,151.93,41
1784971653,65,2979,150.04,41
1784971654,72,2979,149.74,41
1784971655,76,2979,149.39,41
1784971657,79,2979,150.05,41
1784971658,75,2979,148.98,41
1784971659,84,2979,149.59,41
1784971660,76,2979,151.17,41
1784971661,80,2979,151.41,41
1784971662,86,2979,153.27,41
1784971663,85,2979,152.49,41
1784971664,84,2979,154.23,41
1784971665,80,2979,149.95,41
1784971666,81,2979,153.91,41
1784971667,80,2979,154.29,41
1784971668,85,2979,150.73,41
1784971670,86,2979,151.20,41
1784971671,78,2979,151.09,41
1784971672,80,2979,146.75,41
1784971673,88,2979,154.22,41
1784971674,89,2979,152.97,41
1784971675,88,2979,151.21,41
1784971676,89,2979,152.78,41
1784971677,90,2979,154.72,41
1784971678,88,2979,152.75,41
1784971679,91,2979,154.40,41
1784971680,91,2979,153.54,41
1784971682,86,2979,154.24,41
1784971683,87,2979,153.01,41
1784971684,87,2979,152.12,41
1784971685,92,2979,154.97,41
1784971686,89,2979,151.65,41
1784971687,93,2979,154.04,41
1784971688,92,2979,153.30,41
1784971689,81,2979,149.82,41
1784971690,90,2979,153.17,41
1784971691,92,2979,150.83,41
1784971693,79,2979,153.41,41
1784971694,91,2979,153.60,41
1784971695,88,2979,152.71,41
1784971696,88,2979,152.10,41
1784971697,85,2979,151.01,41
1784971698,86,2979,154.10,41
1784971699,89,2979,152.74,41
1784971700,76,2979,152.88,41
1784971701,84,2979,151.18,41
1784971702,78,2979,151.04,41
1784971703,80,2979,150.32,41
1784971705,65,2979,150.59,41
1784971706,76,2979,148.86,41
1784971707,81,2979,151.92,41
1784971708,68,2979,148.67,41
1784971709,69,2979,149.45,41
1784971710,81,2979,152.08,41
1784971711,82,2979,150.35,41
1784971712,76,2979,148.31,41
1784971713,69,2979,147.25,41
1784971714,68,2979,149.66,41
1784971715,61,2979,147.02,41
1784971716,1,2979,120.57,40
1784971718,0,2979,117.54,40
1784971719,0,2979,117.15,40
1784971720,0,2979,117.26,40
1784971721,0,2979,117.00,40
1784971722,0,2979,117.21,40
1784971723,0,2979,116.93,40
1784971724,0,2979,117.14,40
1784971725,0,2979,116.96,40
1784971726,0,2979,116.96,40
1784971727,0,2979,117.25,39
1784971728,0,2979,116.82,39
1784971730,0,2979,116.91,39
1784971731,0,2979,116.93,39
1784971732,96,2979,205.28,42
1784971733,96,2979,284.33,43
1784971734,96,2979,283.69,44
1784971735,96,2979,283.17,44
1784971736,96,2979,285.87,44
1784971737,96,2979,284.52,45
1784971738,96,2979,281.48,45
1784971739,96,2979,283.85,45
1784971740,96,2979,282.07,45
1784971741,96,2979,280.96,45
1784971743,54,2979,252.16,43
1784971744,73,2979,158.32,43
1784971745,58,2979,151.22,42
1784971746,45,2979,151.30,42
1784971747,61,2979,152.74,42
1784971748,57,2979,152.02,42
1784971749,52,2979,152.84,42
1784971750,54,2979,152.82,42
1784971751,58,2979,151.59,42
1784971752,53,2979,150.77,42
1784971753,49,2979,151.85,42
1784971755,55,2979,149.25,42
1784971756,51,2979,150.49,42
1784971757,50,2979,149.63,42
1784971758,39,2979,148.25,41
1784971759,49,2979,150.96,41
1784971760,52,2979,150.64,41
1784971761,50,2979,149.77,41
1784971762,53,2979,149.07,41
1784971763,47,2979,149.19,41
1784971764,52,2979,150.09,41
1784971765,50,2979,147.49,41
1784971767,52,2979,151.75,41
1784971768,55,2979,149.25,41
1784971769,38,2979,149.73,41
1784971770,54,2979,151.58,41
1784971771,57,2979,151.65,41
1784971772,60,2979,152.88,41
1784971773,55,2979,149.15,41
1784971774,58,2979,148.65,41
1784971775,54,2979,148.26,41
1784971776,41,2979,150.10,41
1784971777,61,2979,146.42,41
1784971779,51,2979,149.53,41
1784971780,61,2979,149.12,41
1784971781,50,2979,149.06,41
1784971782,66,2979,149.84,41
1784971783,61,2979,151.45,41
1784971784,68,2979,152.90,41
1784971785,75,2979,150.18,41
1784971786,66,2979,150.15,41
1784971787,71,2979,152.77,41
1784971788,55,2979,151.26,41
1784971790,77,2979,151.40,41
1784971791,74,2979,152.23,41
1784971792,70,2979,150.94,41
1784971793,81,2979,151.99,41
1784971794,83,2979,153.78,41
1784971795,83,2979,153.34,41
1784971796,71,2979,153.46,41
1784971797,77,2979,154.75,41
1784971798,79,2979,153.88,41
1784971799,61,2979,153.70,41
1784971800,75,2979,152.96,41
1784971801,87,2979,156.55,41
1784971803,86,2979,156.69,41
1784971804,88,2979,151.94,41
1784971805,86,2979,155.50,41
1784971806,87,2979,154.09,41
1784971807,87,2979,154.42,41
1784971808,83,2979,156.57,41
1784971809,87,2979,157.01,41
1784971810,83,2979,156.82,41
1784971811,84,2979,157.48,41
1784971812,71,2979,155.33,41
1784971813,79,2979,154.09,41
1784971815,83,2979,157.54,41
1784971816,87,2979,155.93,41
1784971817,82,2979,155.23,41
1784971818,87,2979,156.62,41
1784971819,84,2979,158.24,41
1784971820,85,2979,155.42,41
1784971821,78,2979,155.76,41
1784971822,86,2979,157.99,41
1784971823,85,2979,155.34,41
1784971824,85,2979,154.39,41
1784971825,86,2979,155.48,41
1784971827,85,2979,153.73,41
1784971828,86,2979,153.90,41
1784971829,85,2979,156.90,41
1784971830,76,2979,153.57,41
1784971831,84,2979,155.69,41
1784971832,78,2979,154.59,41
1784971833,79,2979,153.79,41
1784971834,82,2979,150.99,41
1784971835,76,2979,154.81,41
1784971836,74,2979,151.15,41
1784971837,79,2979,152.27,41
1784971839,77,2979,153.59,41
1784971840,68,2979,153.63,41
1784971841,81,2979,153.13,41
1784971842,79,2979,152.61,41
1784971843,80,2979,152.71,41
1784971844,79,2979,153.39,41
1784971845,73,2979,152.47,41
1784971846,63,2979,152.19,41
1784971847,28,2979,139.91,41
1784971848,28,2979,133.17,40
1784971849,1,2979,122.21,40
1784971850,0,2979,117.47,40
1784971852,0,2979,117.18,40
1784971853,0,2979,117.34,40
1784971854,0,2979,116.98,40
1784971855,0,2979,117.19,40
1784971856,0,2979,116.89,40
1784971857,0,2979,117.01,40
1784971858,0,2979,117.03,40
1784971859,96,2979,208.58,43
1784971860,96,2979,283.04,43
1784971861,96,2979,281.99,44
1784971862,96,2979,281.86,44
1784971863,96,2979,288.50,45
1784971865,96,2979,284.08,45
1784971866,96,2979,280.96,45
1784971867,96,2979,284.98,45
1784971868,96,2979,277.69,45
1784971869,96,2979,280.98,46
1784971870,37,2979,221.48,43
1784971871,40,2979,127.86,42
1784971872,40,2979,128.08,42
1784971873,40,2979,127.45,41
1784971874,41,2979,126.82,41
1784971875,40,2979,126.19,41
1784971876,38,2979,128.06,41
1784971878,38,2979,127.60,41
1784971879,38,2979,127.33,41
1784971880,34,2979,126.80,41
1784971881,39,2979,126.89,41
1784971882,38,2979,127.26,41
1784971883,40,2979,127.02,40
1784971884,38,2979,128.14,40
1784971885,38,2979,127.48,40
1784971886,39,2979,127.42,40
1784971887,40,2979,128.43,40
1784971888,41,2979,127.23,40
1784971889,41,2979,128.00,40
1784971891,40,2979,127.97,40
1784971892,39,2979,127.15,40
1784971893,35,2979,126.99,40
1784971894,35,2979,127.45,40
1784971895,37,2979,125.51,40
1784971896,38,2979,126.25,40
1784971897,36,2979,125.21,40
1784971898,37,2979,126.48,40
1784971899,15,2979,125.55,40
1784971900,5,2979,122.48,39
1784971901,0,2979,122.88,39
1784971903,41,2979,122.00,39
1784971904,65,2979,136.05,40
1784971905,79,2979,158.82,40
1784971906,60,2979,156.45,40
1784971907,58,2979,152.31,40
1784971908,63,2979,154.03,40
1784971909,51,2979,156.70,40
1784971910,50,2979,151.55,40
1784971911,61,2979,149.12,40
1784971912,55,2979,151.96,40
1784971913,55,2979,152.94,40
1784971915,54,2979,149.64,40
1784971916,57,2979,150.94,40
1784971917,51,2979,149.23,40
1784971918,37,2979,145.41,40
1784971919,49,2979,150.33,40
1784971920,54,2979,152.24,40
1784971921,34,2979,146.30,40
1784971922,53,2979,149.09,40
1784971923,49,2979,149.68,40
1784971925,55,2979,148.32,40
1784971926,60,2979,149.35,40
1784971927,59,2979,146.59,40
1784971928,61,2979,148.30,40
1784971929,53,2979,144.98,40
1784971930,57,2979,145.34,40
1784971931,65,2979,148.37,40
1784971932,61,2979,148.15,40
1784971933,67,2979,148.47,40
1784971935,45,2979,146.94,40
1784971936,67,2979,148.65,40
1784971937,68,2979,149.11,40
1784971938,74,2979,146.82,40
1784971939,78,2979,150.44,40
1784971940,75,2979,150.32,40
1784971941,79,2979,152.47,40
1784971942,78,2979,150.61,40
1784971943,75,2979,151.27,40
1784971944,78,2979,154.71,40
1784971945,78,2979,149.01,40
1784971947,82,2979,151.51,40
1784971948,83,2979,154.81,40
1784971949,85,2979,153.02,40
1784971950,86,2979,151.05,40
1784971951,86,2979,155.05,40
1784971952,76,2979,152.24,40
1784971953,78,2979,158.91,40
1784971954,86,2979,158.61,41
1784971955,78,2979,159.42,41
1784971956,84,2979,160.97,41
1784971957,88,2979,161.57,41
1784971958,74,2979,161.68,41
1784971960,83,2979,159.18,41
1784971961,82,2979,161.72,41
1784971962,70,2979,157.23,41
1784971963,83,2979,160.14,41
1784971964,84,2979,157.29,41
1784971965,83,2979,156.66,41
1784971966,82,2979,153.04,41
1784971967,76,2979,157.91,41
1784971968,78,2979,157.38,41
1784971969,81,2979,155.08,41
1784971970,68,2979,153.33,41
1784971972,74,2979,157.16,41
1784971973,81,2979,153.72,41
1784971974,78,2979,157.61,41
1784971975,68,2979,150.68,41
1784971976,74,2979,156.81,41
1784971977,78,2979,153.52,41
1784971978,78,2979,155.00,41
1784971979,72,2979,153.59,40
1784971980,82,2979,154.70,41
1784971981,80,2979,155.88,41
1784971982,77,2979,154.68,41
1784971984,86,2979,153.67,41
1784971985,74,2979,151.62,41
1784971986,79,2979,157.71,41
1784971987,74,2979,155.94,41
1784971988,73,2979,153.28,41
1784971989,71,2979,154.48,41
1784971990,70,2979,152.09,41
1784971991,71,2979,152.90,41
1784971992,73,2979,153.01,41
1784971993,63,2979,150.50,41
1784971994,79,2979,152.48,41
1784971996,75,2979,152.89,41
1784971997,74,2979,152.68,41
1784971998,72,2979,152.21,41
1784971999,71,2979,150.51,41
1784972000,71,2979,150.99,41
1784972001,71,2979,151.07,41
1784972002,74,2979,150.65,41
1784972003,65,2979,142.92,40
1784972004,23,2979,132.79,40
1784972005,1,2979,118.28,40
1784972006,0,2979,117.09,40
1784972008,0,2979,117.01,40
1784972009,0,2979,117.11,39
1784972010,0,2979,116.77,39
1784972011,0,2979,117.05,39
1784972012,0,2979,116.72,39
1784972013,0,2979,116.75,39
1784972014,96,2979,197.78,42
1784972015,96,2979,279.38,43
1784972016,96,2979,280.04,44
1784972017,96,2979,277.74,44
1784972018,96,2979,280.35,44
1784972020,96,2979,278.55,45
1784972021,96,2979,283.52,45
1784972022,96,2979,279.84,45
1784972023,96,2979,284.58,45
1784972024,96,2979,281.95,45
1784972025,46,2979,241.55,43
1784972026,65,2979,155.85,42
1784972027,65,2979,158.98,42
1784972028,47,2979,149.39,42
1784972029,64,2979,154.08,42
1784972030,58,2979,153.41,42
1784972031,51,2979,150.70,42
1784972033,57,2979,153.20,42
1784972034,59,2979,151.60,42
1784972035,58,2979,151.57,41
1784972036,55,2979,151.31,41
1784972037,57,2979,152.58,41
1784972038,53,2979,150.90,41
1784972039,49,2979,147.06,41
1784972040,49,2979,149.29,41
1784972041,48,2979,147.41,41
1784972042,51,2979,147.80,41
1784972044,53,2979,151.35,41
1784972045,52,2979,153.43,41
1784972046,48,2979,148.44,41
1784972047,54,2979,152.91,41
1784972048,57,2979,149.69,41
1784972049,57,2979,147.39,41
1784972050,60,2979,150.38,41
1784972051,56,2979,151.90,41
1784972052,61,2979,150.99,41
1784972053,60,2979,148.90,41
1784972054,62,2979,150.71,41
1784972056,66,2979,150.38,41
1784972057,65,2979,147.87,41
1784972058,64,2979,147.73,41
1784972059,68,2979,149.02,41
1784972060,44,2979,148.28,41
1784972061,68,2979,148.01,41
1784972062,65,2979,145.27,41
1784972063,70,2979,147.59,41
1784972064,55,2979,147.02,41
1784972065,74,2979,149.15,41
1784972067,79,2979,148.53,41
1784972068,80,2979,150.87,41
1784972069,82,2979,150.47,41
1784972070,84,2979,149.21,41
1784972071,81,2979,150.94,41
1784972072,77,2979,151.10,41
1784972073,83,2979,150.93,41
1784972074,80,2979,151.87,41
1784972075,70,2979,151.94,41
1784972076,79,2979,152.51,41
1784972078,81,2979,152.51,41
1784972079,67,2979,153.77,41
1784972080,83,2979,153.34,41
1784972081,79,2979,154.96,41
1784972082,68,2979,153.13,41
1784972083,82,2979,154.09,41
1784972084,85,2979,156.71,41
1784972085,59,2979,153.92,41
1784972086,88,2979,157.51,41
1784972087,84,2979,155.28,41
1784972088,62,2979,153.92,41
1784972089,82,2979,155.87,41
1784972091,83,2979,154.32,41
1784972092,67,2979,151.28,41
1784972093,86,2979,155.89,41
1784972094,84,2979,154.04,41
1784972095,67,2979,155.04,41
1784972096,85,2979,155.84,41
1784972097,90,2979,156.46,41
1784972098,58,2979,153.74,41
1784972099,86,2979,154.82,41
1784972100,84,2979,152.92,41
1784972101,76,2979,155.98,41
1784972102,89,2979,153.16,41
1784972104,84,2979,153.98,41
1784972105,85,2979,152.99,41
1784972106,79,2979,153.41,41
1784972107,85,2979,154.56,41
1784972108,79,2979,153.09,41
1784972109,87,2979,154.33,41
1784972110,82,2979,153.41,41
1784972111,84,2979,154.93,41
1784972112,70,2979,152.78,41
1784972113,81,2979,151.45,41
1784972114,82,2979,152.54,41
1784972116,85,2979,152.87,41
1784972117,83,2979,151.01,41
1784972118,83,2979,149.97,41
1784972119,85,2979,152.49,41
1784972120,74,2979,151.69,41
1784972121,79,2979,151.35,41
1784972122,81,2979,149.53,41
1784972123,75,2979,148.32,41
1784972124,72,2979,149.92,41
1784972125,30,2979,137.12,40
1784972126,2,2979,120.40,40
1784972128,0,2979,117.61,40
1784972129,0,2979,117.19,40
1784972130,0,2979,117.41,40
1784972131,0,2979,117.00,40
1784972132,0,2979,117.34,40
1784972133,0,2979,117.04,40
1784972134,0,2979,117.09,40
1784972135,0,2979,117.16,40
1784972136,0,2979,116.79,40
1784972137,0,2979,117.04,40
1784972138,0,2979,132.34,41
1784972140,96,2979,285.90,43
1784972141,96,2979,280.52,44
1784972142,96,2979,280.68,44
1784972143,96,2979,285.06,45
1784972144,96,2979,286.23,45
1784972145,96,2979,287.62,45
1784972146,96,2979,283.54,45
1784972147,96,2979,283.57,45
1784972148,96,2979,282.01,45
1784972149,96,2979,279.53,45
1784972150,67,2979,169.37,43
1784972151,52,2979,159.44,42
1784972153,49,2979,151.75,42
1784972154,57,2979,153.30,42
1784972155,58,2979,155.90,42
1784972156,48,2979,149.97,42
1784972157,55,2979,152.22,42
1784972158,55,2979,151.04,42
1784972159,42,2979,148.99,42
1784972160,50,2979,151.46,42
1784972161,55,2979,151.20,42
1784972162,61,2979,149.95,42
1784972163,54,2979,148.73,41
1784972165,56,2979,148.69,41
1784972166,57,2979,146.84,41
1784972167,58,2979,148.30,41
1784972168,48,2979,150.12,41
1784972169,50,2979,151.84,41
1784972170,49,2979,147.80,41
1784972171,55,2979,154.65,41
1784972172,45,2979,149.29,41
1784972173,40,2979,147.35,41
1784972174,58,2979,152.57,41
1784972175,57,2979,152.93,41
1784972176,59,2979,150.23,41
1784972178,57,2979,149.56,41
1784972179,60,2979,154.29,41
1784972180,64,2979,150.89,41
1784972181,60,2979,151.65,41
1784972182,57,2979,150.67,41
1784972183,54,2979,150.25,41
1784972184,67,2979,151.56,41
1784972185,66,2979,153.17,41
1784972186,61,2979,153.28,41
1784972187,71,2979,153.38,41
1784972188,66,2979,151.08,41
1784972190,63,2979,154.26,41
1784972191,71,2979,154.91,41
1784972192,64,2979,151.27,41
1784972193,61,2979,151.99,41
1784972194,69,2979,155.66,41
1784972195,75,2979,154.48,41
1784972196,77,2979,151.80,41
1784972197,78,2979,156.62,41
1784972198,81,2979,155.89,41
1784972199,75,2979,153.04,41
1784972201,74,2979,156.23,41
1784972202,81,2979,156.85,41
1784972203,67,2979,157.61,41
1784972204,81,2979,158.51,41
1784972205,77,2979,156.61,41
1784972206,78,2979,156.94,41
1784972207,72,2979,155.41,41
1784972208,79,2979,158.71,41
1784972209,77,2979,155.51,41
1784972210,81,2979,156.71,41
1784972211,82,2979,156.15,41
1784972212,81,2979,153.91,41
1784972214,66,2979,154.01,41
1784972215,82,2979,155.14,41
1784972216,82,2979,156.55,41
1784972217,74,2979,155.32,41
1784972218,81,2979,156.15,41
1784972219,82,2979,155.78,41
1784972220,83,2979,155.99,41
1784972221,62,2979,155.75,41
1784972222,80,2979,155.98,41
1784972223,82,2979,156.27,41
1784972224,76,2979,158.34,41
1784972225,79,2979,155.55,41
1784972227,82,2979,157.78,41
1784972228,77,2979,157.10,41
1784972229,77,2979,156.06,41
1784972230,80,2979,154.95,41
1784972231,77,2979,157.81,41
1784972232,79,2979,156.76,41
1784972233,82,2979,156.76,41
1784972234,76,2979,156.04,41
1784972235,75,2979,157.07,41
1784972236,72,2979,152.62,41
1784972238,80,2979,157.31,41
1784972239,73,2979,155.60,41
1784972240,83,2979,155.16,41
1784972241,79,2979,154.07,41
1784972242,81,2979,155.80,41
1784972243,76,2979,155.01,41
1784972244,64,2979,155.29,41
1784972245,76,2979,157.01,41
1784972246,75,2979,153.86,41
1784972247,61,2979,153.31,41
1784972248,74,2979,153.64,41
1784972250,79,2979,155.14,41
1784972251,76,2979,150.73,41
1784972252,75,2979,154.25,41
1784972253,63,2979,146.87,41
1784972254,32,2979,137.80,41
1784972255,31,2979,138.09,41
1784972256,30,2979,139.39,41
1784972257,26,2979,134.31,41
1784972258,27,2979,132.74,40
1784972259,1,2979,121.00,40
1784972261,0,2979,117.39,40
1784972262,96,2979,255.39,43
1784972263,96,2979,283.31,44
1784972264,96,2979,288.03,45
1784972265,96,2979,289.12,45
1784972266,96,2979,287.35,45
1784972267,96,2979,280.74,45
1784972268,96,2979,281.15,45
1784972269,96,2979,284.67,45
1784972270,96,2979,282.39,46
1784972271,96,2979,286.50,46
1784972272,75,2979,213.12,43
1784972274,67,2979,154.82,43
1784972275,50,2979,155.54,42
1784972276,46,2979,154.41,42
1784972277,63,2979,156.09,42
1784972278,54,2979,153.42,42
1784972279,50,2979,154.18,42
1784972280,58,2979,153.50,42
1784972281,44,2979,152.79,42
1784972282,63,2979,152.65,42
1784972283,57,2979,151.61,42
1784972284,60,2979,151.39,42
1784972286,42,2979,153.31,42
1784972287,50,2979,152.07,42
1784972288,54,2979,154.10,42
1784972289,51,2979,150.42,42
1784972290,52,2979,149.00,42
1784972291,50,2979,148.54,42
1784972292,39,2979,147.30,41
1784972293,53,2979,150.81,41
1784972294,58,2979,149.76,41
1784972295,55,2979,149.30,41
1784972296,58,2979,147.29,41
1784972298,55,2979,148.38,41
1784972299,56,2979,148.11,41
1784972300,64,2979,147.55,41
1784972301,60,2979,146.20,41
1784972302,63,2979,149.78,41
1784972303,58,2979,148.88,41
1784972304,58,2979,148.25,41
1784972305,62,2979,151.51,41
1784972306,67,2979,148.65,41
1784972307,70,2979,148.93,41
1784972308,65,2979,146.69,41
1784972310,67,2979,149.88,41
1784972311,66,2979,149.59,41
1784972312,60,2979,147.38,41
1784972313,72,2979,152.53,41
1784972314,70,2979,151.49,41
1784972315,78,2979,151.09,41
1784972316,74,2979,149.81,41
1784972317,76,2979,150.27,41
1784972318,79,2979,152.23,41
1784972319,83,2979,150.71,41
1784972321,80,2979,153.97,41
1784972322,82,2979,154.71,41
1784972323,79,2979,153.70,41
1784972324,80,2979,152.80,41
1784972325,79,2979,154.14,41
1784972326,82,2979,153.71,41
1784972327,84,2979,154.97,41
1784972328,86,2979,154.54,41
1784972329,83,2979,155.31,41
1784972330,86,2979,156.25,41
1784972331,75,2979,155.55,41
1784972332,84,2979,155.22,41
1784972334,82,2979,152.52,41
1784972335,70,2979,154.10,41
1784972336,83,2979,153.13,41
1784972337,73,2979,153.02,41
1784972338,74,2979,154.31,41
1784972339,86,2979,155.09,41
1784972340,86,2979,154.68,41
1784972341,75,2979,153.10,41
1784972342,87,2979,154.32,41
1784972343,89,2979,155.14,41
1784972344,76,2979,152.74,41
1784972345,90,2979,154.89,41
1784972347,91,2979,155.02,41
1784972348,74,2979,153.54,41
1784972349,88,2979,154.74,41
1784972350,88,2979,155.15,41
1784972351,87,2979,153.27,41
1784972352,87,2979,152.51,41
1784972353,90,2979,153.77,41
1784972354,78,2979,152.79,41
1784972355,89,2979,151.67,41
1784972356,87,2979,155.01,41
1784972357,86,2979,152.49,41
1784972359,89,2979,150.42,41
1784972360,90,2979,152.79,41
1784972361,76,2979,150.74,41
1784972362,71,2979,150.65,41
1784972363,77,2979,148.17,41
1784972364,79,2979,151.08,41
1784972365,84,2979,149.84,41
1784972366,80,2979,152.02,41
1784972367,77,2979,149.23,41
1784972368,78,2979,149.80,41
1784972369,74,2979,149.71,41
1784972371,69,2979,148.96,41
1784972372,68,2979,148.22,41
1784972373,48,2979,140.13,40
1784972374,0,2979,118.23,40
1784972375,0,2979,117.31,40
1784972376,0,2979,117.17,40
1784972377,0,2979,117.54,40
1784972378,0,2979,117.04,40
1784972379,0,2979,117.23,40
1784972380,0,2979,116.96,40
1784972381,0,2979,116.97,40
1784972383,0,2979,117.13,40
1784972384,0,2979,116.86,39
1784972385,0,2979,117.09,39
1784972386,0,2979,116.76,39
1784972387,96,2979,263.95,43
1784972388,96,2979,278.29,43
1784972389,96,2979,281.18,44
1784972390,96,2979,281.31,44
1784972391,96,2979,282.23,45
1784972392,96,2979,285.44,45
1784972394,96,2979,285.70,45
1784972395,96,2979,281.74,45
1784972396,96,2979,280.16,45
1784972397,96,2979,283.70,45
1784972398,62,2979,180.54,43
1784972399,69,2979,158.96,42
1784972400,60,2979,155.48,42
1784972401,64,2979,155.54,42
1784972402,60,2979,151.23,42
1784972403,61,2979,153.45,42
1784972404,59,2979,156.50,42
1784972406,60,2979,155.10,42
1784972407,59,2979,152.54,42
1784972408,59,2979,151.71,42
1784972409,53,2979,150.52,41
1784972410,51,2979,151.03,42
1784972411,48,2979,149.95,42
1784972412,51,2979,147.42,41
1784972413,57,2979,150.12,42
1784972414,50,2979,151.08,41
1784972415,56,2979,149.66,41
1784972416,52,2979,150.14,41
1784972418,55,2979,153.25,41
1784972419,43,2979,148.45,41
1784972420,56,2979,148.13,41
1784972421,66,2979,152.29,41
1784972422,55,2979,152.15,41
1784972423,61,2979,149.35,41
1784972424,64,2979,153.45,41
1784972425,55,2979,150.45,41
1784972426,46,2979,149.13,41
1784972427,66,2979,153.68,41
1784972428,66,2979,150.95,41
1784972429,40,2979,149.98,41
1784972431,67,2979,150.97,41
1784972432,71,2979,152.03,41
1784972433,68,2979,152.84,41
1784972434,68,2979,149.19,41
1784972435,73,2979,150.98,41
1784972436,78,2979,151.83,41
1784972437,80,2979,150.27,41
1784972438,79,2979,151.70,41
1784972439,76,2979,152.87,41
1784972440,74,2979,152.51,41
1784972441,76,2979,150.76,41
1784972443,76,2979,153.25,41
1784972444,80,2979,153.41,41
1784972445,83,2979,153.04,41
1784972446,85,2979,151.58,41
1784972447,85,2979,152.18,41
1784972448,85,2979,154.07,41
1784972449,88,2979,155.41,41
1784972450,86,2979,154.83,41
1784972451,89,2979,154.18,41
1784972452,76,2979,154.03,41
1784972453,69,2979,153.72,41
1784972455,86,2979,153.85,41
1784972456,84,2979,154.04,41
1784972457,82,2979,150.88,41
1784972458,84,2979,153.39,41
1784972459,83,2979,152.35,41
1784972460,81,2979,153.56,41
1784972461,82,2979,151.67,41
1784972462,81,2979,151.11,41
1784972463,76,2979,150.90,41
1784972464,78,2979,149.87,41
1784972465,77,2979,151.46,41
1784972466,75,2979,153.20,41
1784972468,82,2979,153.02,41
1784972469,85,2979,155.18,41
1784972470,79,2979,154.55,41
1784972471,70,2979,150.85,41
1784972472,79,2979,152.73,41
1784972473,72,2979,151.79,41
1784972474,85,2979,152.86,41
1784972475,84,2979,153.58,41
1784972476,83,2979,150.28,41
1784972477,83,2979,151.89,41
1784972478,86,2979,153.34,41
1784972480,83,2979,153.05,41
1784972481,77,2979,152.10,41
1784972482,76,2979,149.46,41
1784972483,79,2979,151.05,41
1784972484,76,2979,150.82,41
1784972485,65,2979,148.86,41
1784972486,73,2979,148.68,41
1784972487,80,2979,150.98,41
1784972488,81,2979,150.88,41
1784972489,78,2979,149.84,41
1784972490,71,2979,150.32,41
1784972492,71,2979,147.40,41
1784972493,64,2979,148.87,41
1784972494,75,2979,150.83,41
1784972495,76,2979,149.08,41
1784972496,73,2979,148.88,41
1784972497,74,2979,154.39,41
1784972498,60,2979,146.87,41
1784972499,28,2979,133.82,40
1784972500,0,2979,120.05,40
1784972501,0,2979,117.21,40
1784972502,0,2979,117.57,40
1784972504,0,2979,116.99,40
1784972505,0,2979,117.26,40
1784972506,0,2979,116.92,40
1784972507,0,2979,117.07,40
1784972508,0,2979,117.09,40
1784972509,96,2979,198.24,42
1784972510,96,2979,281.40,43
1784972511,96,2979,285.41,44
1784972512,96,2979,281.86,44
1784972513,96,2979,277.23,45
1784972514,96,2979,282.23,45
1784972515,97,2979,280.07,45
1784972517,96,2979,285.25,45
1784972518,96,2979,286.22,45
1784972519,96,2979,286.92,45
1784972520,70,2979,249.65,43
1784972521,39,2979,127.78,42
1784972522,39,2979,128.64,41
1784972523,40,2979,128.44,41
1784972524,37,2979,126.67,41
1784972525,35,2979,125.58,41
1784972526,37,2979,127.39,41
1784972527,38,2979,127.09,41
1784972528,39,2979,126.98,41
1784972530,37,2979,127.49,41
1784972531,39,2979,127.22,41
1784972532,38,2979,127.60,41
1784972533,38,2979,127.20,40
1784972534,38,2979,128.30,40
1784972535,39,2979,126.82,40
1784972536,40,2979,127.36,40
1784972537,38,2979,127.57,40
1784972538,39,2979,127.69,40
1784972539,36,2979,127.75,40
1784972540,38,2979,127.02,40
1784972541,6,2979,125.94,40
1784972543,6,2979,124.74,40
1784972544,7,2979,124.94,40
1784972545,21,2979,126.41,40
1784972546,11,2979,125.18,40
1784972547,24,2979,123.86,40
1784972548,2,2979,120.53,40
1784972549,41,2979,122.30,40
1784972550,36,2979,125.44,40
1784972551,0,2979,120.59,40
1784972552,0,2979,123.12,39
1784972553,36,2979,124.50,39
1784972554,36,2979,120.32,39
1784972556,0,2979,121.33,39
1784972557,0,2979,124.79,39
1784972558,35,2979,124.35,39
1784972559,39,2979,121.01,39
1784972560,0,2979,119.39,39
1784972561,0,2979,122.35,39
1784972562,0,2979,120.07,39
1784972563,3,2979,121.72,39
1784972564,41,2979,120.17,39
1784972565,25,2979,120.32,39
1784972566,19,3047,123.10,39
1784972567,41,3047,125.34,39
1784972568,42,3047,125.34,39
1784972570,42,3047,125.28,39
1784972571,42,3047,125.47,39
1784972572,41,3047,124.87,39
1784972573,42,3047,125.34,39
1784972574,41,3047,124.81,39
1784972575,41,3047,124.77,39
1784972576,41,3047,124.97,39
1784972577,42,3047,125.16,39
1784972578,41,3047,124.32,39
1784972579,42,3047,125.24,39
1784972580,42,3047,124.74,39
1784972581,41,3047,124.93,39
1784972582,40,3047,125.68,39
1784972584,42,3047,124.45,39
1784972585,40,3047,125.03,39
1784972586,42,3047,125.30,39
1784972587,42,3047,124.96,39
1784972588,41,3047,125.35,39
1784972589,41,3047,124.91,39
1784972590,41,3047,124.99,39
1784972591,39,3047,125.25,38
1784972592,41,3047,125.08,39
1784972593,42,3047,125.18,38
1784972594,42,3047,125.00,38
1784972595,40,3047,123.82,38
1784972596,40,3047,124.90,38
1784972598,41,3047,125.29,38
1784972599,40,3047,125.00,38
1784972600,41,3047,124.51,38
1784972601,39,3047,124.77,38
1784972602,39,3047,124.32,38
1784972603,40,3047,124.38,38
1784972604,40,3047,124.64,38
1784972605,41,3047,124.89,38
1784972606,40,3047,124.70,38
1784972607,41,3047,124.82,38
1784972608,39,3047,124.70,38
1784972609,41,3047,124.70,38
1784972611,42,3047,124.33,38
1784972612,41,3047,124.76,38
1784972613,42,3047,124.79,38
1784972614,41,3047,124.27,38
1784972615,41,3047,124.78,38
1784972616,41,3047,124.50,38
1784972617,41,3047,124.01,38
1784972618,41,3047,123.99,38
1784972619,42,3047,123.86,38
1784972620,41,3047,124.25,38
1784972621,41,3047,124.06,38
1784972622,41,3047,124.02,38
1784972624,41,3047,124.12,38
1784972625,42,3047,123.81,38
1784972626,42,3047,123.69,38
1784972627,42,3047,124.12,38
1784972628,42,3047,124.48,38
1784972629,41,3047,124.43,38
1784972630,42,3047,124.06,38
1784972631,41,3047,124.17,38
1784972632,41,3047,123.78,38
1784972633,41,3047,123.97,38
1784972634,41,3047,124.35,38
1784972635,42,3047,124.01,38
1784972636,42,3047,124.10,38
1784972638,41,3047,124.41,38
1784972639,41,3047,123.69,38
1784972640,41,3047,124.10,38
1784972641,41,3047,124.21,38
1784972642,41,3047,123.73,38
1784972643,41,3047,123.51,38
1784972644,40,3047,123.60,38
1784972645,41,3047,123.64,38
1784972646,41,3047,123.68,38
1784972647,39,3047,123.36,38
1784972648,41,3047,123.22,38
1784972650,40,3047,122.98,38
1784972651,39,3047,123.92,38
1784972652,41,3047,123.95,38
1784972653,40,3047,123.28,38
1784972654,40,3047,123.15,38
1784972655,40,3047,123.37,38
1784972656,40,3047,123.28,38
1784972657,41,3047,123.39,38
1784972658,41,3047,123.82,38
1784972659,40,3047,123.40,38
1784972660,41,3047,123.75,38
1784972661,41,3047,123.01,38
1784972662,41,3047,123.12,38
1784972664,41,3047,123.65,38
1784972665,42,3047,123.53,38
1784972666,42,3047,124.03,38
1784972667,42,3047,124.02,38
1784972668,41,3047,124.08,38
1784972669,41,3047,123.44,38
1784972670,41,3047,123.92,38
1784972671,42,3047,123.98,38
1784972672,41,3047,123.63,38
1784972673,41,3047,123.65,38
1784972674,42,3047,123.52,38
1784972675,41,3047,123.62,38
1784972677,41,3047,122.92,38
1784972678,41,3047,123.26,38
1784972679,40,3047,123.41,38
1784972680,41,3047,124.09,38
1784972681,39,3047,123.35,38
1784972682,40,3047,123.19,37
1784972683,40,3047,123.55,37
1784972684,39,3047,123.18,38
1784972685,40,3047,123.24,37
1784972686,40,3047,123.21,37
1784972687,40,3047,123.25,37
1784972688,41,3047,122.79,37
1784972689,41,3047,123.74,37
1784972691,40,3047,123.93,37
1784972692,40,3047,123.82,37
1784972693,40,3047,124.47,37
1784972694,41,3047,123.65,37
1784972695,41,3047,123.68,37
1784972696,41,3047,123.56,37
1784972697,40,3047,124.32,37
1784972698,41,3047,123.62,37
1784972699,41,3047,123.46,37
1784972700,42,3047,123.41,37
1784972701,41,3047,123.93,37
1784972702,42,3047,123.17,37
1784972703,40,3047,124.14,37
1784972705,40,3047,123.55,37
1784972706,42,3047,123.35,37
1784972707,41,3047,123.35,37
1784972708,41,3047,123.74,37
1784972709,42,3047,124.06,37
1784972710,42,3047,123.72,37
1784972711,41,3047,123.74,37
1784972712,42,3047,124.06,37
1784972713,41,3047,123.58,37
1784972714,41,3047,123.12,37
1784972715,41,3047,123.79,37
1784972716,40,3047,123.72,37
1784972717,40,3047,123.52,37
1784972719,39,3047,123.05,37
1784972720,17,3047,122.23,37
1784972721,38,3047,123.16,37
1784972722,40,3047,123.00,37
1784972723,40,3047,123.35,37
1784972724,41,3047,123.77,37
1784972725,41,3047,123.84,37
1784972726,41,3047,123.74,37
1784972727,40,3047,124.01,37
1784972728,41,3047,124.20,37
1784972729,40,3047,123.50,37
1784972730,40,3047,123.38,37
1784972732,40,3047,123.22,37
1784972733,41,3047,124.19,37
1784972734,40,3047,122.91,37
1784972735,40,3047,123.52,37
1784972736,41,3047,123.52,37
1784972737,41,3047,123.38,37
1784972738,41,3047,123.77,37
1784972739,41,3047,123.41,37
1784972740,42,3047,122.97,37
1784972741,41,3047,123.35,37
1784972742,42,3047,123.24,37
1784972743,41,3047,123.80,37
1784972744,42,3047,123.45,37
1784972746,41,3047,123.52,37
1784972747,42,3047,123.34,37
1784972748,41,3047,123.89,37
1784972749,42,3047,123.83,37
1784972750,42,3047,123.41,37
1784972751,41,3047,123.29,37
1784972752,41,3047,123.12,37
1784972753,41,3047,122.83,37
1784972754,40,3047,123.49,37
1784972755,40,3047,123.75,37
1784972756,40,3047,123.62,37
1784972757,39,3047,123.80,37
1784972758,38,3047,123.38,37
1784972760,39,3047,124.32,37
1784972761,40,3047,123.52,37
1784972762,41,3047,124.22,37
1784972763,41,3047,123.82,37
1784972764,40,3047,124.30,37
1784972765,41,3047,123.95,37
1784972766,41,3047,124.23,37
1784972767,41,3047,123.90,37
1784972768,41,3047,124.14,37
1784972769,41,3047,124.05,37
1784972770,42,3047,123.92,37
1784972772,41,3047,123.98,37
1784972773,42,3047,124.26,37
1784972774,42,3047,123.46,37
1784972775,41,3047,123.98,37
1784972776,41,3047,124.22,37
1784972777,42,3047,123.92,37
1784972778,42,3047,123.75,37
1784972779,41,3047,123.93,37
1784972780,41,3047,123.65,37
1784972781,41,3047,124.02,37
1784972782,40,3047,123.22,37
1784972783,40,3047,123.18,37
1784972784,38,3047,123.36,37
1784972786,39,3047,123.46,37
1784972787,41,3047,123.31,37
1784972788,40,3047,123.13,37
1784972789,40,3047,123.68,37
1784972790,41,3047,124.06,37
1784972791,41,3047,123.55,37
1784972792,41,3047,123.40,37
1784972793,40,3047,124.03,37
1784972794,40,3047,123.89,37
1784972795,41,3047,123.83,37
1784972796,41,3047,124.02,37
1784972797,41,3047,124.36,37
1784972798,42,3047,123.92,37
1784972800,42,3047,123.93,37
1784972801,42,3047,124.06,37
1784972802,42,3047,124.09,37
1784972803,41,3047,123.55,37
1784972804,42,3047,123.96,37
1784972805,41,3047,124.05,37
1784972806,42,3047,124.12,37
1784972807,41,3047,124.09,37
1784972808,42,3047,123.86,37
1784972809,41,3047,123.79,37
1784972810,41,3047,124.29,37
1784972811,41,3047,123.96,37
1784972812,41,3047,123.61,37
1784972814,40,3047,124.16,37
1784972815,39,3047,123.28,37
1784972816,39,3047,123.60,37
1784972817,40,3047,123.27,37
1784972818,37,3047,123.25,37
1784972819,38,3047,123.23,37
1784972820,40,3047,123.87,37
1784972821,40,3047,123.20,37
1784972822,40,3047,123.59,37
1784972823,41,3047,123.83,37
1784972824,41,3047,124.01,37
1784972825,41,3047,123.59,37
1784972826,41,3047,123.92,37
1784972828,41,3047,123.62,37
1784972829,41,3047,124.26,37
1784972830,41,3047,123.64,37
1784972831,42,3047,123.62,37
1784972832,42,3047,124.09,37
1784972833,41,3047,124.08,37
1784972834,42,3047,123.86,37
1784972835,42,3047,123.78,37
1784972836,42,3047,124.05,37
1784972837,42,3047,123.97,37
1784972838,42,3047,124.08,37
1784972839,42,3047,123.93,37
1784972841,42,3047,123.75,37
1784972842,42,3047,124.00,37
1784972843,41,3047,124.06,37
1784972844,42,3047,124.19,37
1784972845,41,3047,124.20,37
1784972846,41,3047,124.07,37
1784972847,40,3047,122.77,37
1784972848,41,3047,124.06,37
1784972849,31,3047,122.72,37
1784972850,40,3047,123.63,37
1784972851,41,3047,123.28,37
1784972852,39,3047,123.30,37
1784972853,39,3047,123.22,37
1784972855,39,3047,123.59,37
1784972856,41,3047,123.73,37
1784972857,41,3047,123.83,37
1784972858,41,3047,124.23,37
1784972859,41,3047,124.81,37
1784972860,41,3047,124.41,37
1784972861,41,3047,123.21,37
1784972862,42,3047,123.79,37
1784972863,42,3047,123.84,37
1784972864,42,3047,124.44,37
1784972865,42,3047,123.68,37
1784972866,42,3047,123.68,37
1784972867,42,3047,123.68,37
1784972869,41,3047,123.97,37
1784972870,41,3047,124.13,37
1784972871,42,3047,123.61,37
1784972872,41,3047,123.43,37
1784972873,42,3047,124.12,37
1784972874,41,3047,123.85,37
1784972875,41,3047,123.46,37
1784972876,41,3047,123.92,37
1784972877,41,3047,123.43,37
1784972878,41,3047,123.82,37
1784972879,40,3047,123.49,37
1784972880,37,3047,123.31,37
1784972881,38,3047,123.78,37
1784972883,41,3047,123.44,37
1784972884,40,3047,123.49,37
1784972885,40,3047,123.30,37
1784972886,40,3047,123.40,37
1784972887,40,3047,124.04,37
1784972888,41,3047,124.39,37
1784972889,41,3047,123.56,37
1784972890,40,3047,123.72,37
1784972891,40,3047,123.75,37
1784972892,41,3047,123.43,37
1784972893,42,3047,123.66,37
1784972894,42,3047,123.90,37
1784972896,42,3047,123.80,37
1784972897,42,3047,124.22,37
1784972898,42,3047,123.89,37
1784972899,42,3047,124.05,37
1784972900,42,3047,124.17,37
1784972901,41,3047,123.46,37
1784972902,42,3047,124.09,37
1784972903,42,3047,123.93,37
1784972904,42,3047,123.93,37
1784972905,42,3047,123.59,37
1784972906,41,3047,123.55,37
1784972907,41,3047,123.55,37
1784972909,33,3047,123.29,37
1784972910,41,3047,123.80,37
1784972911,38,3047,123.28,37
1784972912,38,3047,123.01,37
1784972913,38,3047,123.65,37
1784972914,38,3047,122.70,37
1784972915,38,3047,123.03,37
1784972916,40,3047,123.38,37
1784972917,40,3047,123.23,37
1784972918,41,3047,124.19,37
1784972919,41,3047,123.64,37
1784972920,41,3047,124.06,37
1784972922,40,3047,124.08,37
1784972923,41,3047,123.72,37
1784972924,41,3047,123.78,37
1784972925,42,3047,123.75,37
1784972926,41,3047,124.54,37
1784972927,42,3047,123.62,37
1784972928,41,3047,123.83,37
1784972929,41,3047,123.86,37
1784972930,41,3047,124.27,37
1784972931,42,3047,123.74,37
1784972932,41,3047,123.96,37
1784972933,42,3047,124.13,37
1784972935,41,3047,123.93,37
1784972936,42,3047,124.20,37
1784972937,42,3047,123.62,37
1784972938,42,3047,124.03,37
1784972939,42,3047,123.81,37
1784972940,42,3047,123.93,37
1784972941,42,3047,123.65,37
1784972942,41,3047,123.08,37
1784972943,42,3047,123.51,37
1784972944,42,3047,123.22,37
1784972945,42,3047,123.86,37
1784972946,41,3047,123.02,37
1784972947,42,3047,123.55,37
1784972949,42,3047,123.62,37
1784972950,42,3047,123.66,37
1784972951,41,3047,123.32,37
1784972952,41,3047,123.23,37
1784972953,41,3047,123.52,37
1784972954,41,3047,123.82,37
1784972955,41,3047,123.59,37
1784972956,41,3047,122.91,37
1784972957,40,3047,122.85,37
1784972958,1,1984,115.14,37
